composer,title,split,version,folder,xml_score,midi_score,midi_performance,audio_performance,midi_path,audio_path,duration_sec,robust_note_alignment,henle
Bach,Fugue_bwv_848,train,"['v1', 'v2', 'v3']",Bach/Fugue/bwv_848,Bach/Fugue/bwv_848/xml_score.musicxml,Bach/Fugue/bwv_848/midi_score.mid,Bach/Fugue/bwv_848/Denisova06M.mid,Bach/Fugue/bwv_848/Denisova06M.wav,2008/MIDI-Unprocessed_02_R1_2008_01-05_ORIG_MID--AUDIO_02_R1_2008_wav--1.midi,2008/MIDI-Unprocessed_02_R1_2008_01-05_ORIG_MID--AUDIO_02_R1_2008_wav--1.wav,180.019852,1.0,6
Bach,Fugue_bwv_848,train,"['v1', 'v2', 'v3']",Bach/Fugue/bwv_848,Bach/Fugue/bwv_848/xml_score.musicxml,Bach/Fugue/bwv_848/midi_score.mid,Bach/Fugue/bwv_848/Lin04M.mid,Bach/Fugue/bwv_848/Lin04M.wav,2008/MIDI-Unprocessed_10_R1_2008_01-04_ORIG_MID--AUDIO_10_R1_2008_wav--1.midi,2008/MIDI-Unprocessed_10_R1_2008_01-04_ORIG_MID--AUDIO_10_R1_2008_wav--1.wav,195.6889069,1.0,6
Bach,Fugue_bwv_848,train,"['v1', 'v2', 'v3']",Bach/Fugue/bwv_848,Bach/Fugue/bwv_848/xml_score.musicxml,Bach/Fugue/bwv_848/midi_score.mid,Bach/Fugue/bwv_848/Lou01M.mid,Bach/Fugue/bwv_848/Lou01M.wav,2011/MIDI-Unprocessed_24_R1_2011_MID--AUDIO_R1-D9_08_Track08_wav.midi,2011/MIDI-Unprocessed_24_R1_2011_MID--AUDIO_R1-D9_08_Track08_wav.wav,202.5492098,1.0,6
Bach,Fugue_bwv_848,train,"['v1', 'v2', 'v3']",Bach/Fugue/bwv_848,Bach/Fugue/bwv_848/xml_score.musicxml,Bach/Fugue/bwv_848/midi_score.mid,Bach/Fugue/bwv_848/MiyashitaM01M.mid,Bach/Fugue/bwv_848/MiyashitaM01M.wav,2015/MIDI-Unprocessed_R1_D1-9-12_mid--AUDIO-from_mp3_09_R1_2015_wav--1.midi,2015/MIDI-Unprocessed_R1_D1-9-12_mid--AUDIO-from_mp3_09_R1_2015_wav--1.wav,217.7302083,1.0,6
Bach,Fugue_bwv_848,train,"['v1', 'v2', 'v3']",Bach/Fugue/bwv_848,Bach/Fugue/bwv_848/xml_score.musicxml,Bach/Fugue/bwv_848/midi_score.mid,Bach/Fugue/bwv_848/Mizumoto03M.mid,Bach/Fugue/bwv_848/Mizumoto03M.wav,2011/MIDI-Unprocessed_12_R1_2011_MID--AUDIO_R1-D4_15_Track15_wav.midi,2011/MIDI-Unprocessed_12_R1_2011_MID--AUDIO_R1-D4_15_Track15_wav.wav,202.9591988,1.0,6
Bach,Fugue_bwv_848,train,"['v1', 'v2', 'v3']",Bach/Fugue/bwv_848,Bach/Fugue/bwv_848/xml_score.musicxml,Bach/Fugue/bwv_848/midi_score.mid,Bach/Fugue/bwv_848/SunY01M.mid,Bach/Fugue/bwv_848/SunY01M.wav,2017/MIDI-Unprocessed_059_PIANO059_MID--AUDIO-split_07-07-17_Piano-e_2-03_wav--1.midi,2017/MIDI-Unprocessed_059_PIANO059_MID--AUDIO-split_07-07-17_Piano-e_2-03_wav--1.wav,194.0471261,1.0,6
Bach,Fugue_bwv_848,train,"['v1', 'v2', 'v3']",Bach/Fugue/bwv_848,Bach/Fugue/bwv_848/xml_score.musicxml,Bach/Fugue/bwv_848/midi_score.mid,Bach/Fugue/bwv_848/Zhou01M.mid,Bach/Fugue/bwv_848/Zhou01M.wav,2011/MIDI-Unprocessed_04_R1_2011_MID--AUDIO_R1-D2_02_Track02_wav.midi,2011/MIDI-Unprocessed_04_R1_2011_MID--AUDIO_R1-D2_02_Track02_wav.wav,208.3785309,1.0,6
Beethoven,Piano_Sonatas_21-1,train,"['v1', 'v2', 'v3']",Beethoven/Piano_Sonatas/21-1_no_repeat,Beethoven/Piano_Sonatas/21-1_no_repeat/xml_score.musicxml,Beethoven/Piano_Sonatas/21-1_no_repeat/midi_score.mid,Beethoven/Piano_Sonatas/21-1_no_repeat/GonzalezJ06M.mid,Beethoven/Piano_Sonatas/21-1_no_repeat/GonzalezJ06M.wav,2014/MIDI-UNPROCESSED_01-03_R1_2014_MID--AUDIO_03_R1_2014_wav--3.midi,2014/MIDI-UNPROCESSED_01-03_R1_2014_MID--AUDIO_03_R1_2014_wav--3.wav,470.2893267,1.0,9
Beethoven,Piano_Sonatas_21-1,train,"['v1', 'v2', 'v3']",Beethoven/Piano_Sonatas/21-1_no_repeat,Beethoven/Piano_Sonatas/21-1_no_repeat/xml_score.musicxml,Beethoven/Piano_Sonatas/21-1_no_repeat/midi_score.mid,Beethoven/Piano_Sonatas/21-1_no_repeat/KimSY02M.mid,Beethoven/Piano_Sonatas/21-1_no_repeat/KimSY02M.wav,2018/MIDI-Unprocessed_Recital17-19_MID--AUDIO_18_R1_2018_wav--1.midi,2018/MIDI-Unprocessed_Recital17-19_MID--AUDIO_18_R1_2018_wav--1.wav,1306.740146,1.0,9
Beethoven,Piano_Sonatas_21-1,train,"['v1', 'v2', 'v3']",Beethoven/Piano_Sonatas/21-1_no_repeat,Beethoven/Piano_Sonatas/21-1_no_repeat/xml_score.musicxml,Beethoven/Piano_Sonatas/21-1_no_repeat/midi_score.mid,Beethoven/Piano_Sonatas/21-1_no_repeat/LeeN02M.mid,Beethoven/Piano_Sonatas/21-1_no_repeat/LeeN02M.wav,2015/MIDI-Unprocessed_R1_D1-1-8_mid--AUDIO-from_mp3_07_R1_2015_wav--2.midi,2015/MIDI-Unprocessed_R1_D1-1-8_mid--AUDIO-from_mp3_07_R1_2015_wav--2.wav,484.2260417,1.0,9
Beethoven,Piano_Sonatas_21-1,train,"['v1', 'v2', 'v3']",Beethoven/Piano_Sonatas/21-1_no_repeat,Beethoven/Piano_Sonatas/21-1_no_repeat/xml_score.musicxml,Beethoven/Piano_Sonatas/21-1_no_repeat/midi_score.mid,Beethoven/Piano_Sonatas/21-1_no_repeat/RichardsonC02M.mid,Beethoven/Piano_Sonatas/21-1_no_repeat/RichardsonC02M.wav,2015/MIDI-Unprocessed_R1_D1-1-8_mid--AUDIO-from_mp3_08_R1_2015_wav--2.midi,2015/MIDI-Unprocessed_R1_D1-1-8_mid--AUDIO-from_mp3_08_R1_2015_wav--2.wav,504.6104167,1.0,9
Beethoven,Piano_Sonatas_21-1,train,"['v1', 'v2', 'v3']",Beethoven/Piano_Sonatas/21-1_no_repeat,Beethoven/Piano_Sonatas/21-1_no_repeat/xml_score.musicxml,Beethoven/Piano_Sonatas/21-1_no_repeat/midi_score.mid,Beethoven/Piano_Sonatas/21-1_no_repeat/Shychko02M.mid,Beethoven/Piano_Sonatas/21-1_no_repeat/Shychko02M.wav,2011/MIDI-Unprocessed_11_R1_2011_MID--AUDIO_R1-D4_08_Track08_wav.midi,2011/MIDI-Unprocessed_11_R1_2011_MID--AUDIO_R1-D4_08_Track08_wav.wav,519.5601108,1.0,9
Beethoven,Piano_Sonatas_21-1,train,"['v1', 'v2', 'v3']",Beethoven/Piano_Sonatas/21-1_no_repeat,Beethoven/Piano_Sonatas/21-1_no_repeat/xml_score.musicxml,Beethoven/Piano_Sonatas/21-1_no_repeat/midi_score.mid,Beethoven/Piano_Sonatas/21-1_no_repeat/Sladek02M.mid,Beethoven/Piano_Sonatas/21-1_no_repeat/Sladek02M.wav,2011/MIDI-Unprocessed_18_R1_2011_MID--AUDIO_R1-D7_08_Track08_wav.midi,2011/MIDI-Unprocessed_18_R1_2011_MID--AUDIO_R1-D7_08_Track08_wav.wav,489.6789975,1.0,9
Beethoven,Piano_Sonatas_21-1,train,"['v1', 'v2', 'v3']",Beethoven/Piano_Sonatas/21-1_no_repeat,Beethoven/Piano_Sonatas/21-1_no_repeat/xml_score.musicxml,Beethoven/Piano_Sonatas/21-1_no_repeat/midi_score.mid,Beethoven/Piano_Sonatas/21-1_no_repeat/Song03M.mid,Beethoven/Piano_Sonatas/21-1_no_repeat/Song03M.wav,2011/MIDI-Unprocessed_13_R1_2011_MID--AUDIO_R1-D5_04_Track04_wav.midi,2011/MIDI-Unprocessed_13_R1_2011_MID--AUDIO_R1-D5_04_Track04_wav.wav,521.5646494,1.0,9
Beethoven,Piano_Sonatas_21-1,train,"['v1', 'v2', 'v3']",Beethoven/Piano_Sonatas/21-1_no_repeat,Beethoven/Piano_Sonatas/21-1_no_repeat/xml_score.musicxml,Beethoven/Piano_Sonatas/21-1_no_repeat/midi_score.mid,Beethoven/Piano_Sonatas/21-1_no_repeat/SunY02M.mid,Beethoven/Piano_Sonatas/21-1_no_repeat/SunY02M.wav,2017/MIDI-Unprocessed_059_PIANO059_MID--AUDIO-split_07-07-17_Piano-e_2-03_wav--2.midi,2017/MIDI-Unprocessed_059_PIANO059_MID--AUDIO-split_07-07-17_Piano-e_2-03_wav--2.wav,480.3961503,1.0,9
Beethoven,Piano_Sonatas_21-1,train,"['v1', 'v2', 'v3']",Beethoven/Piano_Sonatas/21-1_no_repeat,Beethoven/Piano_Sonatas/21-1_no_repeat/xml_score.musicxml,Beethoven/Piano_Sonatas/21-1_no_repeat/midi_score.mid,Beethoven/Piano_Sonatas/21-1_no_repeat/Tetzloff05M.mid,Beethoven/Piano_Sonatas/21-1_no_repeat/Tetzloff05M.wav,2008/MIDI-Unprocessed_15_R1_2008_01-04_ORIG_MID--AUDIO_15_R1_2008_wav--2.midi,2008/MIDI-Unprocessed_15_R1_2008_01-04_ORIG_MID--AUDIO_15_R1_2008_wav--2.wav,481.751655,1.0,9
Beethoven,Piano_Sonatas_21-1,train,"['v1', 'v2', 'v3']",Beethoven/Piano_Sonatas/21-1_no_repeat,Beethoven/Piano_Sonatas/21-1_no_repeat/xml_score.musicxml,Beethoven/Piano_Sonatas/21-1_no_repeat/midi_score.mid,Beethoven/Piano_Sonatas/21-1_no_repeat/ToA02M.mid,Beethoven/Piano_Sonatas/21-1_no_repeat/ToA02M.wav,2017/MIDI-Unprocessed_048_PIANO048_MID--AUDIO-split_07-06-17_Piano-e_2-05_wav--2.midi,2017/MIDI-Unprocessed_048_PIANO048_MID--AUDIO-split_07-06-17_Piano-e_2-05_wav--2.wav,484.1910035,1.0,9
Beethoven,Piano_Sonatas_21-1,train,"['v1', 'v2', 'v3']",Beethoven/Piano_Sonatas/21-1_no_repeat,Beethoven/Piano_Sonatas/21-1_no_repeat/xml_score.musicxml,Beethoven/Piano_Sonatas/21-1_no_repeat/midi_score.mid,Beethoven/Piano_Sonatas/21-1_no_repeat/TongB03M.mid,Beethoven/Piano_Sonatas/21-1_no_repeat/TongB03M.wav,2017/MIDI-Unprocessed_056_PIANO056_MID--AUDIO-split_07-07-17_Piano-e_1-05_wav--3.midi,2017/MIDI-Unprocessed_056_PIANO056_MID--AUDIO-split_07-07-17_Piano-e_1-05_wav--3.wav,501.5189101,1.0,9
Beethoven,Piano_Sonatas_21-1,train,"['v1', 'v2', 'v3']",Beethoven/Piano_Sonatas/21-1_no_repeat,Beethoven/Piano_Sonatas/21-1_no_repeat/xml_score.musicxml,Beethoven/Piano_Sonatas/21-1_no_repeat/midi_score.mid,Beethoven/Piano_Sonatas/21-1_no_repeat/WangA02M.mid,Beethoven/Piano_Sonatas/21-1_no_repeat/WangA02M.wav,2017/MIDI-Unprocessed_041_PIANO041_MID--AUDIO-split_07-06-17_Piano-e_1-01_wav--2.midi,2017/MIDI-Unprocessed_041_PIANO041_MID--AUDIO-split_07-06-17_Piano-e_1-01_wav--2.wav,473.1931942,1.0,9
Beethoven,Piano_Sonatas_21-1,train,"['v1', 'v2', 'v3']",Beethoven/Piano_Sonatas/21-1_no_repeat,Beethoven/Piano_Sonatas/21-1_no_repeat/xml_score.musicxml,Beethoven/Piano_Sonatas/21-1_no_repeat/midi_score.mid,Beethoven/Piano_Sonatas/21-1_no_repeat/YeZ02M.mid,Beethoven/Piano_Sonatas/21-1_no_repeat/YeZ02M.wav,2013/ORIG-MIDI_01_7_6_13_Group__MID--AUDIO_03_R1_2013_wav--2.midi,2013/ORIG-MIDI_01_7_6_13_Group__MID--AUDIO_03_R1_2013_wav--2.wav,534.7016555,1.0,9
Beethoven,Piano_Sonatas_21-1,train,"['v1', 'v2', 'v3']",Beethoven/Piano_Sonatas/21-1_no_repeat,Beethoven/Piano_Sonatas/21-1_no_repeat/xml_score.musicxml,Beethoven/Piano_Sonatas/21-1_no_repeat/midi_score.mid,Beethoven/Piano_Sonatas/21-1_no_repeat/ZhangW01M.mid,Beethoven/Piano_Sonatas/21-1_no_repeat/ZhangW01M.wav,2017/MIDI-Unprocessed_062_PIANO062_MID--AUDIO-split_07-07-17_Piano-e_2-07_wav--1.midi,2017/MIDI-Unprocessed_062_PIANO062_MID--AUDIO-split_07-07-17_Piano-e_2-07_wav--1.wav,488.3330772,1.0,9
Beethoven,Piano_Sonatas_11-1,validation,"['v1', 'v2', 'v3']",Beethoven/Piano_Sonatas/11-1,Beethoven/Piano_Sonatas/11-1/xml_score.musicxml,Beethoven/Piano_Sonatas/11-1/midi_score.mid,Beethoven/Piano_Sonatas/11-1/LiC03M.mid,Beethoven/Piano_Sonatas/11-1/LiC03M.wav,2017/MIDI-Unprocessed_058_PIANO058_MID--AUDIO-split_07-07-17_Piano-e_2-02_wav--3.midi,2017/MIDI-Unprocessed_058_PIANO058_MID--AUDIO-split_07-07-17_Piano-e_2-02_wav--3.wav,321.7943634,1.0,7
Beethoven,Piano_Sonatas_11-1,validation,"['v1', 'v2', 'v3']",Beethoven/Piano_Sonatas/11-1,Beethoven/Piano_Sonatas/11-1/xml_score.musicxml,Beethoven/Piano_Sonatas/11-1/midi_score.mid,Beethoven/Piano_Sonatas/11-1/LiYZ03M.mid,Beethoven/Piano_Sonatas/11-1/LiYZ03M.wav,2015/MIDI-Unprocessed_R1_D1-1-8_mid--AUDIO-from_mp3_03_R1_2015_wav--3.midi,2015/MIDI-Unprocessed_R1_D1-1-8_mid--AUDIO-from_mp3_03_R1_2015_wav--3.wav,336.2583333,1.0,7
Beethoven,Piano_Sonatas_11-1,validation,"['v1', 'v2', 'v3']",Beethoven/Piano_Sonatas/11-1,Beethoven/Piano_Sonatas/11-1/xml_score.musicxml,Beethoven/Piano_Sonatas/11-1/midi_score.mid,Beethoven/Piano_Sonatas/11-1/MaximovI02M.mid,Beethoven/Piano_Sonatas/11-1/MaximovI02M.wav,2014/MIDI-UNPROCESSED_16-18_R1_2014_MID--AUDIO_16_R1_2014_wav--2.midi,2014/MIDI-UNPROCESSED_16-18_R1_2014_MID--AUDIO_16_R1_2014_wav--2.wav,1320.414011,0.0,7
Beethoven,Piano_Sonatas_11-1,validation,"['v1', 'v2', 'v3']",Beethoven/Piano_Sonatas/11-1,Beethoven/Piano_Sonatas/11-1/xml_score.musicxml,Beethoven/Piano_Sonatas/11-1/midi_score.mid,Beethoven/Piano_Sonatas/11-1/ZhaoK02M.mid,Beethoven/Piano_Sonatas/11-1/ZhaoK02M.wav,2015/MIDI-Unprocessed_R1_D2-13-20_mid--AUDIO-from_mp3_13_R1_2015_wav--2.midi,2015/MIDI-Unprocessed_R1_D2-13-20_mid--AUDIO-from_mp3_13_R1_2015_wav--2.wav,318.44375,1.0,7
Beethoven,Piano_Sonatas_27-1,validation,"['v1', 'v2', 'v3']",Beethoven/Piano_Sonatas/27-1,Beethoven/Piano_Sonatas/27-1/xml_score.musicxml,Beethoven/Piano_Sonatas/27-1/midi_score.mid,Beethoven/Piano_Sonatas/27-1/GiacomelliN04M.mid,Beethoven/Piano_Sonatas/27-1/GiacomelliN04M.wav,2018/MIDI-Unprocessed_Recital4_MID--AUDIO_04_R1_2018_wav--3.midi,2018/MIDI-Unprocessed_Recital4_MID--AUDIO_04_R1_2018_wav--3.wav,760.2770175,1.0,7
Beethoven,Piano_Sonatas_27-1,validation,"['v1', 'v2', 'v3']",Beethoven/Piano_Sonatas/27-1,Beethoven/Piano_Sonatas/27-1/xml_score.musicxml,Beethoven/Piano_Sonatas/27-1/midi_score.mid,Beethoven/Piano_Sonatas/27-1/Ko05M.mid,Beethoven/Piano_Sonatas/27-1/Ko05M.wav,2008/MIDI-Unprocessed_07_R1_2008_01-04_ORIG_MID--AUDIO_07_R1_2008_wav--2.midi,2008/MIDI-Unprocessed_07_R1_2008_01-04_ORIG_MID--AUDIO_07_R1_2008_wav--2.wav,308.5360163,1.0,7
Beethoven,Piano_Sonatas_27-1,validation,"['v1', 'v2', 'v3']",Beethoven/Piano_Sonatas/27-1,Beethoven/Piano_Sonatas/27-1/xml_score.musicxml,Beethoven/Piano_Sonatas/27-1/midi_score.mid,Beethoven/Piano_Sonatas/27-1/MiyashitaM02M.mid,Beethoven/Piano_Sonatas/27-1/MiyashitaM02M.wav,2017/MIDI-Unprocessed_051_PIANO051_MID--AUDIO-split_07-06-17_Piano-e_3-02_wav--2.midi,2017/MIDI-Unprocessed_051_PIANO051_MID--AUDIO-split_07-06-17_Piano-e_3-02_wav--2.wav,318.4204483,1.0,7
Beethoven,Piano_Sonatas_18-1,test,"['v1', 'v2', 'v3']",Beethoven/Piano_Sonatas/18-1,Beethoven/Piano_Sonatas/18-1/xml_score.musicxml,Beethoven/Piano_Sonatas/18-1/midi_score.mid,Beethoven/Piano_Sonatas/18-1/ChenGuang03M.mid,Beethoven/Piano_Sonatas/18-1/ChenGuang03M.wav,2014/MIDI-UNPROCESSED_04-05_R1_2014_MID--AUDIO_04_R1_2014_wav--2.midi,2014/MIDI-UNPROCESSED_04-05_R1_2014_MID--AUDIO_04_R1_2014_wav--2.wav,1206.218078,1.0,8
Beethoven,Piano_Sonatas_18-1,test,"['v1', 'v2', 'v3']",Beethoven/Piano_Sonatas/18-1,Beethoven/Piano_Sonatas/18-1/xml_score.musicxml,Beethoven/Piano_Sonatas/18-1/midi_score.mid,Beethoven/Piano_Sonatas/18-1/KOLESO06M.mid,Beethoven/Piano_Sonatas/18-1/KOLESO06M.wav,2004/MIDI-Unprocessed_XP_15_R1_2004_03_ORIG_MID--AUDIO_15_R1_2004_03_Track03_wav.midi,2004/MIDI-Unprocessed_XP_15_R1_2004_03_ORIG_MID--AUDIO_15_R1_2004_03_Track03_wav.wav,1118.901614,0.0,8
Beethoven,Piano_Sonatas_18-1,test,"['v1', 'v2', 'v3']",Beethoven/Piano_Sonatas/18-1,Beethoven/Piano_Sonatas/18-1/xml_score.musicxml,Beethoven/Piano_Sonatas/18-1/midi_score.mid,Beethoven/Piano_Sonatas/18-1/LeungR02M.mid,Beethoven/Piano_Sonatas/18-1/LeungR02M.wav,2017/MIDI-Unprocessed_066_PIANO066_MID--AUDIO-split_07-07-17_Piano-e_3-02_wav--2.midi,2017/MIDI-Unprocessed_066_PIANO066_MID--AUDIO-split_07-07-17_Piano-e_3-02_wav--2.wav,353.245064,1.0,8
Beethoven,Piano_Sonatas_18-1,test,"['v1', 'v2', 'v3']",Beethoven/Piano_Sonatas/18-1,Beethoven/Piano_Sonatas/18-1/xml_score.musicxml,Beethoven/Piano_Sonatas/18-1/midi_score.mid,Beethoven/Piano_Sonatas/18-1/Levitsky05M.mid,Beethoven/Piano_Sonatas/18-1/Levitsky05M.wav,2008/MIDI-Unprocessed_09_R1_2008_01-05_ORIG_MID--AUDIO_09_R1_2008_wav--2.midi,2008/MIDI-Unprocessed_09_R1_2008_01-05_ORIG_MID--AUDIO_09_R1_2008_wav--2.wav,351.6703214,0.0,8
Beethoven,Piano_Sonatas_18-1,test,"['v1', 'v2', 'v3']",Beethoven/Piano_Sonatas/18-1,Beethoven/Piano_Sonatas/18-1/xml_score.musicxml,Beethoven/Piano_Sonatas/18-1/midi_score.mid,Beethoven/Piano_Sonatas/18-1/ZhangH05M.mid,Beethoven/Piano_Sonatas/18-1/ZhangH05M.wav,2008/MIDI-Unprocessed_18_R1_2008_01-04_ORIG_MID--AUDIO_18_R1_2008_wav--2.midi,2008/MIDI-Unprocessed_18_R1_2008_01-04_ORIG_MID--AUDIO_18_R1_2008_wav--2.wav,352.3474041,1.0,8
Beethoven,Piano_Sonatas_18-4,test,"['v1', 'v2', 'v3']",Beethoven/Piano_Sonatas/18-4,Beethoven/Piano_Sonatas/18-4/xml_score.musicxml,Beethoven/Piano_Sonatas/18-4/midi_score.mid,Beethoven/Piano_Sonatas/18-4/ChenGuang06M.mid,Beethoven/Piano_Sonatas/18-4/ChenGuang06M.wav,2014/MIDI-UNPROCESSED_04-05_R1_2014_MID--AUDIO_04_R1_2014_wav--2.midi,2014/MIDI-UNPROCESSED_04-05_R1_2014_MID--AUDIO_04_R1_2014_wav--2.wav,1206.218078,1.0,7
Beethoven,Piano_Sonatas_18-4,test,"['v1', 'v2', 'v3']",Beethoven/Piano_Sonatas/18-4,Beethoven/Piano_Sonatas/18-4/xml_score.musicxml,Beethoven/Piano_Sonatas/18-4/midi_score.mid,Beethoven/Piano_Sonatas/18-4/KOLESO06M.mid,Beethoven/Piano_Sonatas/18-4/KOLESO06M.wav,2004/MIDI-Unprocessed_XP_15_R1_2004_03_ORIG_MID--AUDIO_15_R1_2004_03_Track03_wav.midi,2004/MIDI-Unprocessed_XP_15_R1_2004_03_ORIG_MID--AUDIO_15_R1_2004_03_Track03_wav.wav,1118.901614,1.0,7
Chopin,Scherzos_31,train,"['v1', 'v2', 'v3']",Chopin/Scherzos/31,Chopin/Scherzos/31/xml_score.musicxml,Chopin/Scherzos/31/midi_score.mid,Chopin/Scherzos/31/ChenW04M.mid,Chopin/Scherzos/31/ChenW04M.wav,2015/MIDI-Unprocessed_R1_D2-13-20_mid--AUDIO-from_mp3_20_R1_2015_wav--4.midi,2015/MIDI-Unprocessed_R1_D2-13-20_mid--AUDIO-from_mp3_20_R1_2015_wav--4.wav,622.2833333,1.0,7
Chopin,Scherzos_31,train,"['v1', 'v2', 'v3']",Chopin/Scherzos/31,Chopin/Scherzos/31/xml_score.musicxml,Chopin/Scherzos/31/midi_score.mid,Chopin/Scherzos/31/HuNY08M.mid,Chopin/Scherzos/31/HuNY08M.wav,2015/MIDI-Unprocessed_R2_D2-19-21-22_mid--AUDIO-from_mp3_22_R2_2015_wav--3.midi,2015/MIDI-Unprocessed_R2_D2-19-21-22_mid--AUDIO-from_mp3_22_R2_2015_wav--3.wav,580.7885417,1.0,7
Chopin,Scherzos_31,train,"['v1', 'v2', 'v3']",Chopin/Scherzos/31,Chopin/Scherzos/31/xml_score.musicxml,Chopin/Scherzos/31/midi_score.mid,Chopin/Scherzos/31/Jussow11M.mid,Chopin/Scherzos/31/Jussow11M.wav,2009/MIDI-Unprocessed_06_R1_2009_03-07_ORIG_MID--AUDIO_06_R1_2009_06_R1_2009_07_WAV.midi,2009/MIDI-Unprocessed_06_R1_2009_03-07_ORIG_MID--AUDIO_06_R1_2009_06_R1_2009_07_WAV.wav,565.3146056,1.0,7
Chopin,Scherzos_31,train,"['v1', 'v2', 'v3']",Chopin/Scherzos/31,Chopin/Scherzos/31/xml_score.musicxml,Chopin/Scherzos/31/midi_score.mid,Chopin/Scherzos/31/LeeN04M.mid,Chopin/Scherzos/31/LeeN04M.wav,2015/MIDI-Unprocessed_R1_D1-1-8_mid--AUDIO-from_mp3_07_R1_2015_wav--4.midi,2015/MIDI-Unprocessed_R1_D1-1-8_mid--AUDIO-from_mp3_07_R1_2015_wav--4.wav,581.9885417,1.0,7
Chopin,Scherzos_31,train,"['v1', 'v2', 'v3']",Chopin/Scherzos/31,Chopin/Scherzos/31/xml_score.musicxml,Chopin/Scherzos/31/midi_score.mid,Chopin/Scherzos/31/LinTami06M.mid,Chopin/Scherzos/31/LinTami06M.wav,2008/MIDI-Unprocessed_10_R1_2008_01-04_ORIG_MID--AUDIO_10_R1_2008_wav--3.midi,2008/MIDI-Unprocessed_10_R1_2008_01-04_ORIG_MID--AUDIO_10_R1_2008_wav--3.wav,549.7056469,1.0,7
Chopin,Scherzos_31,train,"['v1', 'v2', 'v3']",Chopin/Scherzos/31,Chopin/Scherzos/31/xml_score.musicxml,Chopin/Scherzos/31/midi_score.mid,Chopin/Scherzos/31/LuoJ12M.mid,Chopin/Scherzos/31/LuoJ12M.wav,2015/MIDI-Unprocessed_R2_D1-2-3-6-7-8-11_mid--AUDIO-from_mp3_06_R2_2015_wav--4.midi,2015/MIDI-Unprocessed_R2_D1-2-3-6-7-8-11_mid--AUDIO-from_mp3_06_R2_2015_wav--4.wav,536.0885417,1.0,7
Chopin,Scherzos_31,train,"['v1', 'v2', 'v3']",Chopin/Scherzos/31,Chopin/Scherzos/31/xml_score.musicxml,Chopin/Scherzos/31/midi_score.mid,Chopin/Scherzos/31/SunD04M.mid,Chopin/Scherzos/31/SunD04M.wav,2015/MIDI-Unprocessed_R1_D2-13-20_mid--AUDIO-from_mp3_16_R1_2015_wav--4.midi,2015/MIDI-Unprocessed_R1_D2-13-20_mid--AUDIO-from_mp3_16_R1_2015_wav--4.wav,533.7333333,1.0,7
Chopin,Scherzos_31,train,"['v1', 'v2', 'v3']",Chopin/Scherzos/31,Chopin/Scherzos/31/xml_score.musicxml,Chopin/Scherzos/31/midi_score.mid,Chopin/Scherzos/31/TongB04M.mid,Chopin/Scherzos/31/TongB04M.wav,2017/MIDI-Unprocessed_056_PIANO056_MID--AUDIO-split_07-07-17_Piano-e_1-05_wav--4.midi,2017/MIDI-Unprocessed_056_PIANO056_MID--AUDIO-split_07-07-17_Piano-e_1-05_wav--4.wav,558.0485476,1.0,7
Chopin,Scherzos_31,train,"['v1', 'v2', 'v3']",Chopin/Scherzos/31,Chopin/Scherzos/31/xml_score.musicxml,Chopin/Scherzos/31/midi_score.mid,Chopin/Scherzos/31/TuanS05M.mid,Chopin/Scherzos/31/TuanS05M.wav,2017/MIDI-Unprocessed_057_PIANO057_MID--AUDIO-split_07-07-17_Piano-e_1-07_wav--5.midi,2017/MIDI-Unprocessed_057_PIANO057_MID--AUDIO-split_07-07-17_Piano-e_1-07_wav--5.wav,581.1745027,1.0,7
Chopin,Scherzos_31,train,"['v1', 'v2', 'v3']",Chopin/Scherzos/31,Chopin/Scherzos/31/xml_score.musicxml,Chopin/Scherzos/31/midi_score.mid,Chopin/Scherzos/31/ZhangW04M.mid,Chopin/Scherzos/31/ZhangW04M.wav,2017/MIDI-Unprocessed_062_PIANO062_MID--AUDIO-split_07-07-17_Piano-e_2-07_wav--4.midi,2017/MIDI-Unprocessed_062_PIANO062_MID--AUDIO-split_07-07-17_Piano-e_2-07_wav--4.wav,577.1349925,1.0,7
Chopin,Scherzos_20,validation,"['v1', 'v2', 'v3']",Chopin/Scherzos/20,Chopin/Scherzos/20/xml_score.musicxml,Chopin/Scherzos/20/midi_score.mid,Chopin/Scherzos/20/Kurz04M.mid,Chopin/Scherzos/20/Kurz04M.wav,2011/MIDI-Unprocessed_01_R1_2011_MID--AUDIO_R1-D1_06_Track06_wav.midi,2011/MIDI-Unprocessed_01_R1_2011_MID--AUDIO_R1-D1_06_Track06_wav.wav,506.0037675,1.0,8
Chopin,Scherzos_20,validation,"['v1', 'v2', 'v3']",Chopin/Scherzos/20,Chopin/Scherzos/20/xml_score.musicxml,Chopin/Scherzos/20/midi_score.mid,Chopin/Scherzos/20/ZhangYunling04M.mid,Chopin/Scherzos/20/ZhangYunling04M.wav,2011/MIDI-Unprocessed_07_R1_2011_MID--AUDIO_R1-D3_05_Track05_wav.midi,2011/MIDI-Unprocessed_07_R1_2011_MID--AUDIO_R1-D3_05_Track05_wav.wav,527.4874533,1.0,8
Chopin,Polonaises_53,test,"['v1', 'v2', 'v3']",Chopin/Polonaises/53,Chopin/Polonaises/53/xml_score.musicxml,Chopin/Polonaises/53/midi_score.mid,Chopin/Polonaises/53/Chon08M.mid,Chopin/Polonaises/53/Chon08M.wav,2011/MIDI-Unprocessed_22_R2_2011_MID--AUDIO_R2-D5_11_Track11_wav.midi,2011/MIDI-Unprocessed_22_R2_2011_MID--AUDIO_R2-D5_11_Track11_wav.wav,379.9315111,0.0,8
Chopin,Polonaises_53,test,"['v1', 'v2', 'v3']",Chopin/Polonaises/53,Chopin/Polonaises/53/xml_score.musicxml,Chopin/Polonaises/53/midi_score.mid,Chopin/Polonaises/53/YeF11M.mid,Chopin/Polonaises/53/YeF11M.wav,2013/ORIG-MIDI_03_7_8_13_Group__MID--AUDIO_19_R2_2013_wav--4.midi,2013/ORIG-MIDI_03_7_8_13_Group__MID--AUDIO_19_R2_2013_wav--4.wav,456.1266806,0.0,8
Chopin,Sonata_2_4th,test,"['v2', 'v3']",Chopin/Sonata_2/4th,Chopin/Sonata_2/4th/xml_score.musicxml,Chopin/Sonata_2/4th/midi_score.mid,Chopin/Sonata_2/4th/KaszoS16M.mid,Chopin/Sonata_2/4th/KaszoS16M.wav,2018/MIDI-Unprocessed_Recital5-7_MID--AUDIO_06_R1_2018_wav--3.midi,2018/MIDI-Unprocessed_Recital5-7_MID--AUDIO_06_R1_2018_wav--3.wav,1461.012161,0.0,9
Debussy,Images_Book_1_1_Reflets_dans_lEau,train,"['v1', 'v2', 'v3']",Debussy/Images_Book_1/1_Reflets_dans_lEau,Debussy/Images_Book_1/1_Reflets_dans_lEau/xml_score.musicxml,Debussy/Images_Book_1/1_Reflets_dans_lEau/midi_score.mid,Debussy/Images_Book_1/1_Reflets_dans_lEau/Kleisen11M.mid,Debussy/Images_Book_1/1_Reflets_dans_lEau/Kleisen11M.wav,2008/MIDI-Unprocessed_06_R2_2008_01-05_ORIG_MID--AUDIO_06_R2_2008_wav--4.midi,2008/MIDI-Unprocessed_06_R2_2008_01-05_ORIG_MID--AUDIO_06_R2_2008_wav--4.wav,281.5795795,1.0,8
Debussy,Images_Book_1_1_Reflets_dans_lEau,train,"['v1', 'v2', 'v3']",Debussy/Images_Book_1/1_Reflets_dans_lEau,Debussy/Images_Book_1/1_Reflets_dans_lEau/xml_score.musicxml,Debussy/Images_Book_1/1_Reflets_dans_lEau/midi_score.mid,Debussy/Images_Book_1/1_Reflets_dans_lEau/ParkJH13M.mid,Debussy/Images_Book_1/1_Reflets_dans_lEau/ParkJH13M.wav,2014/MIDI-UNPROCESSED_09-10_R1_2014_MID--AUDIO_10_R1_2014_wav--4.midi,2014/MIDI-UNPROCESSED_09-10_R1_2014_MID--AUDIO_10_R1_2014_wav--4.wav,903.2603147,1.0,8
Debussy,Pour_le_Piano_1,test,"['v1', 'v2', 'v3']",Debussy/Pour_le_Piano/1,Debussy/Pour_le_Piano/1/xml_score.musicxml,Debussy/Pour_le_Piano/1/midi_score.mid,Debussy/Pour_le_Piano/1/MunA12M.mid,Debussy/Pour_le_Piano/1/MunA12M.wav,2015/MIDI-Unprocessed_R2_D2-12-13-15_mid--AUDIO-from_mp3_12_R2_2015_wav--3.midi,2015/MIDI-Unprocessed_R2_D2-12-13-15_mid--AUDIO-from_mp3_12_R2_2015_wav--3.wav,738.9583333,0.0,7
Glinka,The_Lark,train,"['v1', 'v2', 'v3']",Glinka/The_Lark,Glinka/The_Lark/xml_score.musicxml,Glinka/The_Lark/midi_score.mid,Glinka/The_Lark/Denisova10M.mid,Glinka/The_Lark/Denisova10M.wav,2008/MIDI-Unprocessed_02_R1_2008_01-05_ORIG_MID--AUDIO_02_R1_2008_wav--5.midi,2008/MIDI-Unprocessed_02_R1_2008_01-05_ORIG_MID--AUDIO_02_R1_2008_wav--5.wav,326.5915538,0.0,6
Glinka,The_Lark,train,"['v1', 'v2', 'v3']",Glinka/The_Lark,Glinka/The_Lark/xml_score.musicxml,Glinka/The_Lark/midi_score.mid,Glinka/The_Lark/Kleisen07M.mid,Glinka/The_Lark/Kleisen07M.wav,2008/MIDI-Unprocessed_06_R1_2008_01-04_ORIG_MID--AUDIO_06_R1_2008_wav--4.midi,2008/MIDI-Unprocessed_06_R1_2008_01-04_ORIG_MID--AUDIO_06_R1_2008_wav--4.wav,294.3720347,0.0,6
Haydn,Keyboard_Sonatas_50-1,train,"['v1', 'v2', 'v3']",Haydn/Keyboard_Sonatas/50-1_no_repeat,Haydn/Keyboard_Sonatas/50-1_no_repeat/xml_score.musicxml,Haydn/Keyboard_Sonatas/50-1_no_repeat/midi_score.mid,Haydn/Keyboard_Sonatas/50-1_no_repeat/GalantM02M.mid,Haydn/Keyboard_Sonatas/50-1_no_repeat/GalantM02M.wav,2018/MIDI-Unprocessed_Recital8_MID--AUDIO_08_R1_2018_wav--1.midi,2018/MIDI-Unprocessed_Recital8_MID--AUDIO_08_R1_2018_wav--1.wav,809.594543,1.0,5
Haydn,Keyboard_Sonatas_50-1,train,"['v1', 'v2', 'v3']",Haydn/Keyboard_Sonatas/50-1_no_repeat,Haydn/Keyboard_Sonatas/50-1_no_repeat/xml_score.musicxml,Haydn/Keyboard_Sonatas/50-1_no_repeat/midi_score.mid,Haydn/Keyboard_Sonatas/50-1_no_repeat/HamSY02M.mid,Haydn/Keyboard_Sonatas/50-1_no_repeat/HamSY02M.wav,2014/MIDI-UNPROCESSED_19-20_R1_2014_MID--AUDIO_20_R1_2014_wav--1.midi,2014/MIDI-UNPROCESSED_19-20_R1_2014_MID--AUDIO_20_R1_2014_wav--1.wav,790.4906625,1.0,5
Haydn,Keyboard_Sonatas_50-1,train,"['v1', 'v2', 'v3']",Haydn/Keyboard_Sonatas/50-1_no_repeat,Haydn/Keyboard_Sonatas/50-1_no_repeat/xml_score.musicxml,Haydn/Keyboard_Sonatas/50-1_no_repeat/midi_score.mid,Haydn/Keyboard_Sonatas/50-1_no_repeat/Huang05M.mid,Haydn/Keyboard_Sonatas/50-1_no_repeat/Huang05M.wav,2008/MIDI-Unprocessed_04_R1_2008_01-04_ORIG_MID--AUDIO_04_R1_2008_wav--2.midi,2008/MIDI-Unprocessed_04_R1_2008_01-04_ORIG_MID--AUDIO_04_R1_2008_wav--2.wav,325.7822597,1.0,5
Haydn,Keyboard_Sonatas_50-1,train,"['v1', 'v2', 'v3']",Haydn/Keyboard_Sonatas/50-1_no_repeat,Haydn/Keyboard_Sonatas/50-1_no_repeat/xml_score.musicxml,Haydn/Keyboard_Sonatas/50-1_no_repeat/midi_score.mid,Haydn/Keyboard_Sonatas/50-1_no_repeat/JeonH03M.mid,Haydn/Keyboard_Sonatas/50-1_no_repeat/JeonH03M.wav,2015/MIDI-Unprocessed_R1_D2-13-20_mid--AUDIO-from_mp3_15_R1_2015_wav--3.midi,2015/MIDI-Unprocessed_R1_D2-13-20_mid--AUDIO-from_mp3_15_R1_2015_wav--3.wav,325.6229167,1.0,5
Haydn,Keyboard_Sonatas_50-1,train,"['v1', 'v2', 'v3']",Haydn/Keyboard_Sonatas/50-1_no_repeat,Haydn/Keyboard_Sonatas/50-1_no_repeat/xml_score.musicxml,Haydn/Keyboard_Sonatas/50-1_no_repeat/midi_score.mid,Haydn/Keyboard_Sonatas/50-1_no_repeat/KARYAG06M.mid,Haydn/Keyboard_Sonatas/50-1_no_repeat/KARYAG06M.wav,2004/MIDI-Unprocessed_SMF_13_01_2004_01-05_ORIG_MID--AUDIO_13_R1_2004_08_Track08_wav.midi,2004/MIDI-Unprocessed_SMF_13_01_2004_01-05_ORIG_MID--AUDIO_13_R1_2004_08_Track08_wav.wav,301.0984707,1.0,5
Haydn,Keyboard_Sonatas_50-1,train,"['v1', 'v2', 'v3']",Haydn/Keyboard_Sonatas/50-1_no_repeat,Haydn/Keyboard_Sonatas/50-1_no_repeat/xml_score.musicxml,Haydn/Keyboard_Sonatas/50-1_no_repeat/midi_score.mid,Haydn/Keyboard_Sonatas/50-1_no_repeat/Shi07M.mid,Haydn/Keyboard_Sonatas/50-1_no_repeat/Shi07M.wav,2009/MIDI-Unprocessed_12_R1_2009_03-05_ORIG_MID--AUDIO_12_R1_2009_12_R1_2009_03_WAV.midi,2009/MIDI-Unprocessed_12_R1_2009_03-05_ORIG_MID--AUDIO_12_R1_2009_12_R1_2009_03_WAV.wav,885.9806845,1.0,5
Haydn,Keyboard_Sonatas_50-1,train,"['v1', 'v2', 'v3']",Haydn/Keyboard_Sonatas/50-1_no_repeat,Haydn/Keyboard_Sonatas/50-1_no_repeat/xml_score.musicxml,Haydn/Keyboard_Sonatas/50-1_no_repeat/midi_score.mid,Haydn/Keyboard_Sonatas/50-1_no_repeat/YoungS02M.mid,Haydn/Keyboard_Sonatas/50-1_no_repeat/YoungS02M.wav,2015/MIDI-Unprocessed_R1_D2-21-22_mid--AUDIO-from_mp3_21_R1_2015_wav--2.midi,2015/MIDI-Unprocessed_R1_D2-21-22_mid--AUDIO-from_mp3_21_R1_2015_wav--2.wav,314.3833333,1.0,5
Haydn,Keyboard_Sonatas_39-1,validation,"['v1', 'v2', 'v3']",Haydn/Keyboard_Sonatas/39-1,Haydn/Keyboard_Sonatas/39-1/xml_score.musicxml,Haydn/Keyboard_Sonatas/39-1/midi_score.mid,Haydn/Keyboard_Sonatas/39-1/Yarden07M.mid,Haydn/Keyboard_Sonatas/39-1/Yarden07M.wav,2006/MIDI-Unprocessed_23_R1_2006_01-05_ORIG_MID--AUDIO_23_R1_2006_02_Track02_wav.midi,2006/MIDI-Unprocessed_23_R1_2006_01-05_ORIG_MID--AUDIO_23_R1_2006_02_Track02_wav.wav,830.4839452,0.0,6
Haydn,Keyboard_Sonatas_39-3,validation,"['v1', 'v2', 'v3']",Haydn/Keyboard_Sonatas/39-3,Haydn/Keyboard_Sonatas/39-3/xml_score.musicxml,Haydn/Keyboard_Sonatas/39-3/midi_score.mid,Haydn/Keyboard_Sonatas/39-3/Yarden07M.mid,Haydn/Keyboard_Sonatas/39-3/Yarden07M.wav,2006/MIDI-Unprocessed_23_R1_2006_01-05_ORIG_MID--AUDIO_23_R1_2006_02_Track02_wav.midi,2006/MIDI-Unprocessed_23_R1_2006_01-05_ORIG_MID--AUDIO_23_R1_2006_02_Track02_wav.wav,830.4839452,0.0,6
Liszt,Gran_Etudes_de_Paganini_2_La_campanella,train,"['v1', 'v2', 'v3']",Liszt/Gran_Etudes_de_Paganini/2_La_campanella,Liszt/Gran_Etudes_de_Paganini/2_La_campanella/xml_score.musicxml,Liszt/Gran_Etudes_de_Paganini/2_La_campanella/midi_score.mid,Liszt/Gran_Etudes_de_Paganini/2_La_campanella/BuiJL03M.mid,Liszt/Gran_Etudes_de_Paganini/2_La_campanella/BuiJL03M.wav,2017/MIDI-Unprocessed_046_PIANO046_MID--AUDIO-split_07-06-17_Piano-e_2-02_wav--3.midi,2017/MIDI-Unprocessed_046_PIANO046_MID--AUDIO-split_07-06-17_Piano-e_2-02_wav--3.wav,282.1236176,1.0,9
Liszt,Gran_Etudes_de_Paganini_2_La_campanella,train,"['v1', 'v2', 'v3']",Liszt/Gran_Etudes_de_Paganini/2_La_campanella,Liszt/Gran_Etudes_de_Paganini/2_La_campanella/xml_score.musicxml,Liszt/Gran_Etudes_de_Paganini/2_La_campanella/midi_score.mid,Liszt/Gran_Etudes_de_Paganini/2_La_campanella/LeungR04M.mid,Liszt/Gran_Etudes_de_Paganini/2_La_campanella/LeungR04M.wav,2017/MIDI-Unprocessed_066_PIANO066_MID--AUDIO-split_07-07-17_Piano-e_3-02_wav--4.midi,2017/MIDI-Unprocessed_066_PIANO066_MID--AUDIO-split_07-07-17_Piano-e_3-02_wav--4.wav,283.2325865,1.0,9
Liszt,Gran_Etudes_de_Paganini_2_La_campanella,train,"['v1', 'v2', 'v3']",Liszt/Gran_Etudes_de_Paganini/2_La_campanella,Liszt/Gran_Etudes_de_Paganini/2_La_campanella/xml_score.musicxml,Liszt/Gran_Etudes_de_Paganini/2_La_campanella/midi_score.mid,Liszt/Gran_Etudes_de_Paganini/2_La_campanella/Levitsky06M.mid,Liszt/Gran_Etudes_de_Paganini/2_La_campanella/Levitsky06M.wav,2008/MIDI-Unprocessed_09_R1_2008_01-05_ORIG_MID--AUDIO_09_R1_2008_wav--3.midi,2008/MIDI-Unprocessed_09_R1_2008_01-05_ORIG_MID--AUDIO_09_R1_2008_wav--3.wav,273.16212,1.0,9
Liszt,Gran_Etudes_de_Paganini_2_La_campanella,train,"['v1', 'v2', 'v3']",Liszt/Gran_Etudes_de_Paganini/2_La_campanella,Liszt/Gran_Etudes_de_Paganini/2_La_campanella/xml_score.musicxml,Liszt/Gran_Etudes_de_Paganini/2_La_campanella/midi_score.mid,Liszt/Gran_Etudes_de_Paganini/2_La_campanella/Lin07M.mid,Liszt/Gran_Etudes_de_Paganini/2_La_campanella/Lin07M.wav,2008/MIDI-Unprocessed_10_R1_2008_01-04_ORIG_MID--AUDIO_10_R1_2008_wav--4.midi,2008/MIDI-Unprocessed_10_R1_2008_01-04_ORIG_MID--AUDIO_10_R1_2008_wav--4.wav,265.4711555,1.0,9
Liszt,Gran_Etudes_de_Paganini_2_La_campanella,train,"['v1', 'v2', 'v3']",Liszt/Gran_Etudes_de_Paganini/2_La_campanella,Liszt/Gran_Etudes_de_Paganini/2_La_campanella/xml_score.musicxml,Liszt/Gran_Etudes_de_Paganini/2_La_campanella/midi_score.mid,Liszt/Gran_Etudes_de_Paganini/2_La_campanella/LiuC05M.mid,Liszt/Gran_Etudes_de_Paganini/2_La_campanella/LiuC05M.wav,2015/MIDI-Unprocessed_R1_D1-1-8_mid--AUDIO-from_mp3_01_R1_2015_wav--5.midi,2015/MIDI-Unprocessed_R1_D1-1-8_mid--AUDIO-from_mp3_01_R1_2015_wav--5.wav,262.8760417,1.0,9
Liszt,Gran_Etudes_de_Paganini_2_La_campanella,train,"['v1', 'v2', 'v3']",Liszt/Gran_Etudes_de_Paganini/2_La_campanella,Liszt/Gran_Etudes_de_Paganini/2_La_campanella/xml_score.musicxml,Liszt/Gran_Etudes_de_Paganini/2_La_campanella/midi_score.mid,Liszt/Gran_Etudes_de_Paganini/2_La_campanella/LiuY03M.mid,Liszt/Gran_Etudes_de_Paganini/2_La_campanella/LiuY03M.wav,2017/MIDI-Unprocessed_054_PIANO054_MID--AUDIO-split_07-07-17_Piano-e_1-02_wav--3.midi,2017/MIDI-Unprocessed_054_PIANO054_MID--AUDIO-split_07-07-17_Piano-e_1-02_wav--3.wav,264.7914376,1.0,9
Liszt,Gran_Etudes_de_Paganini_2_La_campanella,train,"['v1', 'v2', 'v3']",Liszt/Gran_Etudes_de_Paganini/2_La_campanella,Liszt/Gran_Etudes_de_Paganini/2_La_campanella/xml_score.musicxml,Liszt/Gran_Etudes_de_Paganini/2_La_campanella/midi_score.mid,Liszt/Gran_Etudes_de_Paganini/2_La_campanella/MunA08M.mid,Liszt/Gran_Etudes_de_Paganini/2_La_campanella/MunA08M.wav,2015/MIDI-Unprocessed_R1_D1-9-12_mid--AUDIO-from_mp3_12_R1_2015_wav--5.midi,2015/MIDI-Unprocessed_R1_D1-9-12_mid--AUDIO-from_mp3_12_R1_2015_wav--5.wav,262.6864583,1.0,9
Liszt,Gran_Etudes_de_Paganini_2_La_campanella,train,"['v1', 'v2', 'v3']",Liszt/Gran_Etudes_de_Paganini/2_La_campanella,Liszt/Gran_Etudes_de_Paganini/2_La_campanella/xml_score.musicxml,Liszt/Gran_Etudes_de_Paganini/2_La_campanella/midi_score.mid,Liszt/Gran_Etudes_de_Paganini/2_La_campanella/VuV06M.mid,Liszt/Gran_Etudes_de_Paganini/2_La_campanella/VuV06M.wav,2015/MIDI-Unprocessed_R1_D1-1-8_mid--AUDIO-from_mp3_02_R1_2015_wav--6.midi,2015/MIDI-Unprocessed_R1_D1-1-8_mid--AUDIO-from_mp3_02_R1_2015_wav--6.wav,276.421875,1.0,9
Liszt,Gran_Etudes_de_Paganini_2_La_campanella,train,"['v1', 'v2', 'v3']",Liszt/Gran_Etudes_de_Paganini/2_La_campanella,Liszt/Gran_Etudes_de_Paganini/2_La_campanella/xml_score.musicxml,Liszt/Gran_Etudes_de_Paganini/2_La_campanella/midi_score.mid,Liszt/Gran_Etudes_de_Paganini/2_La_campanella/Yang05M.mid,Liszt/Gran_Etudes_de_Paganini/2_La_campanella/Yang05M.wav,2013/ORIG-MIDI_01_7_6_13_Group__MID--AUDIO_02_R1_2013_wav--5.midi,2013/ORIG-MIDI_01_7_6_13_Group__MID--AUDIO_02_R1_2013_wav--5.wav,255.0705248,1.0,9
Liszt,Gran_Etudes_de_Paganini_2_La_campanella,train,"['v1', 'v2', 'v3']",Liszt/Gran_Etudes_de_Paganini/2_La_campanella,Liszt/Gran_Etudes_de_Paganini/2_La_campanella/xml_score.musicxml,Liszt/Gran_Etudes_de_Paganini/2_La_campanella/midi_score.mid,Liszt/Gran_Etudes_de_Paganini/2_La_campanella/ZhangH07M.mid,Liszt/Gran_Etudes_de_Paganini/2_La_campanella/ZhangH07M.wav,2008/MIDI-Unprocessed_18_R1_2008_01-04_ORIG_MID--AUDIO_18_R1_2008_wav--4.midi,2008/MIDI-Unprocessed_18_R1_2008_01-04_ORIG_MID--AUDIO_18_R1_2008_wav--4.wav,269.9716852,1.0,9
Liszt,Transcendental_Etudes_10,test,"['v2', 'v3']",Liszt/Transcendental_Etudes/10,Liszt/Transcendental_Etudes/10/xml_score.musicxml,Liszt/Transcendental_Etudes/10/midi_score.mid,Liszt/Transcendental_Etudes/10/LeungM06M.mid,Liszt/Transcendental_Etudes/10/LeungM06M.wav,2018/MIDI-Unprocessed_Recital17-19_MID--AUDIO_19_R1_2018_wav--3.midi,2018/MIDI-Unprocessed_Recital17-19_MID--AUDIO_19_R1_2018_wav--3.wav,235.2241238,1.0,9
Liszt,Transcendental_Etudes_11,test,"['v1', 'v2', 'v3']",Liszt/Transcendental_Etudes/11,Liszt/Transcendental_Etudes/11/xml_score.musicxml,Liszt/Transcendental_Etudes/11/midi_score.mid,Liszt/Transcendental_Etudes/11/Huang18M.mid,Liszt/Transcendental_Etudes/11/Huang18M.wav,2008/MIDI-Unprocessed_04_R3_2008_01-07_ORIG_MID--AUDIO_04_R3_2008_wav--7.midi,2008/MIDI-Unprocessed_04_R3_2008_01-07_ORIG_MID--AUDIO_04_R3_2008_wav--7.wav,607.4793605,0.0,8
Mozart,Piano_Sonatas_12-1,train,"['v1', 'v2', 'v3']",Mozart/Piano_Sonatas/12-1,Mozart/Piano_Sonatas/12-1/xml_score.musicxml,Mozart/Piano_Sonatas/12-1/midi_score.mid,Mozart/Piano_Sonatas/12-1/MunA03M.mid,Mozart/Piano_Sonatas/12-1/MunA03M.wav,2015/MIDI-Unprocessed_R1_D1-9-12_mid--AUDIO-from_mp3_12_R1_2015_wav--2.midi,2015/MIDI-Unprocessed_R1_D1-9-12_mid--AUDIO-from_mp3_12_R1_2015_wav--2.wav,832.53125,1.0,6
Mozart,Piano_Sonatas_12-1,train,"['v1', 'v2', 'v3']",Mozart/Piano_Sonatas/12-1,Mozart/Piano_Sonatas/12-1/xml_score.musicxml,Mozart/Piano_Sonatas/12-1/midi_score.mid,Mozart/Piano_Sonatas/12-1/WuuE02M.mid,Mozart/Piano_Sonatas/12-1/WuuE02M.wav,2015/MIDI-Unprocessed_R1_D1-9-12_mid--AUDIO-from_mp3_11_R1_2015_wav--1.midi,2015/MIDI-Unprocessed_R1_D1-9-12_mid--AUDIO-from_mp3_11_R1_2015_wav--1.wav,908.790625,1.0,6
Rachmaninoff,Preludes_op_23_4,train,"['v1', 'v2', 'v3']",Rachmaninoff/Preludes_op_23/4,Rachmaninoff/Preludes_op_23/4/xml_score.musicxml,Rachmaninoff/Preludes_op_23/4/midi_score.mid,Rachmaninoff/Preludes_op_23/4/ChenGuang12M.mid,Rachmaninoff/Preludes_op_23/4/ChenGuang12M.wav,2014/MIDI-UNPROCESSED_04-05_R1_2014_MID--AUDIO_04_R1_2014_wav--4.midi,2014/MIDI-UNPROCESSED_04-05_R1_2014_MID--AUDIO_04_R1_2014_wav--4.wav,280.8597619,1.0,7
Rachmaninoff,Preludes_op_23_4,train,"['v1', 'v2', 'v3']",Rachmaninoff/Preludes_op_23/4,Rachmaninoff/Preludes_op_23/4/xml_score.musicxml,Rachmaninoff/Preludes_op_23/4/midi_score.mid,Rachmaninoff/Preludes_op_23/4/WuuE07M.mid,Rachmaninoff/Preludes_op_23/4/WuuE07M.wav,2015/MIDI-Unprocessed_R1_D1-9-12_mid--AUDIO-from_mp3_11_R1_2015_wav--4.midi,2015/MIDI-Unprocessed_R1_D1-9-12_mid--AUDIO-from_mp3_11_R1_2015_wav--4.wav,264.1322917,1.0,7
Rachmaninoff,Preludes_op_23_6,test,"['v1', 'v2', 'v3']",Rachmaninoff/Preludes_op_23/6,Rachmaninoff/Preludes_op_23/6/xml_score.musicxml,Rachmaninoff/Preludes_op_23/6/midi_score.mid,Rachmaninoff/Preludes_op_23/6/Nikiforov14M.mid,Rachmaninoff/Preludes_op_23/6/Nikiforov14M.wav,2008/MIDI-Unprocessed_12_R3_2008_01-04_ORIG_MID--AUDIO_12_R3_2008_wav--3.midi,2008/MIDI-Unprocessed_12_R3_2008_01-04_ORIG_MID--AUDIO_12_R3_2008_wav--3.wav,167.4931552,1.0,7
Schubert,Impromptu_op.90_D.899_3,train,"['v1', 'v2', 'v3']",Schubert/Impromptu_op.90_D.899/3,Schubert/Impromptu_op.90_D.899/3/xml_score.musicxml,Schubert/Impromptu_op.90_D.899/3/midi_score.mid,Schubert/Impromptu_op.90_D.899/3/Hou06M.mid,Schubert/Impromptu_op.90_D.899/3/Hou06M.wav,2011/MIDI-Unprocessed_09_R2_2011_MID--AUDIO_R2-D3_04_Track04_wav.midi,2011/MIDI-Unprocessed_09_R2_2011_MID--AUDIO_R2-D3_04_Track04_wav.wav,320.318857,1.0,6
Schubert,Impromptu_op.90_D.899_3,train,"['v1', 'v2', 'v3']",Schubert/Impromptu_op.90_D.899/3,Schubert/Impromptu_op.90_D.899/3/xml_score.musicxml,Schubert/Impromptu_op.90_D.899/3/midi_score.mid,Schubert/Impromptu_op.90_D.899/3/JeonH06M.mid,Schubert/Impromptu_op.90_D.899/3/JeonH06M.wav,2015/MIDI-Unprocessed_R2_D2-12-13-15_mid--AUDIO-from_mp3_15_R2_2015_wav--1.midi,2015/MIDI-Unprocessed_R2_D2-12-13-15_mid--AUDIO-from_mp3_15_R2_2015_wav--1.wav,366.34375,1.0,6
Schubert,Impromptu_op.90_D.899_3,train,"['v1', 'v2', 'v3']",Schubert/Impromptu_op.90_D.899/3,Schubert/Impromptu_op.90_D.899/3/xml_score.musicxml,Schubert/Impromptu_op.90_D.899/3/midi_score.mid,Schubert/Impromptu_op.90_D.899/3/Ko08M.mid,Schubert/Impromptu_op.90_D.899/3/Ko08M.wav,2008/MIDI-Unprocessed_07_R2_2008_01-05_ORIG_MID--AUDIO_07_R2_2008_wav--1.midi,2008/MIDI-Unprocessed_07_R2_2008_01-05_ORIG_MID--AUDIO_07_R2_2008_wav--1.wav,375.1518684,1.0,6
Schubert,Impromptu_op.90_D.899_3,train,"['v1', 'v2', 'v3']",Schubert/Impromptu_op.90_D.899/3,Schubert/Impromptu_op.90_D.899/3/xml_score.musicxml,Schubert/Impromptu_op.90_D.899/3/midi_score.mid,Schubert/Impromptu_op.90_D.899/3/Kociuban10M.mid,Schubert/Impromptu_op.90_D.899/3/Kociuban10M.wav,2008/MIDI-Unprocessed_08_R2_2008_01-04_ORIG_MID--AUDIO_08_R2_2008_wav--2.midi,2008/MIDI-Unprocessed_08_R2_2008_01-04_ORIG_MID--AUDIO_08_R2_2008_wav--2.wav,365.193278,1.0,6
Schubert,Impromptu_op.90_D.899_3,train,"['v1', 'v2', 'v3']",Schubert/Impromptu_op.90_D.899/3,Schubert/Impromptu_op.90_D.899/3/xml_score.musicxml,Schubert/Impromptu_op.90_D.899/3/midi_score.mid,Schubert/Impromptu_op.90_D.899/3/LEE_K04M.mid,Schubert/Impromptu_op.90_D.899/3/LEE_K04M.wav,2004/MIDI-Unprocessed_SMF_17_R1_2004_01-03_ORIG_MID--AUDIO_17_R1_2004_02_Track02_wav--1.midi,2004/MIDI-Unprocessed_SMF_17_R1_2004_01-03_ORIG_MID--AUDIO_17_R1_2004_02_Track02_wav--1.wav,340.5250408,1.0,6
Schubert,Impromptu_op.90_D.899_3,train,"['v1', 'v2', 'v3']",Schubert/Impromptu_op.90_D.899/3,Schubert/Impromptu_op.90_D.899/3/xml_score.musicxml,Schubert/Impromptu_op.90_D.899/3/midi_score.mid,Schubert/Impromptu_op.90_D.899/3/LeeSH08M.mid,Schubert/Impromptu_op.90_D.899/3/LeeSH08M.wav,2017/MIDI-Unprocessed_073_PIANO073_MID--AUDIO-split_07-08-17_Piano-e_2-02_wav--2.midi,2017/MIDI-Unprocessed_073_PIANO073_MID--AUDIO-split_07-08-17_Piano-e_2-02_wav--2.wav,366.4629479,1.0,6
Schubert,Impromptu_op.90_D.899_3,train,"['v1', 'v2', 'v3']",Schubert/Impromptu_op.90_D.899/3,Schubert/Impromptu_op.90_D.899/3/xml_score.musicxml,Schubert/Impromptu_op.90_D.899/3/midi_score.mid,Schubert/Impromptu_op.90_D.899/3/Mizumoto07M.mid,Schubert/Impromptu_op.90_D.899/3/Mizumoto07M.wav,2011/MIDI-Unprocessed_12_R2_2011_MID--AUDIO_R2-D4_04_Track04_wav.midi,2011/MIDI-Unprocessed_12_R2_2011_MID--AUDIO_R2-D4_04_Track04_wav.wav,307.3567973,1.0,6
Schubert,Impromptu_op.90_D.899_3,train,"['v1', 'v2', 'v3']",Schubert/Impromptu_op.90_D.899/3,Schubert/Impromptu_op.90_D.899/3/xml_score.musicxml,Schubert/Impromptu_op.90_D.899/3/midi_score.mid,Schubert/Impromptu_op.90_D.899/3/Woo10M.mid,Schubert/Impromptu_op.90_D.899/3/Woo10M.wav,2008/MIDI-Unprocessed_17_R2_2008_01-04_ORIG_MID--AUDIO_17_R2_2008_wav--3.midi,2008/MIDI-Unprocessed_17_R2_2008_01-04_ORIG_MID--AUDIO_17_R2_2008_wav--3.wav,300.25611,1.0,6
Schubert,Impromptu_op.90_D.899_3,train,"['v1', 'v2', 'v3']",Schubert/Impromptu_op.90_D.899/3,Schubert/Impromptu_op.90_D.899/3/xml_score.musicxml,Schubert/Impromptu_op.90_D.899/3/midi_score.mid,Schubert/Impromptu_op.90_D.899/3/WuuE10M.mid,Schubert/Impromptu_op.90_D.899/3/WuuE10M.wav,2015/MIDI-Unprocessed_R2_D1-2-3-6-7-8-11_mid--AUDIO-from_mp3_11_R2_2015_wav--2.midi,2015/MIDI-Unprocessed_R2_D1-2-3-6-7-8-11_mid--AUDIO-from_mp3_11_R2_2015_wav--2.wav,355.1739583,1.0,6
Schubert,Impromptu_op.90_D.899_3,train,"['v1', 'v2', 'v3']",Schubert/Impromptu_op.90_D.899/3,Schubert/Impromptu_op.90_D.899/3/xml_score.musicxml,Schubert/Impromptu_op.90_D.899/3/midi_score.mid,Schubert/Impromptu_op.90_D.899/3/ZhangW07M.mid,Schubert/Impromptu_op.90_D.899/3/ZhangW07M.wav,2017/MIDI-Unprocessed_082_PIANO082_MID--AUDIO-split_07-09-17_Piano-e_2_-04_wav--3.midi,2017/MIDI-Unprocessed_082_PIANO082_MID--AUDIO-split_07-09-17_Piano-e_2_-04_wav--3.wav,327.1672003,1.0,6
Schubert,Impromptu_op.90_D.899_3,train,"['v1', 'v2', 'v3']",Schubert/Impromptu_op.90_D.899/3,Schubert/Impromptu_op.90_D.899/3/xml_score.musicxml,Schubert/Impromptu_op.90_D.899/3/midi_score.mid,Schubert/Impromptu_op.90_D.899/3/ZhaoK10M.mid,Schubert/Impromptu_op.90_D.899/3/ZhaoK10M.wav,2015/MIDI-Unprocessed_R2_D2-12-13-15_mid--AUDIO-from_mp3_13_R2_2015_wav--3.midi,2015/MIDI-Unprocessed_R2_D2-12-13-15_mid--AUDIO-from_mp3_13_R2_2015_wav--3.wav,302.3114583,1.0,6
Schubert,Impromptu_op.90_D.899_4,test,"['v1', 'v2', 'v3']",Schubert/Impromptu_op.90_D.899/4_no_repeat,Schubert/Impromptu_op.90_D.899/4_no_repeat/xml_score.musicxml,Schubert/Impromptu_op.90_D.899/4_no_repeat/midi_score.mid,Schubert/Impromptu_op.90_D.899/4_no_repeat/Huang10M.mid,Schubert/Impromptu_op.90_D.899/4_no_repeat/Huang10M.wav,2008/MIDI-Unprocessed_04_R2_2008_01-04_ORIG_MID--AUDIO_04_R2_2008_wav--3.midi,2008/MIDI-Unprocessed_04_R2_2008_01-04_ORIG_MID--AUDIO_04_R2_2008_wav--3.wav,400.7114048,0.0,6
Schubert,Impromptu_op.90_D.899_4,test,"['v1', 'v2', 'v3']",Schubert/Impromptu_op.90_D.899/4_no_repeat,Schubert/Impromptu_op.90_D.899/4_no_repeat/xml_score.musicxml,Schubert/Impromptu_op.90_D.899/4_no_repeat/midi_score.mid,Schubert/Impromptu_op.90_D.899/4_no_repeat/Lin11M.mid,Schubert/Impromptu_op.90_D.899/4_no_repeat/Lin11M.wav,2008/MIDI-Unprocessed_10_R2_2008_01-05_ORIG_MID--AUDIO_10_R2_2008_wav--4.midi,2008/MIDI-Unprocessed_10_R2_2008_01-05_ORIG_MID--AUDIO_10_R2_2008_wav--4.wav,342.5049994,0.0,6
Schubert,Impromptu_op.90_D.899_4,test,"['v1', 'v2', 'v3']",Schubert/Impromptu_op.90_D.899/4_no_repeat,Schubert/Impromptu_op.90_D.899/4_no_repeat/xml_score.musicxml,Schubert/Impromptu_op.90_D.899/4_no_repeat/midi_score.mid,Schubert/Impromptu_op.90_D.899/4_no_repeat/LuoJ09M.mid,Schubert/Impromptu_op.90_D.899/4_no_repeat/LuoJ09M.wav,2015/MIDI-Unprocessed_R2_D1-2-3-6-7-8-11_mid--AUDIO-from_mp3_06_R2_2015_wav--1.midi,2015/MIDI-Unprocessed_R2_D1-2-3-6-7-8-11_mid--AUDIO-from_mp3_06_R2_2015_wav--1.wav,354.1510417,0.0,6
Schubert,Impromptu_op.90_D.899_4,test,"['v1', 'v2', 'v3']",Schubert/Impromptu_op.90_D.899/4_no_repeat,Schubert/Impromptu_op.90_D.899/4_no_repeat/xml_score.musicxml,Schubert/Impromptu_op.90_D.899/4_no_repeat/midi_score.mid,Schubert/Impromptu_op.90_D.899/4_no_repeat/WongWY08M.mid,Schubert/Impromptu_op.90_D.899/4_no_repeat/WongWY08M.wav,2015/MIDI-Unprocessed_R2_D2-19-21-22_mid--AUDIO-from_mp3_19_R2_2015_wav--3.midi,2015/MIDI-Unprocessed_R2_D2-19-21-22_mid--AUDIO-from_mp3_19_R2_2015_wav--3.wav,366.94375,0.0,6
Schubert,Piano_Sonatas_664-1,test,"['v1', 'v2', 'v3']",Schubert/Piano_Sonatas/664-1,Schubert/Piano_Sonatas/664-1/xml_score.musicxml,Schubert/Piano_Sonatas/664-1/midi_score.mid,Schubert/Piano_Sonatas/664-1/BuiJL06M.mid,Schubert/Piano_Sonatas/664-1/BuiJL06M.wav,2017/MIDI-Unprocessed_071_PIANO071_MID--AUDIO-split_07-08-17_Piano-e_1-04_wav--2.midi,2017/MIDI-Unprocessed_071_PIANO071_MID--AUDIO-split_07-08-17_Piano-e_1-04_wav--2.wav,342.1617849,0.0,6
Schubert,Piano_Sonatas_664-1,test,"['v1', 'v2', 'v3']",Schubert/Piano_Sonatas/664-1,Schubert/Piano_Sonatas/664-1/xml_score.musicxml,Schubert/Piano_Sonatas/664-1/midi_score.mid,Schubert/Piano_Sonatas/664-1/KabuliL10M.mid,Schubert/Piano_Sonatas/664-1/KabuliL10M.wav,2017/MIDI-Unprocessed_078_PIANO078_MID--AUDIO-split_07-09-17_Piano-e_1-02_wav--2.midi,2017/MIDI-Unprocessed_078_PIANO078_MID--AUDIO-split_07-09-17_Piano-e_1-02_wav--2.wav,903.5148035,0.0,6
Scriabin,Sonatas_5,train,"['v1', 'v2', 'v3']",Scriabin/Sonatas/5,Scriabin/Sonatas/5/xml_score.musicxml,Scriabin/Sonatas/5/midi_score.mid,Scriabin/Sonatas/5/FaB05M.mid,Scriabin/Sonatas/5/FaB05M.wav,2018/MIDI-Unprocessed_Recital12_MID--AUDIO_12_R1_2018_wav--2.midi,2018/MIDI-Unprocessed_Recital12_MID--AUDIO_12_R1_2018_wav--2.wav,701.4883477,1.0,9
Scriabin,Sonatas_5,train,"['v1', 'v2', 'v3']",Scriabin/Sonatas/5,Scriabin/Sonatas/5/xml_score.musicxml,Scriabin/Sonatas/5/midi_score.mid,Scriabin/Sonatas/5/GarritsonL06M.mid,Scriabin/Sonatas/5/GarritsonL06M.wav,2014/MIDI-UNPROCESSED_21-22_R1_2014_MID--AUDIO_22_R1_2014_wav--4.midi,2014/MIDI-UNPROCESSED_21-22_R1_2014_MID--AUDIO_22_R1_2014_wav--4.wav,644.8404342,1.0,9
Scriabin,Sonatas_5,train,"['v1', 'v2', 'v3']",Scriabin/Sonatas/5,Scriabin/Sonatas/5/xml_score.musicxml,Scriabin/Sonatas/5/midi_score.mid,Scriabin/Sonatas/5/Ko07M.mid,Scriabin/Sonatas/5/Ko07M.wav,2008/MIDI-Unprocessed_07_R1_2008_01-04_ORIG_MID--AUDIO_07_R1_2008_wav--4.midi,2008/MIDI-Unprocessed_07_R1_2008_01-04_ORIG_MID--AUDIO_07_R1_2008_wav--4.wav,601.6487039,0.0,9
Scriabin,Sonatas_5,train,"['v1', 'v2', 'v3']",Scriabin/Sonatas/5,Scriabin/Sonatas/5/xml_score.musicxml,Scriabin/Sonatas/5/midi_score.mid,Scriabin/Sonatas/5/Na07M.mid,Scriabin/Sonatas/5/Na07M.wav,2009/MIDI-Unprocessed_09_R1_2009_01-04_ORIG_MID--AUDIO_09_R1_2009_09_R1_2009_04_WAV.midi,2009/MIDI-Unprocessed_09_R1_2009_01-04_ORIG_MID--AUDIO_09_R1_2009_09_R1_2009_04_WAV.wav,706.2038878,1.0,9
Scriabin,Sonatas_5,train,"['v1', 'v2', 'v3']",Scriabin/Sonatas/5,Scriabin/Sonatas/5/xml_score.musicxml,Scriabin/Sonatas/5/midi_score.mid,Scriabin/Sonatas/5/Yeletskiy07M.mid,Scriabin/Sonatas/5/Yeletskiy07M.wav,2009/MIDI-Unprocessed_19_R1_2009_03-04_ORIG_MID--AUDIO_19_R1_2009_19_R1_2009_04_WAV.midi,2009/MIDI-Unprocessed_19_R1_2009_03-04_ORIG_MID--AUDIO_19_R1_2009_19_R1_2009_04_WAV.wav,648.9550134,1.0,9
