composer,title,split,performer,model,recording,p_f,r_f,f_f
Beethoven,Piano_Sonatas_18-1,test,ChenGuang03M,T5,maestro,0.5627,0.9272,0.7004
Beethoven,Piano_Sonatas_18-1,test,ChenGuang03M,oaf,maestro,0.8689,0.906,0.8871
Beethoven,Piano_Sonatas_18-1,test,ChenGuang03M,kong,maestro,0.8924,0.9453,0.9181
Beethoven,Piano_Sonatas_18-1,test,ChenGuang03M,oaf,disklavier,0.8822,0.836,0.8585
Beethoven,Piano_Sonatas_18-1,test,ChenGuang03M,T5,disklavier,0.5126,0.7725,0.6163
Beethoven,Piano_Sonatas_18-1,test,ChenGuang03M,kong,disklavier,0.9023,0.8748,0.8884
Beethoven,Piano_Sonatas_18-1,test,KOLESO06M,T5,maestro,0.4535,0.9298,0.6097
Beethoven,Piano_Sonatas_18-1,test,KOLESO06M,oaf,maestro,0.8539,0.8876,0.8704
Beethoven,Piano_Sonatas_18-1,test,KOLESO06M,kong,maestro,0.8928,0.9427,0.917
Beethoven,Piano_Sonatas_18-1,test,KOLESO06M,T5,disklavier,0.4951,0.8199,0.6174
Beethoven,Piano_Sonatas_18-1,test,KOLESO06M,oaf,disklavier,0.836,0.8065,0.821
Beethoven,Piano_Sonatas_18-1,test,KOLESO06M,kong,disklavier,0.8752,0.902,0.8884
Beethoven,Piano_Sonatas_18-1,test,LeungR02M,T5,maestro,0.4824,0.9457,0.6389
Beethoven,Piano_Sonatas_18-1,test,LeungR02M,kong,maestro,0.9266,0.9569,0.9415
Beethoven,Piano_Sonatas_18-1,test,LeungR02M,oaf,maestro,0.8274,0.8796,0.8527
Beethoven,Piano_Sonatas_18-1,test,LeungR02M,T5,disklavier,0.4705,0.7874,0.589
Beethoven,Piano_Sonatas_18-1,test,LeungR02M,oaf,disklavier,0.8078,0.8025,0.8052
Beethoven,Piano_Sonatas_18-1,test,LeungR02M,kong,disklavier,0.886,0.8868,0.8864
Beethoven,Piano_Sonatas_18-1,test,Levitsky05M,T5,maestro,0.4976,0.9233,0.6467
Beethoven,Piano_Sonatas_18-1,test,Levitsky05M,oaf,maestro,0.8308,0.8835,0.8564
Beethoven,Piano_Sonatas_18-1,test,Levitsky05M,kong,maestro,0.8823,0.9324,0.9066
Beethoven,Piano_Sonatas_18-1,test,Levitsky05M,T5,disklavier,0.5156,0.8029,0.628
Beethoven,Piano_Sonatas_18-1,test,Levitsky05M,kong,disklavier,0.8781,0.8822,0.8801
Beethoven,Piano_Sonatas_18-1,test,Levitsky05M,oaf,disklavier,0.7773,0.7791,0.7782
Beethoven,Piano_Sonatas_18-1,test,ZhangH05M,oaf,maestro,0.8361,0.8905,0.8624
Beethoven,Piano_Sonatas_18-1,test,ZhangH05M,T5,maestro,0.5281,0.9193,0.6708
Beethoven,Piano_Sonatas_18-1,test,ZhangH05M,kong,maestro,0.8657,0.9315,0.8974
Beethoven,Piano_Sonatas_18-1,test,ZhangH05M,oaf,disklavier,0.8461,0.8363,0.8412
Beethoven,Piano_Sonatas_18-1,test,ZhangH05M,T5,disklavier,0.6361,0.7893,0.7045
Beethoven,Piano_Sonatas_18-1,test,ZhangH05M,kong,disklavier,0.9026,0.891,0.8968
Beethoven,Piano_Sonatas_18-4,test,ChenGuang06M,kong,maestro,0.8917,0.9403,0.9153
Beethoven,Piano_Sonatas_18-4,test,ChenGuang06M,T5,maestro,0.3138,0.4066,0.3542
Beethoven,Piano_Sonatas_18-4,test,ChenGuang06M,oaf,maestro,0.8154,0.8927,0.8523
Beethoven,Piano_Sonatas_18-4,test,ChenGuang06M,T5,disklavier,0.6518,0.6828,0.6669
Beethoven,Piano_Sonatas_18-4,test,ChenGuang06M,oaf,disklavier,0.851,0.8057,0.8277
Beethoven,Piano_Sonatas_18-4,test,ChenGuang06M,kong,disklavier,0.9061,0.8516,0.878
Beethoven,Piano_Sonatas_18-4,test,KOLESO06M,oaf,maestro,0.7878,0.8803,0.8315
Beethoven,Piano_Sonatas_18-4,test,KOLESO06M,kong,maestro,0.8648,0.9356,0.8988
Beethoven,Piano_Sonatas_18-4,test,KOLESO06M,T5,maestro,0.2966,0.4199,0.3476
Beethoven,Piano_Sonatas_18-4,test,KOLESO06M,oaf,disklavier,0.8054,0.7982,0.8018
Beethoven,Piano_Sonatas_18-4,test,KOLESO06M,kong,disklavier,0.9016,0.884,0.8927
Beethoven,Piano_Sonatas_18-4,test,KOLESO06M,T5,disklavier,0.7376,0.7311,0.7343
Chopin,Polonaises_53,test,Chon08M,T5,maestro,0.5978,0.8426,0.6994
Chopin,Polonaises_53,test,Chon08M,kong,maestro,0.8177,0.9169,0.8645
Chopin,Polonaises_53,test,Chon08M,oaf,maestro,0.7888,0.8193,0.8038
Chopin,Polonaises_53,test,Chon08M,kong,disklavier,0.843,0.7546,0.7964
Chopin,Polonaises_53,test,Chon08M,T5,disklavier,0.5548,0.4963,0.5239
Chopin,Polonaises_53,test,Chon08M,oaf,disklavier,0.876,0.6513,0.7471
Chopin,Polonaises_53,test,YeF11M,oaf,maestro,0.8996,0.862,0.8804
Chopin,Polonaises_53,test,YeF11M,T5,maestro,0.7217,0.8945,0.7988
Chopin,Polonaises_53,test,YeF11M,kong,maestro,0.9152,0.9361,0.9255
Chopin,Polonaises_53,test,YeF11M,T5,disklavier,0.5824,0.7282,0.6472
Chopin,Polonaises_53,test,YeF11M,oaf,disklavier,0.927,0.8019,0.8599
Chopin,Polonaises_53,test,YeF11M,kong,disklavier,0.9132,0.8792,0.8959
Chopin,Sonata_2_4th,test,KaszoS16M,kong,maestro,0.7494,0.926,0.8284
Chopin,Sonata_2_4th,test,KaszoS16M,oaf,maestro,0.7139,0.8501,0.7761
Chopin,Sonata_2_4th,test,KaszoS16M,T5,maestro,0.7399,0.8494,0.7908
Chopin,Sonata_2_4th,test,KaszoS16M,oaf,disklavier,0.8434,0.6762,0.7506
Chopin,Sonata_2_4th,test,KaszoS16M,T5,disklavier,0.7302,0.6147,0.6675
Chopin,Sonata_2_4th,test,KaszoS16M,kong,disklavier,0.7841,0.7042,0.742
Debussy,Pour_le_Piano_1,test,MunA12M,kong,maestro,0.9329,0.9367,0.9348
Debussy,Pour_le_Piano_1,test,MunA12M,T5,maestro,0.6507,0.9235,0.7635
Debussy,Pour_le_Piano_1,test,MunA12M,oaf,maestro,0.9085,0.8198,0.8619
Debussy,Pour_le_Piano_1,test,MunA12M,T5,disklavier,0.7736,0.751,0.7622
Debussy,Pour_le_Piano_1,test,MunA12M,oaf,disklavier,0.964,0.7466,0.8415
Debussy,Pour_le_Piano_1,test,MunA12M,kong,disklavier,0.9511,0.8475,0.8963
Liszt,Transcendental_Etudes_10,test,LeungM06M,oaf,maestro,0.8385,0.8349,0.8367
Liszt,Transcendental_Etudes_10,test,LeungM06M,T5,maestro,0.6038,0.8415,0.7031
Liszt,Transcendental_Etudes_10,test,LeungM06M,kong,maestro,0.874,0.8982,0.8859
Liszt,Transcendental_Etudes_10,test,LeungM06M,T5,disklavier,0.5607,0.7077,0.6257
Liszt,Transcendental_Etudes_10,test,LeungM06M,oaf,disklavier,0.9087,0.8054,0.854
Liszt,Transcendental_Etudes_10,test,LeungM06M,kong,disklavier,0.896,0.8565,0.8758
Liszt,Transcendental_Etudes_11,test,Huang18M,T5,maestro,0.3316,0.6552,0.4403
Liszt,Transcendental_Etudes_11,test,Huang18M,kong,maestro,0.6207,0.6347,0.6276
Liszt,Transcendental_Etudes_11,test,Huang18M,oaf,maestro,0.6173,0.5572,0.5857
Liszt,Transcendental_Etudes_11,test,Huang18M,kong,disklavier,0.788,0.5393,0.6403
Liszt,Transcendental_Etudes_11,test,Huang18M,T5,disklavier,0.3311,0.388,0.3573
Liszt,Transcendental_Etudes_11,test,Huang18M,oaf,disklavier,0.7837,0.4569,0.5773
Rachmaninoff,Preludes_op_23_6,test,Nikiforov14M,oaf,maestro,0.9193,0.8824,0.9005
Rachmaninoff,Preludes_op_23_6,test,Nikiforov14M,T5,maestro,0.5458,0.92,0.6851
Rachmaninoff,Preludes_op_23_6,test,Nikiforov14M,kong,maestro,0.9258,0.9489,0.9372
Rachmaninoff,Preludes_op_23_6,test,Nikiforov14M,oaf,disklavier,0.9649,0.8021,0.876
Rachmaninoff,Preludes_op_23_6,test,Nikiforov14M,kong,disklavier,0.9528,0.8645,0.9065
Rachmaninoff,Preludes_op_23_6,test,Nikiforov14M,T5,disklavier,0.5779,0.7611,0.6569
Schubert,Impromptu_op.90_D.899_4,test,Huang10M,kong,maestro,0.833,0.9655,0.8944
Schubert,Impromptu_op.90_D.899_4,test,Huang10M,T5,maestro,0.5331,0.9463,0.682
Schubert,Impromptu_op.90_D.899_4,test,Huang10M,oaf,maestro,0.7852,0.9324,0.8525
Schubert,Impromptu_op.90_D.899_4,test,Huang10M,kong,disklavier,0.9147,0.6369,0.7509
Schubert,Impromptu_op.90_D.899_4,test,Huang10M,T5,disklavier,0.3299,0.4624,0.385
Schubert,Impromptu_op.90_D.899_4,test,Huang10M,oaf,disklavier,0.919,0.5884,0.7174
Schubert,Impromptu_op.90_D.899_4,test,Lin11M,T5,maestro,0.6491,0.9358,0.7665
Schubert,Impromptu_op.90_D.899_4,test,Lin11M,oaf,maestro,0.9258,0.9407,0.9332
Schubert,Impromptu_op.90_D.899_4,test,Lin11M,kong,maestro,0.9383,0.9652,0.9516
Schubert,Impromptu_op.90_D.899_4,test,Lin11M,kong,disklavier,0.9418,0.9119,0.9266
Schubert,Impromptu_op.90_D.899_4,test,Lin11M,T5,disklavier,0.5106,0.8295,0.6321
Schubert,Impromptu_op.90_D.899_4,test,Lin11M,oaf,disklavier,0.9552,0.8549,0.9023
Schubert,Impromptu_op.90_D.899_4,test,LuoJ09M,T5,maestro,0.5288,0.954,0.6804
Schubert,Impromptu_op.90_D.899_4,test,LuoJ09M,oaf,maestro,0.8981,0.9392,0.9182
Schubert,Impromptu_op.90_D.899_4,test,LuoJ09M,kong,maestro,0.9149,0.9772,0.945
Schubert,Impromptu_op.90_D.899_4,test,LuoJ09M,oaf,disklavier,0.9442,0.8285,0.8826
Schubert,Impromptu_op.90_D.899_4,test,LuoJ09M,kong,disklavier,0.92,0.8768,0.8979
Schubert,Impromptu_op.90_D.899_4,test,LuoJ09M,T5,disklavier,0.4788,0.8093,0.6017
Schubert,Impromptu_op.90_D.899_4,test,WongWY08M,oaf,maestro,0.9301,0.941,0.9355
Schubert,Impromptu_op.90_D.899_4,test,WongWY08M,T5,maestro,0.5037,0.9673,0.6624
Schubert,Impromptu_op.90_D.899_4,test,WongWY08M,kong,maestro,0.9425,0.9798,0.9608
Schubert,Impromptu_op.90_D.899_4,test,WongWY08M,kong,disklavier,0.9318,0.9113,0.9214
Schubert,Impromptu_op.90_D.899_4,test,WongWY08M,oaf,disklavier,0.9457,0.8402,0.8898
Schubert,Impromptu_op.90_D.899_4,test,WongWY08M,T5,disklavier,0.4751,0.8262,0.6033
Schubert,Piano_Sonatas_664-1,test,BuiJL06M,T5,maestro,0.665,0.9305,0.7757
Schubert,Piano_Sonatas_664-1,test,BuiJL06M,kong,maestro,0.9025,0.9529,0.927
Schubert,Piano_Sonatas_664-1,test,BuiJL06M,oaf,maestro,0.8837,0.8802,0.882
Schubert,Piano_Sonatas_664-1,test,BuiJL06M,kong,disklavier,0.8739,0.6823,0.7663
Schubert,Piano_Sonatas_664-1,test,BuiJL06M,T5,disklavier,0.457,0.5784,0.5106
Schubert,Piano_Sonatas_664-1,test,BuiJL06M,oaf,disklavier,0.917,0.5737,0.7058
Schubert,Piano_Sonatas_664-1,test,KabuliL10M,kong,maestro,0.893,0.9328,0.9125
Schubert,Piano_Sonatas_664-1,test,KabuliL10M,oaf,maestro,0.8623,0.8662,0.8643
Schubert,Piano_Sonatas_664-1,test,KabuliL10M,T5,maestro,0.5362,0.9263,0.6793
Schubert,Piano_Sonatas_664-1,test,KabuliL10M,oaf,disklavier,0.9229,0.6374,0.7541
Schubert,Piano_Sonatas_664-1,test,KabuliL10M,kong,disklavier,0.8948,0.763,0.8237
Schubert,Piano_Sonatas_664-1,test,KabuliL10M,T5,disklavier,0.5049,0.6325,0.5615
Bach,Fugue_bwv_848,train,Denisova06M,oaf,maestro,0.7186,0.9156,0.8052
Bach,Fugue_bwv_848,train,Denisova06M,kong,maestro,0.8986,0.9429,0.9202
Bach,Fugue_bwv_848,train,Denisova06M,T5,maestro,0.1409,0.2446,0.1788
Bach,Fugue_bwv_848,train,Denisova06M,kong,disklavier,0.887,0.9317,0.9088
Bach,Fugue_bwv_848,train,Denisova06M,oaf,disklavier,0.6853,0.9128,0.7828
Bach,Fugue_bwv_848,train,Denisova06M,T5,disklavier,0.5496,0.786,0.6469
Bach,Fugue_bwv_848,train,Lin04M,T5,maestro,0.1815,0.2363,0.2053
Bach,Fugue_bwv_848,train,Lin04M,kong,maestro,0.8784,0.9494,0.9125
Bach,Fugue_bwv_848,train,Lin04M,oaf,maestro,0.7406,0.9309,0.8249
Bach,Fugue_bwv_848,train,Lin04M,kong,disklavier,0.8801,0.9404,0.9093
Bach,Fugue_bwv_848,train,Lin04M,oaf,disklavier,0.7186,0.9181,0.8062
Bach,Fugue_bwv_848,train,Lin04M,T5,disklavier,0.7307,0.7861,0.7574
Bach,Fugue_bwv_848,train,Lou01M,kong,maestro,0.9097,0.9532,0.9309
Bach,Fugue_bwv_848,train,Lou01M,oaf,maestro,0.7702,0.9397,0.8465
Bach,Fugue_bwv_848,train,Lou01M,T5,maestro,0.1748,0.2902,0.2182
Bach,Fugue_bwv_848,train,Lou01M,T5,disklavier,0.4794,0.7803,0.5939
Bach,Fugue_bwv_848,train,Lou01M,oaf,disklavier,0.7839,0.93,0.8507
Bach,Fugue_bwv_848,train,Lou01M,kong,disklavier,0.8921,0.9017,0.8969
Bach,Fugue_bwv_848,train,MiyashitaM01M,kong,maestro,0.938,0.9472,0.9426
Bach,Fugue_bwv_848,train,MiyashitaM01M,oaf,maestro,0.7927,0.936,0.8584
Bach,Fugue_bwv_848,train,MiyashitaM01M,T5,maestro,0.2195,0.3063,0.2557
Bach,Fugue_bwv_848,train,MiyashitaM01M,T5,disklavier,0.5464,0.7363,0.6272
Bach,Fugue_bwv_848,train,MiyashitaM01M,oaf,disklavier,0.7621,0.9084,0.8289
Bach,Fugue_bwv_848,train,MiyashitaM01M,kong,disklavier,0.9058,0.9127,0.9092
Bach,Fugue_bwv_848,train,Mizumoto03M,T5,maestro,0.149,0.2692,0.1918
Bach,Fugue_bwv_848,train,Mizumoto03M,oaf,maestro,0.7683,0.9381,0.8447
Bach,Fugue_bwv_848,train,Mizumoto03M,kong,maestro,0.8761,0.9105,0.893
Bach,Fugue_bwv_848,train,Mizumoto03M,T5,disklavier,0.6978,0.7421,0.7193
Bach,Fugue_bwv_848,train,Mizumoto03M,kong,disklavier,0.8811,0.9256,0.9028
Bach,Fugue_bwv_848,train,Mizumoto03M,oaf,disklavier,0.7415,0.9239,0.8227
Bach,Fugue_bwv_848,train,SunY01M,oaf,maestro,0.7732,0.9419,0.8493
Bach,Fugue_bwv_848,train,SunY01M,kong,maestro,0.9047,0.9501,0.9269
Bach,Fugue_bwv_848,train,SunY01M,T5,maestro,0.2142,0.2901,0.2465
Bach,Fugue_bwv_848,train,SunY01M,T5,disklavier,0.7921,0.6844,0.7343
Bach,Fugue_bwv_848,train,SunY01M,oaf,disklavier,0.757,0.9186,0.83
Bach,Fugue_bwv_848,train,SunY01M,kong,disklavier,0.8862,0.9234,0.9044
Bach,Fugue_bwv_848,train,Zhou01M,kong,maestro,0.9148,0.9579,0.9358
Bach,Fugue_bwv_848,train,Zhou01M,T5,maestro,0.1325,0.2758,0.179
Bach,Fugue_bwv_848,train,Zhou01M,oaf,maestro,0.7641,0.9451,0.845
Bach,Fugue_bwv_848,train,Zhou01M,T5,disklavier,0.6521,0.7793,0.71
Bach,Fugue_bwv_848,train,Zhou01M,oaf,disklavier,0.731,0.9383,0.8218
Bach,Fugue_bwv_848,train,Zhou01M,kong,disklavier,0.8887,0.9519,0.9192
Beethoven,Piano_Sonatas_21-1,train,GonzalezJ06M,T5,maestro,0.6595,0.927,0.7707
Beethoven,Piano_Sonatas_21-1,train,GonzalezJ06M,kong,maestro,0.8613,0.9376,0.8978
Beethoven,Piano_Sonatas_21-1,train,GonzalezJ06M,oaf,maestro,0.7914,0.9421,0.8602
Beethoven,Piano_Sonatas_21-1,train,GonzalezJ06M,oaf,disklavier,0.8145,0.8636,0.8383
Beethoven,Piano_Sonatas_21-1,train,GonzalezJ06M,T5,disklavier,0.5832,0.7404,0.6525
Beethoven,Piano_Sonatas_21-1,train,GonzalezJ06M,kong,disklavier,0.8386,0.8745,0.8562
Beethoven,Piano_Sonatas_21-1,train,KimSY02M,T5,maestro,0.5513,0.9536,0.6986
Beethoven,Piano_Sonatas_21-1,train,KimSY02M,kong,maestro,0.9007,0.9655,0.932
Beethoven,Piano_Sonatas_21-1,train,KimSY02M,oaf,maestro,0.7724,0.8961,0.8297
Beethoven,Piano_Sonatas_21-1,train,KimSY02M,T5,disklavier,0.5107,0.7389,0.604
Beethoven,Piano_Sonatas_21-1,train,KimSY02M,oaf,disklavier,0.8367,0.8678,0.8519
Beethoven,Piano_Sonatas_21-1,train,KimSY02M,kong,disklavier,0.8692,0.8822,0.8757
Beethoven,Piano_Sonatas_21-1,train,LeeN02M,T5,maestro,0.6934,0.9401,0.7981
Beethoven,Piano_Sonatas_21-1,train,LeeN02M,oaf,maestro,0.8438,0.9277,0.8838
Beethoven,Piano_Sonatas_21-1,train,LeeN02M,kong,maestro,0.9303,0.9396,0.9349
Beethoven,Piano_Sonatas_21-1,train,LeeN02M,kong,disklavier,0.8716,0.8525,0.862
Beethoven,Piano_Sonatas_21-1,train,LeeN02M,T5,disklavier,0.5389,0.6387,0.5846
Beethoven,Piano_Sonatas_21-1,train,LeeN02M,oaf,disklavier,0.8434,0.8404,0.8419
Beethoven,Piano_Sonatas_21-1,train,RichardsonC02M,kong,maestro,0.9081,0.9475,0.9274
Beethoven,Piano_Sonatas_21-1,train,RichardsonC02M,oaf,maestro,0.8256,0.9043,0.8631
Beethoven,Piano_Sonatas_21-1,train,RichardsonC02M,T5,maestro,0.6482,0.9432,0.7683
Beethoven,Piano_Sonatas_21-1,train,RichardsonC02M,oaf,disklavier,0.5598,0.5305,0.5447
Beethoven,Piano_Sonatas_21-1,train,RichardsonC02M,T5,disklavier,0.5649,0.6661,0.6113
Beethoven,Piano_Sonatas_21-1,train,RichardsonC02M,kong,disklavier,0.8707,0.8271,0.8483
Beethoven,Piano_Sonatas_21-1,train,Shychko02M,T5,maestro,0.7341,0.9415,0.825
Beethoven,Piano_Sonatas_21-1,train,Shychko02M,oaf,maestro,0.8418,0.9192,0.8788
Beethoven,Piano_Sonatas_21-1,train,Shychko02M,kong,maestro,0.8939,0.9487,0.9204
Beethoven,Piano_Sonatas_21-1,train,Shychko02M,oaf,disklavier,0.8601,0.875,0.8675
Beethoven,Piano_Sonatas_21-1,train,Shychko02M,T5,disklavier,0.5527,0.7722,0.6442
Beethoven,Piano_Sonatas_21-1,train,Shychko02M,kong,disklavier,0.8965,0.9056,0.901
Beethoven,Piano_Sonatas_21-1,train,Sladek02M,T5,maestro,0.6422,0.9492,0.7661
Beethoven,Piano_Sonatas_21-1,train,Sladek02M,oaf,maestro,0.8062,0.9131,0.8563
Beethoven,Piano_Sonatas_21-1,train,Sladek02M,kong,maestro,0.8967,0.9564,0.9256
Beethoven,Piano_Sonatas_21-1,train,Sladek02M,oaf,disklavier,0.8733,0.8505,0.8617
Beethoven,Piano_Sonatas_21-1,train,Sladek02M,kong,disklavier,0.8932,0.8603,0.8764
Beethoven,Piano_Sonatas_21-1,train,Sladek02M,T5,disklavier,0.6467,0.7138,0.6786
Beethoven,Piano_Sonatas_21-1,train,Song03M,kong,maestro,0.8749,0.9561,0.9137
Beethoven,Piano_Sonatas_21-1,train,Song03M,oaf,maestro,0.7919,0.911,0.8473
Beethoven,Piano_Sonatas_21-1,train,Song03M,T5,maestro,0.566,0.9448,0.7079
Beethoven,Piano_Sonatas_21-1,train,Song03M,kong,disklavier,0.8627,0.8755,0.8691
Beethoven,Piano_Sonatas_21-1,train,Song03M,T5,disklavier,0.4405,0.626,0.5171
Beethoven,Piano_Sonatas_21-1,train,Song03M,oaf,disklavier,0.8489,0.8647,0.8567
Beethoven,Piano_Sonatas_21-1,train,SunY02M,T5,maestro,0.6928,0.963,0.8059
Beethoven,Piano_Sonatas_21-1,train,SunY02M,kong,maestro,0.9321,0.9614,0.9465
Beethoven,Piano_Sonatas_21-1,train,SunY02M,oaf,maestro,0.848,0.9453,0.894
Beethoven,Piano_Sonatas_21-1,train,SunY02M,kong,disklavier,0.8471,0.8934,0.8696
Beethoven,Piano_Sonatas_21-1,train,SunY02M,T5,disklavier,0.5687,0.6698,0.6151
Beethoven,Piano_Sonatas_21-1,train,SunY02M,oaf,disklavier,0.8447,0.8601,0.8524
Beethoven,Piano_Sonatas_21-1,train,Tetzloff05M,oaf,maestro,0.8191,0.9044,0.8597
Beethoven,Piano_Sonatas_21-1,train,Tetzloff05M,T5,maestro,0.6876,0.8796,0.7718
Beethoven,Piano_Sonatas_21-1,train,Tetzloff05M,kong,maestro,0.8258,0.8633,0.8441
Beethoven,Piano_Sonatas_21-1,train,Tetzloff05M,kong,disklavier,0.8813,0.8299,0.8548
Beethoven,Piano_Sonatas_21-1,train,Tetzloff05M,T5,disklavier,0.486,0.6933,0.5715
Beethoven,Piano_Sonatas_21-1,train,Tetzloff05M,oaf,disklavier,0.8643,0.8119,0.8373
Beethoven,Piano_Sonatas_21-1,train,ToA02M,oaf,maestro,0.8431,0.959,0.8973
Beethoven,Piano_Sonatas_21-1,train,ToA02M,T5,maestro,0.6147,0.9591,0.7492
Beethoven,Piano_Sonatas_21-1,train,ToA02M,kong,maestro,0.9182,0.9695,0.9431
Beethoven,Piano_Sonatas_21-1,train,ToA02M,T5,disklavier,0.4424,0.7321,0.5515
Beethoven,Piano_Sonatas_21-1,train,ToA02M,oaf,disklavier,0.5031,0.5149,0.5089
Beethoven,Piano_Sonatas_21-1,train,ToA02M,kong,disklavier,0.8803,0.8786,0.8794
Beethoven,Piano_Sonatas_21-1,train,TongB03M,oaf,maestro,0.8857,0.9626,0.9226
Beethoven,Piano_Sonatas_21-1,train,TongB03M,T5,maestro,0.7016,0.9633,0.8119
Beethoven,Piano_Sonatas_21-1,train,TongB03M,kong,maestro,0.9355,0.9639,0.9495
Beethoven,Piano_Sonatas_21-1,train,TongB03M,kong,disklavier,0.8952,0.8401,0.8668
Beethoven,Piano_Sonatas_21-1,train,TongB03M,T5,disklavier,0.5336,0.6976,0.6047
Beethoven,Piano_Sonatas_21-1,train,TongB03M,oaf,disklavier,0.8873,0.8452,0.8657
Beethoven,Piano_Sonatas_21-1,train,WangA02M,T5,maestro,0.6802,0.9587,0.7958
Beethoven,Piano_Sonatas_21-1,train,WangA02M,kong,maestro,0.9148,0.9558,0.9349
Beethoven,Piano_Sonatas_21-1,train,WangA02M,oaf,maestro,0.8033,0.9273,0.8609
Beethoven,Piano_Sonatas_21-1,train,WangA02M,T5,disklavier,0.4539,0.7549,0.5669
Beethoven,Piano_Sonatas_21-1,train,WangA02M,oaf,disklavier,0.7942,0.8258,0.8097
Beethoven,Piano_Sonatas_21-1,train,WangA02M,kong,disklavier,0.859,0.8775,0.8681
Beethoven,Piano_Sonatas_21-1,train,YeZ02M,T5,maestro,0.8054,0.9674,0.879
Beethoven,Piano_Sonatas_21-1,train,YeZ02M,oaf,maestro,0.8831,0.9525,0.9165
Beethoven,Piano_Sonatas_21-1,train,YeZ02M,kong,maestro,0.9356,0.9742,0.9545
Beethoven,Piano_Sonatas_21-1,train,YeZ02M,T5,disklavier,0.5042,0.7353,0.5982
Beethoven,Piano_Sonatas_21-1,train,YeZ02M,oaf,disklavier,0.8918,0.8987,0.8953
Beethoven,Piano_Sonatas_21-1,train,YeZ02M,kong,disklavier,0.9103,0.9108,0.9106
Beethoven,Piano_Sonatas_21-1,train,ZhangW01M,T5,maestro,0.6667,0.9597,0.7868
Beethoven,Piano_Sonatas_21-1,train,ZhangW01M,oaf,maestro,0.7723,0.884,0.8244
Beethoven,Piano_Sonatas_21-1,train,ZhangW01M,kong,maestro,0.8949,0.952,0.9226
Beethoven,Piano_Sonatas_21-1,train,ZhangW01M,oaf,disklavier,0.8419,0.7742,0.8066
Beethoven,Piano_Sonatas_21-1,train,ZhangW01M,T5,disklavier,0.5493,0.6149,0.5802
Beethoven,Piano_Sonatas_21-1,train,ZhangW01M,kong,disklavier,0.8624,0.786,0.8224
Chopin,Scherzos_31,train,ChenW04M,T5,maestro,0.701,0.941,0.8034
Chopin,Scherzos_31,train,ChenW04M,kong,maestro,0.9156,0.9656,0.9399
Chopin,Scherzos_31,train,ChenW04M,oaf,maestro,0.9234,0.9322,0.9278
Chopin,Scherzos_31,train,ChenW04M,kong,disklavier,0.8872,0.8805,0.8838
Chopin,Scherzos_31,train,ChenW04M,oaf,disklavier,0.9399,0.8484,0.8918
Chopin,Scherzos_31,train,ChenW04M,T5,disklavier,0.5212,0.6623,0.5834
Chopin,Scherzos_31,train,HuNY08M,kong,maestro,0.9222,0.966,0.9436
Chopin,Scherzos_31,train,HuNY08M,oaf,maestro,0.9171,0.9533,0.9349
Chopin,Scherzos_31,train,HuNY08M,T5,maestro,0.6553,0.9569,0.7779
Chopin,Scherzos_31,train,HuNY08M,kong,disklavier,0.8943,0.885,0.8896
Chopin,Scherzos_31,train,HuNY08M,oaf,disklavier,0.9323,0.8657,0.8977
Chopin,Scherzos_31,train,HuNY08M,T5,disklavier,0.5021,0.675,0.5758
Chopin,Scherzos_31,train,Jussow11M,oaf,maestro,0.9252,0.9372,0.9311
Chopin,Scherzos_31,train,Jussow11M,kong,maestro,0.9401,0.9694,0.9545
Chopin,Scherzos_31,train,Jussow11M,T5,maestro,0.7305,0.9512,0.8264
Chopin,Scherzos_31,train,Jussow11M,kong,disklavier,0.9154,0.8796,0.8972
Chopin,Scherzos_31,train,Jussow11M,oaf,disklavier,0.949,0.8405,0.8915
Chopin,Scherzos_31,train,Jussow11M,T5,disklavier,0.4994,0.6664,0.571
Chopin,Scherzos_31,train,LeeN04M,kong,maestro,0.9359,0.9708,0.953
Chopin,Scherzos_31,train,LeeN04M,T5,maestro,0.8026,0.9671,0.8772
Chopin,Scherzos_31,train,LeeN04M,oaf,maestro,0.9286,0.9485,0.9385
Chopin,Scherzos_31,train,LeeN04M,kong,disklavier,0.9159,0.8697,0.8922
Chopin,Scherzos_31,train,LeeN04M,oaf,disklavier,0.9559,0.8409,0.8947
Chopin,Scherzos_31,train,LeeN04M,T5,disklavier,0.5782,0.6417,0.6083
Chopin,Scherzos_31,train,LinTami06M,kong,maestro,0.9088,0.9628,0.935
Chopin,Scherzos_31,train,LinTami06M,oaf,maestro,0.9101,0.9353,0.9225
Chopin,Scherzos_31,train,LinTami06M,T5,maestro,0.6614,0.9409,0.7768
Chopin,Scherzos_31,train,LinTami06M,kong,disklavier,0.9186,0.8584,0.8874
Chopin,Scherzos_31,train,LinTami06M,oaf,disklavier,0.9429,0.8068,0.8696
Chopin,Scherzos_31,train,LinTami06M,T5,disklavier,0.6563,0.6474,0.6518
Chopin,Scherzos_31,train,LuoJ12M,T5,maestro,0.5942,0.9604,0.7342
Chopin,Scherzos_31,train,LuoJ12M,oaf,maestro,0.9178,0.9444,0.9309
Chopin,Scherzos_31,train,LuoJ12M,kong,maestro,0.9236,0.9773,0.9497
Chopin,Scherzos_31,train,LuoJ12M,T5,disklavier,0.5955,0.6804,0.6351
Chopin,Scherzos_31,train,LuoJ12M,kong,disklavier,0.9206,0.8698,0.8944
Chopin,Scherzos_31,train,LuoJ12M,oaf,disklavier,0.4404,0.3916,0.4146
Chopin,Scherzos_31,train,SunD04M,T5,maestro,0.7499,0.9436,0.8357
Chopin,Scherzos_31,train,SunD04M,kong,maestro,0.9153,0.9579,0.9361
Chopin,Scherzos_31,train,SunD04M,oaf,maestro,0.9033,0.9332,0.918
Chopin,Scherzos_31,train,SunD04M,oaf,disklavier,0.9224,0.8187,0.8674
Chopin,Scherzos_31,train,SunD04M,T5,disklavier,0.4237,0.6032,0.4977
Chopin,Scherzos_31,train,SunD04M,kong,disklavier,0.8927,0.8428,0.8671
Chopin,Scherzos_31,train,TongB04M,kong,maestro,0.9217,0.9783,0.9491
Chopin,Scherzos_31,train,TongB04M,oaf,maestro,0.9199,0.9449,0.9323
Chopin,Scherzos_31,train,TongB04M,T5,maestro,0.6272,0.9557,0.7573
Chopin,Scherzos_31,train,TongB04M,T5,disklavier,0.4278,0.6603,0.5192
Chopin,Scherzos_31,train,TongB04M,oaf,disklavier,0.9524,0.8368,0.8908
Chopin,Scherzos_31,train,TongB04M,kong,disklavier,0.9123,0.8726,0.892
Chopin,Scherzos_31,train,TuanS05M,oaf,maestro,0.8886,0.929,0.9084
Chopin,Scherzos_31,train,TuanS05M,T5,maestro,0.7172,0.9713,0.8251
Chopin,Scherzos_31,train,TuanS05M,kong,maestro,0.9296,0.9822,0.9552
Chopin,Scherzos_31,train,TuanS05M,T5,disklavier,0.4972,0.6905,0.5781
Chopin,Scherzos_31,train,TuanS05M,kong,disklavier,0.9051,0.9114,0.9082
Chopin,Scherzos_31,train,TuanS05M,oaf,disklavier,0.9382,0.8816,0.909
Chopin,Scherzos_31,train,ZhangW04M,kong,maestro,0.9004,0.9688,0.9333
Chopin,Scherzos_31,train,ZhangW04M,oaf,maestro,0.8871,0.9428,0.9141
Chopin,Scherzos_31,train,ZhangW04M,T5,maestro,0.7628,0.9673,0.8529
Chopin,Scherzos_31,train,ZhangW04M,oaf,disklavier,0.9318,0.7912,0.8557
Chopin,Scherzos_31,train,ZhangW04M,T5,disklavier,0.4674,0.6473,0.5429
Chopin,Scherzos_31,train,ZhangW04M,kong,disklavier,0.8909,0.8198,0.8538
Debussy,Images_Book_1_1_Reflets_dans_lEau,train,Kleisen11M,kong,maestro,0.9449,0.947,0.946
Debussy,Images_Book_1_1_Reflets_dans_lEau,train,Kleisen11M,T5,maestro,0.6281,0.9402,0.7531
Debussy,Images_Book_1_1_Reflets_dans_lEau,train,Kleisen11M,oaf,maestro,0.9458,0.9048,0.9249
Debussy,Images_Book_1_1_Reflets_dans_lEau,train,Kleisen11M,oaf,disklavier,0.9748,0.6519,0.7813
Debussy,Images_Book_1_1_Reflets_dans_lEau,train,Kleisen11M,kong,disklavier,0.9186,0.7559,0.8293
Debussy,Images_Book_1_1_Reflets_dans_lEau,train,Kleisen11M,T5,disklavier,0.4363,0.6213,0.5126
Debussy,Images_Book_1_1_Reflets_dans_lEau,train,ParkJH13M,T5,maestro,0.6108,0.9499,0.7435
Debussy,Images_Book_1_1_Reflets_dans_lEau,train,ParkJH13M,oaf,maestro,0.9419,0.8914,0.9159
Debussy,Images_Book_1_1_Reflets_dans_lEau,train,ParkJH13M,kong,maestro,0.9193,0.9584,0.9384
Debussy,Images_Book_1_1_Reflets_dans_lEau,train,ParkJH13M,T5,disklavier,0.517,0.8244,0.6355
Debussy,Images_Book_1_1_Reflets_dans_lEau,train,ParkJH13M,oaf,disklavier,0.9567,0.8128,0.8789
Debussy,Images_Book_1_1_Reflets_dans_lEau,train,ParkJH13M,kong,disklavier,0.9553,0.8654,0.9081
Glinka,The_Lark,train,Denisova10M,kong,maestro,0.9444,0.9596,0.9519
Glinka,The_Lark,train,Denisova10M,T5,maestro,0.7294,0.9861,0.8385
Glinka,The_Lark,train,Denisova10M,oaf,maestro,0.9475,0.9145,0.9307
Glinka,The_Lark,train,Denisova10M,kong,disklavier,0.9572,0.9033,0.9295
Glinka,The_Lark,train,Denisova10M,oaf,disklavier,0.9705,0.8091,0.8825
Glinka,The_Lark,train,Denisova10M,T5,disklavier,0.6672,0.8516,0.7482
Glinka,The_Lark,train,Kleisen07M,kong,maestro,0.9667,0.8859,0.9245
Glinka,The_Lark,train,Kleisen07M,T5,maestro,0.6689,0.9594,0.7882
Glinka,The_Lark,train,Kleisen07M,oaf,maestro,0.9464,0.8538,0.8977
Glinka,The_Lark,train,Kleisen07M,T5,disklavier,0.5906,0.6346,0.6118
Glinka,The_Lark,train,Kleisen07M,oaf,disklavier,0.9776,0.6566,0.7856
Glinka,The_Lark,train,Kleisen07M,kong,disklavier,0.9567,0.7967,0.8694
Haydn,Keyboard_Sonatas_50-1,train,GalantM02M,T5,maestro,0.4956,0.956,0.6528
Haydn,Keyboard_Sonatas_50-1,train,GalantM02M,oaf,maestro,0.7781,0.9538,0.8571
Haydn,Keyboard_Sonatas_50-1,train,GalantM02M,kong,maestro,0.8898,0.9673,0.9269
Haydn,Keyboard_Sonatas_50-1,train,GalantM02M,oaf,disklavier,0.7418,0.7177,0.7295
Haydn,Keyboard_Sonatas_50-1,train,GalantM02M,kong,disklavier,0.1577,0.1339,0.1448
Haydn,Keyboard_Sonatas_50-1,train,GalantM02M,T5,disklavier,0.0916,0.1193,0.1037
Haydn,Keyboard_Sonatas_50-1,train,HamSY02M,kong,maestro,0.8546,0.9357,0.8933
Haydn,Keyboard_Sonatas_50-1,train,HamSY02M,T5,maestro,0.5072,0.9461,0.6604
Haydn,Keyboard_Sonatas_50-1,train,HamSY02M,oaf,maestro,0.7806,0.943,0.8541
Haydn,Keyboard_Sonatas_50-1,train,HamSY02M,oaf,disklavier,0.6755,0.7856,0.7264
Haydn,Keyboard_Sonatas_50-1,train,HamSY02M,kong,disklavier,0.8264,0.8721,0.8486
Haydn,Keyboard_Sonatas_50-1,train,HamSY02M,T5,disklavier,0.4359,0.7604,0.5542
Haydn,Keyboard_Sonatas_50-1,train,Huang05M,oaf,maestro,0.7527,0.9202,0.8281
Haydn,Keyboard_Sonatas_50-1,train,Huang05M,T5,maestro,0.5372,0.9526,0.687
Haydn,Keyboard_Sonatas_50-1,train,Huang05M,kong,maestro,0.8619,0.9579,0.9074
Haydn,Keyboard_Sonatas_50-1,train,Huang05M,kong,disklavier,0.8688,0.7749,0.8192
Haydn,Keyboard_Sonatas_50-1,train,Huang05M,T5,disklavier,0.4709,0.6455,0.5445
Haydn,Keyboard_Sonatas_50-1,train,Huang05M,oaf,disklavier,0.7351,0.7263,0.7307
Haydn,Keyboard_Sonatas_50-1,train,JeonH03M,T5,maestro,0.5048,0.9359,0.6559
Haydn,Keyboard_Sonatas_50-1,train,JeonH03M,oaf,maestro,0.8256,0.9531,0.8847
Haydn,Keyboard_Sonatas_50-1,train,JeonH03M,kong,maestro,0.9226,0.9641,0.9429
Haydn,Keyboard_Sonatas_50-1,train,JeonH03M,oaf,disklavier,0.8093,0.8669,0.8371
Haydn,Keyboard_Sonatas_50-1,train,JeonH03M,kong,disklavier,0.88,0.8902,0.885
Haydn,Keyboard_Sonatas_50-1,train,JeonH03M,T5,disklavier,0.4387,0.7681,0.5584
Haydn,Keyboard_Sonatas_50-1,train,KARYAG06M,oaf,maestro,0.7675,0.8617,0.8119
Haydn,Keyboard_Sonatas_50-1,train,KARYAG06M,T5,maestro,0.5073,0.9238,0.655
Haydn,Keyboard_Sonatas_50-1,train,KARYAG06M,kong,maestro,0.8626,0.9524,0.9053
Haydn,Keyboard_Sonatas_50-1,train,KARYAG06M,oaf,disklavier,0.7406,0.6212,0.6757
Haydn,Keyboard_Sonatas_50-1,train,KARYAG06M,kong,disklavier,0.8753,0.6545,0.7489
Haydn,Keyboard_Sonatas_50-1,train,KARYAG06M,T5,disklavier,0.4396,0.5281,0.4798
Haydn,Keyboard_Sonatas_50-1,train,Shi07M,oaf,maestro,0.8069,0.9481,0.8718
Haydn,Keyboard_Sonatas_50-1,train,Shi07M,kong,maestro,0.8588,0.9631,0.908
Haydn,Keyboard_Sonatas_50-1,train,Shi07M,T5,maestro,0.5651,0.9322,0.7036
Haydn,Keyboard_Sonatas_50-1,train,Shi07M,oaf,disklavier,0.7907,0.9095,0.846
Haydn,Keyboard_Sonatas_50-1,train,Shi07M,T5,disklavier,0.5433,0.7889,0.6434
Haydn,Keyboard_Sonatas_50-1,train,Shi07M,kong,disklavier,0.8818,0.9305,0.9055
Haydn,Keyboard_Sonatas_50-1,train,YoungS02M,oaf,maestro,0.7562,0.938,0.8373
Haydn,Keyboard_Sonatas_50-1,train,YoungS02M,T5,maestro,0.5707,0.952,0.7136
Haydn,Keyboard_Sonatas_50-1,train,YoungS02M,kong,maestro,0.9,0.9507,0.9247
Haydn,Keyboard_Sonatas_50-1,train,YoungS02M,T5,disklavier,0.6152,0.7711,0.6844
Haydn,Keyboard_Sonatas_50-1,train,YoungS02M,kong,disklavier,0.8429,0.8525,0.8477
Haydn,Keyboard_Sonatas_50-1,train,YoungS02M,oaf,disklavier,0.7264,0.8364,0.7775
Liszt,Gran_Etudes_de_Paganini_2_La_campanella,train,BuiJL03M,kong,maestro,0.9176,0.9655,0.9409
Liszt,Gran_Etudes_de_Paganini_2_La_campanella,train,BuiJL03M,oaf,maestro,0.9052,0.9273,0.9161
Liszt,Gran_Etudes_de_Paganini_2_La_campanella,train,BuiJL03M,T5,maestro,0.7271,0.9539,0.8252
Liszt,Gran_Etudes_de_Paganini_2_La_campanella,train,BuiJL03M,oaf,disklavier,0.9139,0.7479,0.8226
Liszt,Gran_Etudes_de_Paganini_2_La_campanella,train,BuiJL03M,kong,disklavier,0.828,0.8421,0.835
Liszt,Gran_Etudes_de_Paganini_2_La_campanella,train,BuiJL03M,T5,disklavier,0.764,0.6295,0.6903
Liszt,Gran_Etudes_de_Paganini_2_La_campanella,train,LeungR04M,kong,maestro,0.8845,0.9681,0.9244
Liszt,Gran_Etudes_de_Paganini_2_La_campanella,train,LeungR04M,T5,maestro,0.6443,0.8788,0.7435
Liszt,Gran_Etudes_de_Paganini_2_La_campanella,train,LeungR04M,oaf,maestro,0.8839,0.9234,0.9032
Liszt,Gran_Etudes_de_Paganini_2_La_campanella,train,LeungR04M,oaf,disklavier,0.8886,0.817,0.8513
Liszt,Gran_Etudes_de_Paganini_2_La_campanella,train,LeungR04M,kong,disklavier,0.811,0.9207,0.8624
Liszt,Gran_Etudes_de_Paganini_2_La_campanella,train,LeungR04M,T5,disklavier,0.579,0.7792,0.6644
Liszt,Gran_Etudes_de_Paganini_2_La_campanella,train,Levitsky06M,oaf,maestro,0.8632,0.8812,0.8721
Liszt,Gran_Etudes_de_Paganini_2_La_campanella,train,Levitsky06M,T5,maestro,0.6987,0.9121,0.7913
Liszt,Gran_Etudes_de_Paganini_2_La_campanella,train,Levitsky06M,kong,maestro,0.8785,0.9496,0.9127
Liszt,Gran_Etudes_de_Paganini_2_La_campanella,train,Levitsky06M,kong,disklavier,0.7142,0.8625,0.7814
Liszt,Gran_Etudes_de_Paganini_2_La_campanella,train,Levitsky06M,oaf,disklavier,0.8199,0.7203,0.7669
Liszt,Gran_Etudes_de_Paganini_2_La_campanella,train,Levitsky06M,T5,disklavier,0.4988,0.6293,0.5565
Liszt,Gran_Etudes_de_Paganini_2_La_campanella,train,Lin07M,oaf,maestro,0.8959,0.8632,0.8792
Liszt,Gran_Etudes_de_Paganini_2_La_campanella,train,Lin07M,kong,maestro,0.912,0.9484,0.9298
Liszt,Gran_Etudes_de_Paganini_2_La_campanella,train,Lin07M,T5,maestro,0.906,0.9189,0.9124
Liszt,Gran_Etudes_de_Paganini_2_La_campanella,train,Lin07M,oaf,disklavier,0.6778,0.5671,0.6175
Liszt,Gran_Etudes_de_Paganini_2_La_campanella,train,Lin07M,kong,disklavier,0.6641,0.6909,0.6772
Liszt,Gran_Etudes_de_Paganini_2_La_campanella,train,Lin07M,T5,disklavier,0.5526,0.5187,0.5351
Liszt,Gran_Etudes_de_Paganini_2_La_campanella,train,LiuC05M,kong,maestro,0.9195,0.9605,0.9396
Liszt,Gran_Etudes_de_Paganini_2_La_campanella,train,LiuC05M,oaf,maestro,0.9085,0.9293,0.9188
Liszt,Gran_Etudes_de_Paganini_2_La_campanella,train,LiuC05M,T5,maestro,0.8188,0.9521,0.8804
Liszt,Gran_Etudes_de_Paganini_2_La_campanella,train,LiuC05M,kong,disklavier,0.8611,0.9022,0.8812
Liszt,Gran_Etudes_de_Paganini_2_La_campanella,train,LiuC05M,T5,disklavier,0.7244,0.7529,0.7384
Liszt,Gran_Etudes_de_Paganini_2_La_campanella,train,LiuC05M,oaf,disklavier,0.9087,0.8356,0.8706
Liszt,Gran_Etudes_de_Paganini_2_La_campanella,train,LiuY03M,kong,maestro,0.923,0.9743,0.9479
Liszt,Gran_Etudes_de_Paganini_2_La_campanella,train,LiuY03M,oaf,maestro,0.9146,0.9325,0.9235
Liszt,Gran_Etudes_de_Paganini_2_La_campanella,train,LiuY03M,T5,maestro,0.8511,0.7922,0.8206
Liszt,Gran_Etudes_de_Paganini_2_La_campanella,train,LiuY03M,oaf,disklavier,0.9074,0.6649,0.7675
Liszt,Gran_Etudes_de_Paganini_2_La_campanella,train,LiuY03M,T5,disklavier,0.5381,0.7112,0.6126
Liszt,Gran_Etudes_de_Paganini_2_La_campanella,train,LiuY03M,kong,disklavier,0.8395,0.8802,0.8593
Liszt,Gran_Etudes_de_Paganini_2_La_campanella,train,MunA08M,kong,maestro,0.8796,0.9441,0.9107
Liszt,Gran_Etudes_de_Paganini_2_La_campanella,train,MunA08M,T5,maestro,0.793,0.8984,0.8424
Liszt,Gran_Etudes_de_Paganini_2_La_campanella,train,MunA08M,oaf,maestro,0.8618,0.8864,0.8739
Liszt,Gran_Etudes_de_Paganini_2_La_campanella,train,MunA08M,T5,disklavier,0.5174,0.6475,0.5752
Liszt,Gran_Etudes_de_Paganini_2_La_campanella,train,MunA08M,kong,disklavier,0.7291,0.8707,0.7936
Liszt,Gran_Etudes_de_Paganini_2_La_campanella,train,MunA08M,oaf,disklavier,0.8725,0.7923,0.8305
Liszt,Gran_Etudes_de_Paganini_2_La_campanella,train,VuV06M,kong,maestro,0.9443,0.9736,0.9587
Liszt,Gran_Etudes_de_Paganini_2_La_campanella,train,VuV06M,T5,maestro,0.6171,0.9556,0.7499
Liszt,Gran_Etudes_de_Paganini_2_La_campanella,train,VuV06M,oaf,maestro,0.9299,0.936,0.9329
Liszt,Gran_Etudes_de_Paganini_2_La_campanella,train,VuV06M,T5,disklavier,0.7757,0.6149,0.686
Liszt,Gran_Etudes_de_Paganini_2_La_campanella,train,VuV06M,oaf,disklavier,0.9365,0.7492,0.8324
Liszt,Gran_Etudes_de_Paganini_2_La_campanella,train,VuV06M,kong,disklavier,0.8958,0.8506,0.8726
Liszt,Gran_Etudes_de_Paganini_2_La_campanella,train,Yang05M,kong,maestro,0.2154,0.2248,0.22
Liszt,Gran_Etudes_de_Paganini_2_La_campanella,train,Yang05M,T5,maestro,0.1948,0.2306,0.2112
Liszt,Gran_Etudes_de_Paganini_2_La_campanella,train,Yang05M,oaf,maestro,0.2112,0.2126,0.2119
Liszt,Gran_Etudes_de_Paganini_2_La_campanella,train,Yang05M,T5,disklavier,0.6876,0.7236,0.7051
Liszt,Gran_Etudes_de_Paganini_2_La_campanella,train,Yang05M,kong,disklavier,0.8027,0.8868,0.8426
Liszt,Gran_Etudes_de_Paganini_2_La_campanella,train,Yang05M,oaf,disklavier,0.8929,0.7853,0.8357
Liszt,Gran_Etudes_de_Paganini_2_La_campanella,train,ZhangH07M,oaf,maestro,0.8911,0.7887,0.8368
Liszt,Gran_Etudes_de_Paganini_2_La_campanella,train,ZhangH07M,kong,maestro,0.8627,0.9352,0.8975
Liszt,Gran_Etudes_de_Paganini_2_La_campanella,train,ZhangH07M,T5,maestro,0.6466,0.9272,0.7619
Liszt,Gran_Etudes_de_Paganini_2_La_campanella,train,ZhangH07M,oaf,disklavier,0.9098,0.5943,0.719
Liszt,Gran_Etudes_de_Paganini_2_La_campanella,train,ZhangH07M,kong,disklavier,0.9071,0.8073,0.8543
Liszt,Gran_Etudes_de_Paganini_2_La_campanella,train,ZhangH07M,T5,disklavier,0.6877,0.5832,0.6312
Mozart,Piano_Sonatas_12-1,train,MunA03M,T5,maestro,0.6761,0.961,0.7937
Mozart,Piano_Sonatas_12-1,train,MunA03M,oaf,maestro,0.8278,0.965,0.8912
Mozart,Piano_Sonatas_12-1,train,MunA03M,kong,maestro,0.8918,0.9689,0.9287
Mozart,Piano_Sonatas_12-1,train,MunA03M,kong,disklavier,0.9053,0.8708,0.8877
Mozart,Piano_Sonatas_12-1,train,MunA03M,oaf,disklavier,0.8241,0.8634,0.8433
Mozart,Piano_Sonatas_12-1,train,MunA03M,T5,disklavier,0.5476,0.7201,0.6221
Mozart,Piano_Sonatas_12-1,train,WuuE02M,oaf,maestro,0.8389,0.9508,0.8914
Mozart,Piano_Sonatas_12-1,train,WuuE02M,kong,maestro,0.9213,0.9692,0.9446
Mozart,Piano_Sonatas_12-1,train,WuuE02M,T5,maestro,0.7278,0.9572,0.8269
Mozart,Piano_Sonatas_12-1,train,WuuE02M,kong,disklavier,0.8799,0.8937,0.8867
Mozart,Piano_Sonatas_12-1,train,WuuE02M,T5,disklavier,0.5379,0.7802,0.6368
Mozart,Piano_Sonatas_12-1,train,WuuE02M,oaf,disklavier,0.8117,0.8823,0.8455
Rachmaninoff,Preludes_op_23_4,train,ChenGuang12M,kong,maestro,0.6072,0.6316,0.6191
Rachmaninoff,Preludes_op_23_4,train,ChenGuang12M,oaf,maestro,0.622,0.6092,0.6155
Rachmaninoff,Preludes_op_23_4,train,ChenGuang12M,T5,maestro,0.4642,0.6481,0.541
Rachmaninoff,Preludes_op_23_4,train,ChenGuang12M,oaf,disklavier,0.9671,0.8468,0.9029
Rachmaninoff,Preludes_op_23_4,train,ChenGuang12M,T5,disklavier,0.6779,0.8447,0.7522
Rachmaninoff,Preludes_op_23_4,train,ChenGuang12M,kong,disklavier,0.9397,0.9087,0.924
Rachmaninoff,Preludes_op_23_4,train,WuuE07M,oaf,maestro,0.9652,0.9556,0.9604
Rachmaninoff,Preludes_op_23_4,train,WuuE07M,T5,maestro,0.8576,0.988,0.9182
Rachmaninoff,Preludes_op_23_4,train,WuuE07M,kong,maestro,0.9565,0.9867,0.9714
Rachmaninoff,Preludes_op_23_4,train,WuuE07M,kong,disklavier,0.25,0.2286,0.2388
Rachmaninoff,Preludes_op_23_4,train,WuuE07M,oaf,disklavier,0.2602,0.2195,0.2382
Rachmaninoff,Preludes_op_23_4,train,WuuE07M,T5,disklavier,0.1922,0.266,0.2231
Schubert,Impromptu_op.90_D.899_3,train,Hou06M,kong,maestro,0.9424,0.9577,0.95
Schubert,Impromptu_op.90_D.899_3,train,Hou06M,T5,maestro,0.6624,0.9677,0.7864
Schubert,Impromptu_op.90_D.899_3,train,Hou06M,oaf,maestro,0.9265,0.9521,0.9391
Schubert,Impromptu_op.90_D.899_3,train,Hou06M,oaf,disklavier,0.9605,0.8292,0.8901
Schubert,Impromptu_op.90_D.899_3,train,Hou06M,T5,disklavier,0.5488,0.7218,0.6235
Schubert,Impromptu_op.90_D.899_3,train,Hou06M,kong,disklavier,0.9406,0.8453,0.8904
Schubert,Impromptu_op.90_D.899_3,train,JeonH06M,oaf,maestro,0.9652,0.9647,0.9649
Schubert,Impromptu_op.90_D.899_3,train,JeonH06M,T5,maestro,0.6984,0.9811,0.8159
Schubert,Impromptu_op.90_D.899_3,train,JeonH06M,kong,maestro,0.9786,0.9808,0.9797
Schubert,Impromptu_op.90_D.899_3,train,JeonH06M,T5,disklavier,0.732,0.8854,0.8014
Schubert,Impromptu_op.90_D.899_3,train,JeonH06M,kong,disklavier,0.9523,0.9363,0.9442
Schubert,Impromptu_op.90_D.899_3,train,JeonH06M,oaf,disklavier,0.9778,0.9259,0.9511
Schubert,Impromptu_op.90_D.899_3,train,Ko08M,oaf,maestro,0.9674,0.9703,0.9689
Schubert,Impromptu_op.90_D.899_3,train,Ko08M,T5,maestro,0.8831,0.9857,0.9316
Schubert,Impromptu_op.90_D.899_3,train,Ko08M,kong,maestro,0.9741,0.9774,0.9758
Schubert,Impromptu_op.90_D.899_3,train,Ko08M,oaf,disklavier,0.9807,0.9391,0.9594
Schubert,Impromptu_op.90_D.899_3,train,Ko08M,T5,disklavier,0.6804,0.9058,0.7771
Schubert,Impromptu_op.90_D.899_3,train,Ko08M,kong,disklavier,0.9668,0.9503,0.9585
Schubert,Impromptu_op.90_D.899_3,train,Kociuban10M,oaf,maestro,0.9524,0.973,0.9626
Schubert,Impromptu_op.90_D.899_3,train,Kociuban10M,kong,maestro,0.9606,0.9797,0.97
Schubert,Impromptu_op.90_D.899_3,train,Kociuban10M,T5,maestro,0.8007,0.9795,0.8811
Schubert,Impromptu_op.90_D.899_3,train,Kociuban10M,T5,disklavier,0.5086,0.6814,0.5825
Schubert,Impromptu_op.90_D.899_3,train,Kociuban10M,oaf,disklavier,0.9809,0.7651,0.8597
Schubert,Impromptu_op.90_D.899_3,train,Kociuban10M,kong,disklavier,0.9586,0.8002,0.8723
Schubert,Impromptu_op.90_D.899_3,train,LEE_K04M,T5,maestro,0.6834,0.9717,0.8024
Schubert,Impromptu_op.90_D.899_3,train,LEE_K04M,kong,maestro,0.9564,0.9814,0.9687
Schubert,Impromptu_op.90_D.899_3,train,LEE_K04M,oaf,maestro,0.967,0.933,0.9497
Schubert,Impromptu_op.90_D.899_3,train,LEE_K04M,T5,disklavier,0.5709,0.8752,0.691
Schubert,Impromptu_op.90_D.899_3,train,LEE_K04M,kong,disklavier,0.9473,0.931,0.9391
Schubert,Impromptu_op.90_D.899_3,train,LEE_K04M,oaf,disklavier,0.9792,0.8901,0.9325
Schubert,Impromptu_op.90_D.899_3,train,LeeSH08M,oaf,maestro,0.9607,0.9718,0.9662
Schubert,Impromptu_op.90_D.899_3,train,LeeSH08M,T5,maestro,0.8663,0.9922,0.925
Schubert,Impromptu_op.90_D.899_3,train,LeeSH08M,kong,maestro,0.9758,0.9894,0.9825
Schubert,Impromptu_op.90_D.899_3,train,LeeSH08M,kong,disklavier,0.9539,0.9502,0.952
Schubert,Impromptu_op.90_D.899_3,train,LeeSH08M,oaf,disklavier,0.976,0.9223,0.9484
Schubert,Impromptu_op.90_D.899_3,train,LeeSH08M,T5,disklavier,0.526,0.8971,0.6631
Schubert,Impromptu_op.90_D.899_3,train,Mizumoto07M,oaf,maestro,0.9438,0.9607,0.9522
Schubert,Impromptu_op.90_D.899_3,train,Mizumoto07M,kong,maestro,0.9624,0.9771,0.9697
Schubert,Impromptu_op.90_D.899_3,train,Mizumoto07M,T5,maestro,0.7356,0.9824,0.8413
Schubert,Impromptu_op.90_D.899_3,train,Mizumoto07M,kong,disklavier,0.9602,0.8621,0.9085
Schubert,Impromptu_op.90_D.899_3,train,Mizumoto07M,T5,disklavier,0.6118,0.785,0.6877
Schubert,Impromptu_op.90_D.899_3,train,Mizumoto07M,oaf,disklavier,0.9753,0.8556,0.9115
Schubert,Impromptu_op.90_D.899_3,train,Woo10M,kong,maestro,0.9558,0.9705,0.9631
Schubert,Impromptu_op.90_D.899_3,train,Woo10M,T5,maestro,0.7865,0.9724,0.8696
Schubert,Impromptu_op.90_D.899_3,train,Woo10M,oaf,maestro,0.947,0.9408,0.9439
Schubert,Impromptu_op.90_D.899_3,train,Woo10M,oaf,disklavier,0.9712,0.8318,0.8961
Schubert,Impromptu_op.90_D.899_3,train,Woo10M,kong,disklavier,0.9491,0.8653,0.9053
Schubert,Impromptu_op.90_D.899_3,train,Woo10M,T5,disklavier,0.6558,0.7618,0.7048
Schubert,Impromptu_op.90_D.899_3,train,WuuE10M,T5,maestro,0.782,0.9832,0.8711
Schubert,Impromptu_op.90_D.899_3,train,WuuE10M,oaf,maestro,0.9566,0.9624,0.9595
Schubert,Impromptu_op.90_D.899_3,train,WuuE10M,kong,maestro,0.966,0.9856,0.9757
Schubert,Impromptu_op.90_D.899_3,train,WuuE10M,kong,disklavier,0.6056,0.5651,0.5846
Schubert,Impromptu_op.90_D.899_3,train,WuuE10M,T5,disklavier,0.7036,0.8235,0.7588
Schubert,Impromptu_op.90_D.899_3,train,WuuE10M,oaf,disklavier,0.9714,0.9088,0.9391
Schubert,Impromptu_op.90_D.899_3,train,ZhangW07M,kong,maestro,0.9485,0.9851,0.9664
Schubert,Impromptu_op.90_D.899_3,train,ZhangW07M,oaf,maestro,0.9309,0.9755,0.9526
Schubert,Impromptu_op.90_D.899_3,train,ZhangW07M,T5,maestro,0.6805,0.9875,0.8057
Schubert,Impromptu_op.90_D.899_3,train,ZhangW07M,oaf,disklavier,0.9606,0.7878,0.8657
Schubert,Impromptu_op.90_D.899_3,train,ZhangW07M,kong,disklavier,0.9571,0.8035,0.8736
Schubert,Impromptu_op.90_D.899_3,train,ZhangW07M,T5,disklavier,0.5897,0.7158,0.6466
Schubert,Impromptu_op.90_D.899_3,train,ZhaoK10M,kong,maestro,0.9671,0.9799,0.9734
Schubert,Impromptu_op.90_D.899_3,train,ZhaoK10M,oaf,maestro,0.9539,0.9726,0.9632
Schubert,Impromptu_op.90_D.899_3,train,ZhaoK10M,T5,maestro,0.7829,0.988,0.8736
Schubert,Impromptu_op.90_D.899_3,train,ZhaoK10M,oaf,disklavier,0.969,0.8914,0.9286
Schubert,Impromptu_op.90_D.899_3,train,ZhaoK10M,T5,disklavier,0.7235,0.8299,0.773
Schubert,Impromptu_op.90_D.899_3,train,ZhaoK10M,kong,disklavier,0.9576,0.9108,0.9336
Scriabin,Sonatas_5,train,FaB05M,oaf,maestro,0.8412,0.7303,0.7818
Scriabin,Sonatas_5,train,FaB05M,kong,maestro,0.8825,0.9192,0.9005
Scriabin,Sonatas_5,train,FaB05M,T5,maestro,0.6237,0.9498,0.7529
Scriabin,Sonatas_5,train,FaB05M,T5,disklavier,0.5303,0.4791,0.5034
Scriabin,Sonatas_5,train,FaB05M,kong,disklavier,0.9037,0.572,0.7006
Scriabin,Sonatas_5,train,FaB05M,oaf,disklavier,0.9428,0.5064,0.6589
Scriabin,Sonatas_5,train,GarritsonL06M,oaf,maestro,0.9009,0.8436,0.8713
Scriabin,Sonatas_5,train,GarritsonL06M,kong,maestro,0.8984,0.9199,0.909
Scriabin,Sonatas_5,train,GarritsonL06M,T5,maestro,0.6276,0.8998,0.7395
Scriabin,Sonatas_5,train,GarritsonL06M,kong,disklavier,0.8981,0.8117,0.8527
Scriabin,Sonatas_5,train,GarritsonL06M,oaf,disklavier,0.9471,0.7574,0.8417
Scriabin,Sonatas_5,train,GarritsonL06M,T5,disklavier,0.5386,0.7284,0.6193
Scriabin,Sonatas_5,train,Ko07M,T5,maestro,0.7704,0.8905,0.8261
Scriabin,Sonatas_5,train,Ko07M,kong,maestro,0.8974,0.909,0.9032
Scriabin,Sonatas_5,train,Ko07M,oaf,maestro,0.8799,0.8361,0.8574
Scriabin,Sonatas_5,train,Ko07M,oaf,disklavier,0.9286,0.8179,0.8697
Scriabin,Sonatas_5,train,Ko07M,kong,disklavier,0.8849,0.8854,0.8852
Scriabin,Sonatas_5,train,Ko07M,T5,disklavier,0.5638,0.7346,0.6379
Scriabin,Sonatas_5,train,Na07M,oaf,maestro,0.9258,0.8522,0.8875
Scriabin,Sonatas_5,train,Na07M,kong,maestro,0.9199,0.9128,0.9163
Scriabin,Sonatas_5,train,Na07M,T5,maestro,0.6412,0.8976,0.748
Scriabin,Sonatas_5,train,Na07M,kong,disklavier,0.8833,0.8278,0.8547
Scriabin,Sonatas_5,train,Na07M,oaf,disklavier,0.9451,0.7655,0.8459
Scriabin,Sonatas_5,train,Na07M,T5,disklavier,0.4878,0.7083,0.5777
Scriabin,Sonatas_5,train,Yeletskiy07M,oaf,maestro,0.9434,0.8421,0.8899
Scriabin,Sonatas_5,train,Yeletskiy07M,kong,maestro,0.9471,0.8084,0.8723
Scriabin,Sonatas_5,train,Yeletskiy07M,T5,maestro,0.7789,0.9345,0.8496
Scriabin,Sonatas_5,train,Yeletskiy07M,kong,disklavier,0.897,0.8214,0.8575
Scriabin,Sonatas_5,train,Yeletskiy07M,oaf,disklavier,0.9562,0.7693,0.8526
Scriabin,Sonatas_5,train,Yeletskiy07M,T5,disklavier,0.5971,0.6686,0.6309
Beethoven,Piano_Sonatas_11-1,validation,LiC03M,kong,maestro,0.8793,0.9442,0.9106
Beethoven,Piano_Sonatas_11-1,validation,LiC03M,T5,maestro,0.5041,0.9342,0.6549
Beethoven,Piano_Sonatas_11-1,validation,LiC03M,oaf,maestro,0.8026,0.8975,0.8474
Beethoven,Piano_Sonatas_11-1,validation,LiC03M,kong,disklavier,0.851,0.8802,0.8653
Beethoven,Piano_Sonatas_11-1,validation,LiC03M,T5,disklavier,0.6164,0.6807,0.6469
Beethoven,Piano_Sonatas_11-1,validation,LiC03M,oaf,disklavier,0.7955,0.814,0.8046
Beethoven,Piano_Sonatas_11-1,validation,LiYZ03M,kong,maestro,0.8151,0.9708,0.8862
Beethoven,Piano_Sonatas_11-1,validation,LiYZ03M,oaf,maestro,0.8218,0.9282,0.8718
Beethoven,Piano_Sonatas_11-1,validation,LiYZ03M,T5,maestro,0.501,0.9342,0.6523
Beethoven,Piano_Sonatas_11-1,validation,LiYZ03M,T5,disklavier,0.4422,0.7705,0.5619
Beethoven,Piano_Sonatas_11-1,validation,LiYZ03M,kong,disklavier,0.8554,0.8878,0.8713
Beethoven,Piano_Sonatas_11-1,validation,LiYZ03M,oaf,disklavier,0.8306,0.8501,0.8402
Beethoven,Piano_Sonatas_11-1,validation,MaximovI02M,T5,maestro,0.5521,0.9084,0.6868
Beethoven,Piano_Sonatas_11-1,validation,MaximovI02M,kong,maestro,0.8239,0.927,0.8724
Beethoven,Piano_Sonatas_11-1,validation,MaximovI02M,oaf,maestro,0.7162,0.8778,0.7888
Beethoven,Piano_Sonatas_11-1,validation,MaximovI02M,kong,disklavier,0.8176,0.8815,0.8483
Beethoven,Piano_Sonatas_11-1,validation,MaximovI02M,T5,disklavier,0.4147,0.7722,0.5396
Beethoven,Piano_Sonatas_11-1,validation,MaximovI02M,oaf,disklavier,0.7527,0.8386,0.7933
Beethoven,Piano_Sonatas_11-1,validation,ZhaoK02M,T5,maestro,0.5393,0.9256,0.6816
Beethoven,Piano_Sonatas_11-1,validation,ZhaoK02M,oaf,maestro,0.8245,0.9208,0.87
Beethoven,Piano_Sonatas_11-1,validation,ZhaoK02M,kong,maestro,0.889,0.9534,0.9201
Beethoven,Piano_Sonatas_11-1,validation,ZhaoK02M,T5,disklavier,0.5991,0.73,0.6581
Beethoven,Piano_Sonatas_11-1,validation,ZhaoK02M,oaf,disklavier,0.2274,0.2305,0.2289
Beethoven,Piano_Sonatas_11-1,validation,ZhaoK02M,kong,disklavier,0.8766,0.885,0.8808
Beethoven,Piano_Sonatas_27-1,validation,GiacomelliN04M,kong,maestro,0.8689,0.9445,0.9051
Beethoven,Piano_Sonatas_27-1,validation,GiacomelliN04M,oaf,maestro,0.8375,0.9132,0.8737
Beethoven,Piano_Sonatas_27-1,validation,GiacomelliN04M,T5,maestro,0.5927,0.9147,0.7193
Beethoven,Piano_Sonatas_27-1,validation,GiacomelliN04M,kong,disklavier,0.919,0.8698,0.8937
Beethoven,Piano_Sonatas_27-1,validation,GiacomelliN04M,T5,disklavier,0.5219,0.7053,0.5999
Beethoven,Piano_Sonatas_27-1,validation,GiacomelliN04M,oaf,disklavier,0.9171,0.8082,0.8592
Beethoven,Piano_Sonatas_27-1,validation,Ko05M,T5,maestro,0.5411,0.9297,0.6841
Beethoven,Piano_Sonatas_27-1,validation,Ko05M,oaf,maestro,0.866,0.9016,0.8835
Beethoven,Piano_Sonatas_27-1,validation,Ko05M,kong,maestro,0.8696,0.9487,0.9074
Beethoven,Piano_Sonatas_27-1,validation,Ko05M,oaf,disklavier,0.9176,0.849,0.882
Beethoven,Piano_Sonatas_27-1,validation,Ko05M,kong,disklavier,0.9187,0.9087,0.9137
Beethoven,Piano_Sonatas_27-1,validation,Ko05M,T5,disklavier,0.4297,0.7783,0.5537
Beethoven,Piano_Sonatas_27-1,validation,MiyashitaM02M,kong,maestro,0.8925,0.952,0.9213
Beethoven,Piano_Sonatas_27-1,validation,MiyashitaM02M,T5,maestro,0.6242,0.9372,0.7493
Beethoven,Piano_Sonatas_27-1,validation,MiyashitaM02M,oaf,maestro,0.864,0.9049,0.884
Beethoven,Piano_Sonatas_27-1,validation,MiyashitaM02M,oaf,disklavier,0.9144,0.8068,0.8572
Beethoven,Piano_Sonatas_27-1,validation,MiyashitaM02M,T5,disklavier,0.5023,0.7587,0.6045
Beethoven,Piano_Sonatas_27-1,validation,MiyashitaM02M,kong,disklavier,0.8851,0.8526,0.8685
Chopin,Scherzos_20,validation,Kurz04M,kong,maestro,0.9119,0.9198,0.9159
Chopin,Scherzos_20,validation,Kurz04M,oaf,maestro,0.8921,0.8334,0.8617
Chopin,Scherzos_20,validation,Kurz04M,T5,maestro,0.6717,0.882,0.7626
Chopin,Scherzos_20,validation,Kurz04M,oaf,disklavier,0.929,0.7819,0.8491
Chopin,Scherzos_20,validation,Kurz04M,kong,disklavier,0.8935,0.8668,0.88
Chopin,Scherzos_20,validation,Kurz04M,T5,disklavier,0.5425,0.7602,0.6331
Chopin,Scherzos_20,validation,ZhangYunling04M,T5,maestro,0.6289,0.9186,0.7466
Chopin,Scherzos_20,validation,ZhangYunling04M,oaf,maestro,0.8731,0.8897,0.8813
Chopin,Scherzos_20,validation,ZhangYunling04M,kong,maestro,0.8952,0.9467,0.9203
Chopin,Scherzos_20,validation,ZhangYunling04M,T5,disklavier,0.6146,0.7722,0.6845
Chopin,Scherzos_20,validation,ZhangYunling04M,oaf,disklavier,0.9072,0.8334,0.8687
Chopin,Scherzos_20,validation,ZhangYunling04M,kong,disklavier,0.9024,0.8836,0.8929
Haydn,Keyboard_Sonatas_39-1,validation,Yarden07M,T5,maestro,0.5769,0.8798,0.6968
Haydn,Keyboard_Sonatas_39-1,validation,Yarden07M,oaf,maestro,0.6446,0.8436,0.7308
Haydn,Keyboard_Sonatas_39-1,validation,Yarden07M,kong,maestro,0.7473,0.9271,0.8275
Haydn,Keyboard_Sonatas_39-1,validation,Yarden07M,T5,disklavier,0.5903,0.6839,0.6336
Haydn,Keyboard_Sonatas_39-1,validation,Yarden07M,kong,disklavier,0.7894,0.8333,0.8107
Haydn,Keyboard_Sonatas_39-1,validation,Yarden07M,oaf,disklavier,0.7251,0.8686,0.7904
Haydn,Keyboard_Sonatas_39-3,validation,Yarden07M,oaf,maestro,0.6426,0.8938,0.7476
Haydn,Keyboard_Sonatas_39-3,validation,Yarden07M,T5,maestro,0.13,0.2217,0.1639
Haydn,Keyboard_Sonatas_39-3,validation,Yarden07M,kong,maestro,0.7613,0.9315,0.8378
Haydn,Keyboard_Sonatas_39-3,validation,Yarden07M,kong,disklavier,0.805,0.8289,0.8168
Haydn,Keyboard_Sonatas_39-3,validation,Yarden07M,oaf,disklavier,0.6482,0.736,0.6893
Haydn,Keyboard_Sonatas_39-3,validation,Yarden07M,T5,disklavier,0.524,0.6626,0.5852
