composer,title,split,performer,model,recording,p_nov,r_nov,f_nov
Beethoven,Piano_Sonatas_18-1,test,ChenGuang03M,kong,maestro,0.9043,0.8885,0.8963
Beethoven,Piano_Sonatas_18-1,test,ChenGuang03M,T5,maestro,0.9256,0.8989,0.912
Beethoven,Piano_Sonatas_18-1,test,ChenGuang03M,oaf,maestro,0.8576,0.8244,0.8407
Beethoven,Piano_Sonatas_18-1,test,ChenGuang03M,oaf,disklavier,0.7206,0.6841,0.7019
Beethoven,Piano_Sonatas_18-1,test,ChenGuang03M,T5,disklavier,0.6486,0.6759,0.662
Beethoven,Piano_Sonatas_18-1,test,ChenGuang03M,kong,disklavier,0.7782,0.7718,0.775
Beethoven,Piano_Sonatas_18-1,test,KOLESO06M,kong,maestro,0.9069,0.8897,0.8983
Beethoven,Piano_Sonatas_18-1,test,KOLESO06M,oaf,maestro,0.8326,0.7927,0.8122
Beethoven,Piano_Sonatas_18-1,test,KOLESO06M,T5,maestro,0.9372,0.9045,0.9206
Beethoven,Piano_Sonatas_18-1,test,KOLESO06M,T5,disklavier,0.7313,0.752,0.7415
Beethoven,Piano_Sonatas_18-1,test,KOLESO06M,oaf,disklavier,0.6659,0.624,0.6443
Beethoven,Piano_Sonatas_18-1,test,KOLESO06M,kong,disklavier,0.8046,0.7927,0.7986
Beethoven,Piano_Sonatas_18-1,test,LeungR02M,kong,maestro,0.9392,0.9282,0.9337
Beethoven,Piano_Sonatas_18-1,test,LeungR02M,T5,maestro,0.9611,0.9399,0.9504
Beethoven,Piano_Sonatas_18-1,test,LeungR02M,oaf,maestro,0.7668,0.7445,0.7555
Beethoven,Piano_Sonatas_18-1,test,LeungR02M,kong,disklavier,0.8277,0.8221,0.8249
Beethoven,Piano_Sonatas_18-1,test,LeungR02M,oaf,disklavier,0.5647,0.5411,0.5526
Beethoven,Piano_Sonatas_18-1,test,LeungR02M,T5,disklavier,0.6892,0.7285,0.7083
Beethoven,Piano_Sonatas_18-1,test,Levitsky05M,oaf,maestro,0.874,0.8381,0.8557
Beethoven,Piano_Sonatas_18-1,test,Levitsky05M,kong,maestro,0.8938,0.8872,0.8905
Beethoven,Piano_Sonatas_18-1,test,Levitsky05M,T5,maestro,0.9266,0.8977,0.9119
Beethoven,Piano_Sonatas_18-1,test,Levitsky05M,kong,disklavier,0.8272,0.8183,0.8227
Beethoven,Piano_Sonatas_18-1,test,Levitsky05M,oaf,disklavier,0.3747,0.3575,0.3659
Beethoven,Piano_Sonatas_18-1,test,Levitsky05M,T5,disklavier,0.7487,0.7642,0.7564
Beethoven,Piano_Sonatas_18-1,test,ZhangH05M,T5,maestro,0.9289,0.8988,0.9136
Beethoven,Piano_Sonatas_18-1,test,ZhangH05M,kong,maestro,0.893,0.8761,0.8845
Beethoven,Piano_Sonatas_18-1,test,ZhangH05M,oaf,maestro,0.8511,0.8207,0.8356
Beethoven,Piano_Sonatas_18-1,test,ZhangH05M,kong,disklavier,0.8379,0.8366,0.8372
Beethoven,Piano_Sonatas_18-1,test,ZhangH05M,T5,disklavier,0.7356,0.7659,0.7505
Beethoven,Piano_Sonatas_18-1,test,ZhangH05M,oaf,disklavier,0.7265,0.6955,0.7107
Beethoven,Piano_Sonatas_18-4,test,ChenGuang06M,oaf,maestro,0.7819,0.7553,0.7684
Beethoven,Piano_Sonatas_18-4,test,ChenGuang06M,kong,maestro,0.8997,0.89,0.8949
Beethoven,Piano_Sonatas_18-4,test,ChenGuang06M,T5,maestro,0.0302,0.0295,0.0298
Beethoven,Piano_Sonatas_18-4,test,ChenGuang06M,T5,disklavier,0.5929,0.619,0.6057
Beethoven,Piano_Sonatas_18-4,test,ChenGuang06M,oaf,disklavier,0.6491,0.6266,0.6377
Beethoven,Piano_Sonatas_18-4,test,ChenGuang06M,kong,disklavier,0.7739,0.7736,0.7737
Beethoven,Piano_Sonatas_18-4,test,KOLESO06M,oaf,maestro,0.779,0.7499,0.7642
Beethoven,Piano_Sonatas_18-4,test,KOLESO06M,T5,maestro,0.0442,0.0432,0.0437
Beethoven,Piano_Sonatas_18-4,test,KOLESO06M,kong,maestro,0.8977,0.885,0.8913
Beethoven,Piano_Sonatas_18-4,test,KOLESO06M,T5,disklavier,0.7061,0.7256,0.7157
Beethoven,Piano_Sonatas_18-4,test,KOLESO06M,oaf,disklavier,0.7058,0.6786,0.692
Beethoven,Piano_Sonatas_18-4,test,KOLESO06M,kong,disklavier,0.8272,0.8209,0.824
Chopin,Polonaises_53,test,Chon08M,T5,maestro,0.8316,0.7462,0.7866
Chopin,Polonaises_53,test,Chon08M,oaf,maestro,0.597,0.5347,0.5642
Chopin,Polonaises_53,test,Chon08M,kong,maestro,0.8002,0.7432,0.7706
Chopin,Polonaises_53,test,Chon08M,kong,disklavier,0.6088,0.6025,0.6056
Chopin,Polonaises_53,test,Chon08M,oaf,disklavier,0.481,0.4354,0.4571
Chopin,Polonaises_53,test,Chon08M,T5,disklavier,0.4391,0.4423,0.4407
Chopin,Polonaises_53,test,YeF11M,kong,maestro,0.8676,0.8243,0.8454
Chopin,Polonaises_53,test,YeF11M,T5,maestro,0.8864,0.8077,0.8452
Chopin,Polonaises_53,test,YeF11M,oaf,maestro,0.7654,0.6901,0.7258
Chopin,Polonaises_53,test,YeF11M,oaf,disklavier,0.6799,0.6281,0.653
Chopin,Polonaises_53,test,YeF11M,T5,disklavier,0.5526,0.5473,0.5499
Chopin,Polonaises_53,test,YeF11M,kong,disklavier,0.7182,0.7112,0.7147
Chopin,Sonata_2_4th,test,KaszoS16M,kong,maestro,0.7159,0.6913,0.7034
Chopin,Sonata_2_4th,test,KaszoS16M,T5,maestro,0.8005,0.7262,0.7616
Chopin,Sonata_2_4th,test,KaszoS16M,oaf,maestro,0.5706,0.5021,0.5341
Chopin,Sonata_2_4th,test,KaszoS16M,oaf,disklavier,0.6457,0.5701,0.6055
Chopin,Sonata_2_4th,test,KaszoS16M,T5,disklavier,0.6092,0.5624,0.5849
Chopin,Sonata_2_4th,test,KaszoS16M,kong,disklavier,0.5176,0.5044,0.5109
Debussy,Pour_le_Piano_1,test,MunA12M,kong,maestro,0.8572,0.8227,0.8396
Debussy,Pour_le_Piano_1,test,MunA12M,T5,maestro,0.8701,0.8217,0.8452
Debussy,Pour_le_Piano_1,test,MunA12M,oaf,maestro,0.782,0.7146,0.7468
Debussy,Pour_le_Piano_1,test,MunA12M,oaf,disklavier,0.6576,0.5816,0.6173
Debussy,Pour_le_Piano_1,test,MunA12M,kong,disklavier,0.6617,0.6419,0.6517
Debussy,Pour_le_Piano_1,test,MunA12M,T5,disklavier,0.5508,0.5398,0.5453
Liszt,Transcendental_Etudes_10,test,LeungM06M,oaf,maestro,0.6874,0.6021,0.642
Liszt,Transcendental_Etudes_10,test,LeungM06M,kong,maestro,0.8227,0.7544,0.787
Liszt,Transcendental_Etudes_10,test,LeungM06M,T5,maestro,0.8354,0.7385,0.784
Liszt,Transcendental_Etudes_10,test,LeungM06M,oaf,disklavier,0.6603,0.5807,0.6179
Liszt,Transcendental_Etudes_10,test,LeungM06M,T5,disklavier,0.595,0.5567,0.5752
Liszt,Transcendental_Etudes_10,test,LeungM06M,kong,disklavier,0.701,0.6603,0.68
Liszt,Transcendental_Etudes_11,test,Huang18M,kong,maestro,0.0253,0.0239,0.0246
Liszt,Transcendental_Etudes_11,test,Huang18M,T5,maestro,0.028,0.0258,0.0269
Liszt,Transcendental_Etudes_11,test,Huang18M,oaf,maestro,0.0248,0.0223,0.0235
Liszt,Transcendental_Etudes_11,test,Huang18M,oaf,disklavier,0.0615,0.0568,0.059
Liszt,Transcendental_Etudes_11,test,Huang18M,kong,disklavier,0.0698,0.0701,0.0699
Liszt,Transcendental_Etudes_11,test,Huang18M,T5,disklavier,0.0591,0.0614,0.0603
Rachmaninoff,Preludes_op_23_6,test,Nikiforov14M,kong,maestro,0.8756,0.8518,0.8635
Rachmaninoff,Preludes_op_23_6,test,Nikiforov14M,T5,maestro,0.8245,0.7829,0.8031
Rachmaninoff,Preludes_op_23_6,test,Nikiforov14M,oaf,maestro,0.8203,0.7644,0.7914
Rachmaninoff,Preludes_op_23_6,test,Nikiforov14M,T5,disklavier,0.6028,0.6154,0.609
Rachmaninoff,Preludes_op_23_6,test,Nikiforov14M,oaf,disklavier,0.7342,0.6907,0.7118
Rachmaninoff,Preludes_op_23_6,test,Nikiforov14M,kong,disklavier,0.763,0.7532,0.7581
Schubert,Impromptu_op.90_D.899_4,test,Huang10M,oaf,maestro,0.6171,0.5906,0.6036
Schubert,Impromptu_op.90_D.899_4,test,Huang10M,T5,maestro,0.7848,0.7263,0.7544
Schubert,Impromptu_op.90_D.899_4,test,Huang10M,kong,maestro,0.7435,0.7251,0.7342
Schubert,Impromptu_op.90_D.899_4,test,Huang10M,T5,disklavier,0.3201,0.3272,0.3236
Schubert,Impromptu_op.90_D.899_4,test,Huang10M,kong,disklavier,0.4527,0.4484,0.4505
Schubert,Impromptu_op.90_D.899_4,test,Huang10M,oaf,disklavier,0.379,0.3515,0.3647
Schubert,Impromptu_op.90_D.899_4,test,Lin11M,oaf,maestro,0.7731,0.7428,0.7576
Schubert,Impromptu_op.90_D.899_4,test,Lin11M,kong,maestro,0.8443,0.8254,0.8347
Schubert,Impromptu_op.90_D.899_4,test,Lin11M,T5,maestro,0.8871,0.8216,0.8531
Schubert,Impromptu_op.90_D.899_4,test,Lin11M,oaf,disklavier,0.6614,0.631,0.6458
Schubert,Impromptu_op.90_D.899_4,test,Lin11M,T5,disklavier,0.6368,0.6246,0.6306
Schubert,Impromptu_op.90_D.899_4,test,Lin11M,kong,disklavier,0.71,0.7135,0.7118
Schubert,Impromptu_op.90_D.899_4,test,LuoJ09M,T5,maestro,0.889,0.8564,0.8724
Schubert,Impromptu_op.90_D.899_4,test,LuoJ09M,kong,maestro,0.8672,0.865,0.8661
Schubert,Impromptu_op.90_D.899_4,test,LuoJ09M,oaf,maestro,0.7822,0.7647,0.7733
Schubert,Impromptu_op.90_D.899_4,test,LuoJ09M,T5,disklavier,0.6194,0.6072,0.6132
Schubert,Impromptu_op.90_D.899_4,test,LuoJ09M,oaf,disklavier,0.6536,0.6051,0.6284
Schubert,Impromptu_op.90_D.899_4,test,LuoJ09M,kong,disklavier,0.6841,0.6803,0.6822
Schubert,Impromptu_op.90_D.899_4,test,WongWY08M,T5,maestro,0.8995,0.8599,0.8793
Schubert,Impromptu_op.90_D.899_4,test,WongWY08M,oaf,maestro,0.7791,0.7643,0.7716
Schubert,Impromptu_op.90_D.899_4,test,WongWY08M,kong,maestro,0.8771,0.8725,0.8748
Schubert,Impromptu_op.90_D.899_4,test,WongWY08M,kong,disklavier,0.6538,0.6569,0.6554
Schubert,Impromptu_op.90_D.899_4,test,WongWY08M,oaf,disklavier,0.6319,0.5966,0.6137
Schubert,Impromptu_op.90_D.899_4,test,WongWY08M,T5,disklavier,0.572,0.5772,0.5746
Schubert,Piano_Sonatas_664-1,test,BuiJL06M,oaf,maestro,0.7116,0.6809,0.6959
Schubert,Piano_Sonatas_664-1,test,BuiJL06M,kong,maestro,0.877,0.8692,0.8731
Schubert,Piano_Sonatas_664-1,test,BuiJL06M,T5,maestro,0.8725,0.846,0.859
Schubert,Piano_Sonatas_664-1,test,BuiJL06M,T5,disklavier,0.2981,0.3064,0.3022
Schubert,Piano_Sonatas_664-1,test,BuiJL06M,kong,disklavier,0.388,0.3927,0.3903
Schubert,Piano_Sonatas_664-1,test,BuiJL06M,oaf,disklavier,0.3743,0.3517,0.3626
Schubert,Piano_Sonatas_664-1,test,KabuliL10M,T5,maestro,0.8389,0.8159,0.8272
Schubert,Piano_Sonatas_664-1,test,KabuliL10M,oaf,maestro,0.6782,0.6501,0.6638
Schubert,Piano_Sonatas_664-1,test,KabuliL10M,kong,maestro,0.8353,0.8242,0.8297
Schubert,Piano_Sonatas_664-1,test,KabuliL10M,T5,disklavier,0.3771,0.3914,0.3841
Schubert,Piano_Sonatas_664-1,test,KabuliL10M,oaf,disklavier,0.4715,0.4453,0.458
Schubert,Piano_Sonatas_664-1,test,KabuliL10M,kong,disklavier,0.5254,0.5369,0.5311
Bach,Fugue_bwv_848,train,Denisova06M,oaf,maestro,0.8047,0.7929,0.7987
Bach,Fugue_bwv_848,train,Denisova06M,kong,maestro,0.9509,0.9456,0.9483
Bach,Fugue_bwv_848,train,Denisova06M,T5,maestro,0.1139,0.1123,0.1131
Bach,Fugue_bwv_848,train,Denisova06M,oaf,disklavier,0.6312,0.6255,0.6284
Bach,Fugue_bwv_848,train,Denisova06M,T5,disklavier,0.844,0.8605,0.8522
Bach,Fugue_bwv_848,train,Denisova06M,kong,disklavier,0.9157,0.9163,0.916
Bach,Fugue_bwv_848,train,Lin04M,oaf,maestro,0.8031,0.7874,0.7952
Bach,Fugue_bwv_848,train,Lin04M,kong,maestro,0.9313,0.9287,0.93
Bach,Fugue_bwv_848,train,Lin04M,T5,maestro,0.0282,0.028,0.0281
Bach,Fugue_bwv_848,train,Lin04M,T5,disklavier,0.8038,0.8224,0.813
Bach,Fugue_bwv_848,train,Lin04M,kong,disklavier,0.9019,0.9063,0.9041
Bach,Fugue_bwv_848,train,Lin04M,oaf,disklavier,0.681,0.6748,0.6779
Bach,Fugue_bwv_848,train,Lou01M,kong,maestro,0.9434,0.9414,0.9424
Bach,Fugue_bwv_848,train,Lou01M,T5,maestro,0.0351,0.0349,0.035
Bach,Fugue_bwv_848,train,Lou01M,oaf,maestro,0.7851,0.7774,0.7812
Bach,Fugue_bwv_848,train,Lou01M,T5,disklavier,0.7439,0.7683,0.7559
Bach,Fugue_bwv_848,train,Lou01M,oaf,disklavier,0.8498,0.8451,0.8474
Bach,Fugue_bwv_848,train,Lou01M,kong,disklavier,0.8689,0.8744,0.8717
Bach,Fugue_bwv_848,train,MiyashitaM01M,oaf,maestro,0.8622,0.8526,0.8573
Bach,Fugue_bwv_848,train,MiyashitaM01M,T5,maestro,0.0812,0.0807,0.0809
Bach,Fugue_bwv_848,train,MiyashitaM01M,kong,maestro,0.9784,0.9743,0.9763
Bach,Fugue_bwv_848,train,MiyashitaM01M,oaf,disklavier,0.6704,0.6662,0.6683
Bach,Fugue_bwv_848,train,MiyashitaM01M,T5,disklavier,0.7766,0.8025,0.7893
Bach,Fugue_bwv_848,train,MiyashitaM01M,kong,disklavier,0.9059,0.911,0.9085
Bach,Fugue_bwv_848,train,Mizumoto03M,kong,maestro,0.9659,0.9632,0.9645
Bach,Fugue_bwv_848,train,Mizumoto03M,T5,maestro,0.0547,0.0542,0.0545
Bach,Fugue_bwv_848,train,Mizumoto03M,oaf,maestro,0.8034,0.795,0.7992
Bach,Fugue_bwv_848,train,Mizumoto03M,kong,disklavier,0.836,0.8464,0.8412
Bach,Fugue_bwv_848,train,Mizumoto03M,T5,disklavier,0.7338,0.7491,0.7414
Bach,Fugue_bwv_848,train,Mizumoto03M,oaf,disklavier,0.6505,0.6428,0.6466
Bach,Fugue_bwv_848,train,SunY01M,T5,maestro,0.026,0.0259,0.0259
Bach,Fugue_bwv_848,train,SunY01M,oaf,maestro,0.7982,0.7904,0.7942
Bach,Fugue_bwv_848,train,SunY01M,kong,maestro,0.965,0.9623,0.9636
Bach,Fugue_bwv_848,train,SunY01M,kong,disklavier,0.8826,0.8882,0.8854
Bach,Fugue_bwv_848,train,SunY01M,T5,disklavier,0.6099,0.673,0.6399
Bach,Fugue_bwv_848,train,SunY01M,oaf,disklavier,0.6223,0.6171,0.6196
Bach,Fugue_bwv_848,train,Zhou01M,T5,maestro,0.0871,0.0867,0.0869
Bach,Fugue_bwv_848,train,Zhou01M,oaf,maestro,0.8249,0.8203,0.8226
Bach,Fugue_bwv_848,train,Zhou01M,kong,maestro,0.9685,0.9678,0.9682
Bach,Fugue_bwv_848,train,Zhou01M,kong,disklavier,0.9107,0.9203,0.9155
Bach,Fugue_bwv_848,train,Zhou01M,oaf,disklavier,0.6104,0.607,0.6087
Bach,Fugue_bwv_848,train,Zhou01M,T5,disklavier,0.8038,0.8336,0.8184
Beethoven,Piano_Sonatas_21-1,train,GonzalezJ06M,T5,maestro,0.9426,0.9157,0.929
Beethoven,Piano_Sonatas_21-1,train,GonzalezJ06M,kong,maestro,0.8895,0.881,0.8852
Beethoven,Piano_Sonatas_21-1,train,GonzalezJ06M,oaf,maestro,0.849,0.8294,0.8391
Beethoven,Piano_Sonatas_21-1,train,GonzalezJ06M,oaf,disklavier,0.7111,0.6934,0.7021
Beethoven,Piano_Sonatas_21-1,train,GonzalezJ06M,T5,disklavier,0.7016,0.7051,0.7033
Beethoven,Piano_Sonatas_21-1,train,GonzalezJ06M,kong,disklavier,0.765,0.7637,0.7643
Beethoven,Piano_Sonatas_21-1,train,KimSY02M,oaf,maestro,0.6073,0.5979,0.6025
Beethoven,Piano_Sonatas_21-1,train,KimSY02M,kong,maestro,0.9116,0.9091,0.9103
Beethoven,Piano_Sonatas_21-1,train,KimSY02M,T5,maestro,0.9488,0.9239,0.9362
Beethoven,Piano_Sonatas_21-1,train,KimSY02M,T5,disklavier,0.6836,0.7118,0.6974
Beethoven,Piano_Sonatas_21-1,train,KimSY02M,oaf,disklavier,0.7691,0.7592,0.7642
Beethoven,Piano_Sonatas_21-1,train,KimSY02M,kong,disklavier,0.7651,0.7748,0.7699
Beethoven,Piano_Sonatas_21-1,train,LeeN02M,T5,maestro,0.966,0.949,0.9574
Beethoven,Piano_Sonatas_21-1,train,LeeN02M,kong,maestro,0.941,0.936,0.9385
Beethoven,Piano_Sonatas_21-1,train,LeeN02M,oaf,maestro,0.8142,0.8027,0.8084
Beethoven,Piano_Sonatas_21-1,train,LeeN02M,kong,disklavier,0.7916,0.7993,0.7954
Beethoven,Piano_Sonatas_21-1,train,LeeN02M,T5,disklavier,0.6024,0.6505,0.6256
Beethoven,Piano_Sonatas_21-1,train,LeeN02M,oaf,disklavier,0.6597,0.6424,0.6509
Beethoven,Piano_Sonatas_21-1,train,RichardsonC02M,oaf,maestro,0.7238,0.7063,0.7149
Beethoven,Piano_Sonatas_21-1,train,RichardsonC02M,kong,maestro,0.9132,0.9034,0.9083
Beethoven,Piano_Sonatas_21-1,train,RichardsonC02M,T5,maestro,0.9507,0.9283,0.9394
Beethoven,Piano_Sonatas_21-1,train,RichardsonC02M,kong,disklavier,0.6981,0.6994,0.6988
Beethoven,Piano_Sonatas_21-1,train,RichardsonC02M,T5,disklavier,0.5864,0.6087,0.5973
Beethoven,Piano_Sonatas_21-1,train,RichardsonC02M,oaf,disklavier,0.2088,0.2016,0.2052
Beethoven,Piano_Sonatas_21-1,train,Shychko02M,T5,maestro,0.9542,0.9373,0.9457
Beethoven,Piano_Sonatas_21-1,train,Shychko02M,kong,maestro,0.9027,0.8967,0.8997
Beethoven,Piano_Sonatas_21-1,train,Shychko02M,oaf,maestro,0.7166,0.7047,0.7106
Beethoven,Piano_Sonatas_21-1,train,Shychko02M,kong,disklavier,0.7915,0.8007,0.7961
Beethoven,Piano_Sonatas_21-1,train,Shychko02M,oaf,disklavier,0.6359,0.6207,0.6282
Beethoven,Piano_Sonatas_21-1,train,Shychko02M,T5,disklavier,0.6851,0.7187,0.7015
Beethoven,Piano_Sonatas_21-1,train,Sladek02M,oaf,maestro,0.6758,0.6654,0.6705
Beethoven,Piano_Sonatas_21-1,train,Sladek02M,kong,maestro,0.903,0.8985,0.9007
Beethoven,Piano_Sonatas_21-1,train,Sladek02M,T5,maestro,0.9497,0.925,0.9372
Beethoven,Piano_Sonatas_21-1,train,Sladek02M,oaf,disklavier,0.7638,0.7453,0.7544
Beethoven,Piano_Sonatas_21-1,train,Sladek02M,T5,disklavier,0.6395,0.6567,0.648
Beethoven,Piano_Sonatas_21-1,train,Sladek02M,kong,disklavier,0.751,0.7579,0.7544
Beethoven,Piano_Sonatas_21-1,train,Song03M,oaf,maestro,0.6079,0.6009,0.6043
Beethoven,Piano_Sonatas_21-1,train,Song03M,kong,maestro,0.8725,0.8692,0.8709
Beethoven,Piano_Sonatas_21-1,train,Song03M,T5,maestro,0.9274,0.9163,0.9218
Beethoven,Piano_Sonatas_21-1,train,Song03M,T5,disklavier,0.5802,0.6359,0.6068
Beethoven,Piano_Sonatas_21-1,train,Song03M,kong,disklavier,0.7753,0.7898,0.7825
Beethoven,Piano_Sonatas_21-1,train,Song03M,oaf,disklavier,0.8058,0.7853,0.7954
Beethoven,Piano_Sonatas_21-1,train,SunY02M,T5,maestro,0.9699,0.9596,0.9647
Beethoven,Piano_Sonatas_21-1,train,SunY02M,oaf,maestro,0.803,0.7939,0.7984
Beethoven,Piano_Sonatas_21-1,train,SunY02M,kong,maestro,0.9491,0.9459,0.9475
Beethoven,Piano_Sonatas_21-1,train,SunY02M,oaf,disklavier,0.6007,0.5836,0.592
Beethoven,Piano_Sonatas_21-1,train,SunY02M,kong,disklavier,0.7895,0.8013,0.7954
Beethoven,Piano_Sonatas_21-1,train,SunY02M,T5,disklavier,0.6348,0.6744,0.654
Beethoven,Piano_Sonatas_21-1,train,Tetzloff05M,T5,maestro,0.9319,0.8994,0.9153
Beethoven,Piano_Sonatas_21-1,train,Tetzloff05M,oaf,maestro,0.5655,0.543,0.554
Beethoven,Piano_Sonatas_21-1,train,Tetzloff05M,kong,maestro,0.8435,0.8312,0.8373
Beethoven,Piano_Sonatas_21-1,train,Tetzloff05M,T5,disklavier,0.623,0.636,0.6294
Beethoven,Piano_Sonatas_21-1,train,Tetzloff05M,oaf,disklavier,0.7004,0.6743,0.6871
Beethoven,Piano_Sonatas_21-1,train,Tetzloff05M,kong,disklavier,0.7178,0.7184,0.7181
Beethoven,Piano_Sonatas_21-1,train,ToA02M,oaf,maestro,0.8985,0.8917,0.8951
Beethoven,Piano_Sonatas_21-1,train,ToA02M,kong,maestro,0.9484,0.9454,0.9469
Beethoven,Piano_Sonatas_21-1,train,ToA02M,T5,maestro,0.9684,0.9565,0.9624
Beethoven,Piano_Sonatas_21-1,train,ToA02M,oaf,disklavier,0.2388,0.2338,0.2362
Beethoven,Piano_Sonatas_21-1,train,ToA02M,T5,disklavier,0.6956,0.7232,0.7091
Beethoven,Piano_Sonatas_21-1,train,ToA02M,kong,disklavier,0.8088,0.8128,0.8108
Beethoven,Piano_Sonatas_21-1,train,TongB03M,oaf,maestro,0.9017,0.8889,0.8952
Beethoven,Piano_Sonatas_21-1,train,TongB03M,kong,maestro,0.9414,0.9341,0.9378
Beethoven,Piano_Sonatas_21-1,train,TongB03M,T5,maestro,0.9624,0.9458,0.954
Beethoven,Piano_Sonatas_21-1,train,TongB03M,oaf,disklavier,0.6807,0.6636,0.672
Beethoven,Piano_Sonatas_21-1,train,TongB03M,T5,disklavier,0.5972,0.6259,0.6112
Beethoven,Piano_Sonatas_21-1,train,TongB03M,kong,disklavier,0.6982,0.7007,0.6995
Beethoven,Piano_Sonatas_21-1,train,WangA02M,T5,maestro,0.9703,0.9508,0.9605
Beethoven,Piano_Sonatas_21-1,train,WangA02M,oaf,maestro,0.7091,0.7017,0.7054
Beethoven,Piano_Sonatas_21-1,train,WangA02M,kong,maestro,0.9436,0.9399,0.9418
Beethoven,Piano_Sonatas_21-1,train,WangA02M,oaf,disklavier,0.4599,0.4487,0.4542
Beethoven,Piano_Sonatas_21-1,train,WangA02M,kong,disklavier,0.7439,0.7457,0.7448
Beethoven,Piano_Sonatas_21-1,train,WangA02M,T5,disklavier,0.7009,0.709,0.7049
Beethoven,Piano_Sonatas_21-1,train,YeZ02M,kong,maestro,0.9369,0.9342,0.9356
Beethoven,Piano_Sonatas_21-1,train,YeZ02M,oaf,maestro,0.8932,0.8782,0.8857
Beethoven,Piano_Sonatas_21-1,train,YeZ02M,T5,maestro,0.9644,0.9496,0.957
Beethoven,Piano_Sonatas_21-1,train,YeZ02M,T5,disklavier,0.6303,0.6697,0.6494
Beethoven,Piano_Sonatas_21-1,train,YeZ02M,oaf,disklavier,0.7827,0.7652,0.7739
Beethoven,Piano_Sonatas_21-1,train,YeZ02M,kong,disklavier,0.8098,0.8217,0.8157
Beethoven,Piano_Sonatas_21-1,train,ZhangW01M,T5,maestro,0.9524,0.9363,0.9443
Beethoven,Piano_Sonatas_21-1,train,ZhangW01M,oaf,maestro,0.5217,0.514,0.5178
Beethoven,Piano_Sonatas_21-1,train,ZhangW01M,kong,maestro,0.915,0.9094,0.9122
Beethoven,Piano_Sonatas_21-1,train,ZhangW01M,kong,disklavier,0.6934,0.6946,0.694
Beethoven,Piano_Sonatas_21-1,train,ZhangW01M,oaf,disklavier,0.6486,0.6303,0.6394
Beethoven,Piano_Sonatas_21-1,train,ZhangW01M,T5,disklavier,0.5692,0.59,0.5795
Chopin,Scherzos_31,train,ChenW04M,oaf,maestro,0.8384,0.797,0.8172
Chopin,Scherzos_31,train,ChenW04M,kong,maestro,0.9053,0.8832,0.8941
Chopin,Scherzos_31,train,ChenW04M,T5,maestro,0.9369,0.897,0.9165
Chopin,Scherzos_31,train,ChenW04M,kong,disklavier,0.6802,0.679,0.6796
Chopin,Scherzos_31,train,ChenW04M,T5,disklavier,0.4524,0.4946,0.4726
Chopin,Scherzos_31,train,ChenW04M,oaf,disklavier,0.7453,0.6896,0.7164
Chopin,Scherzos_31,train,HuNY08M,kong,maestro,0.932,0.9185,0.9252
Chopin,Scherzos_31,train,HuNY08M,T5,maestro,0.9509,0.9206,0.9355
Chopin,Scherzos_31,train,HuNY08M,oaf,maestro,0.8869,0.8574,0.8719
Chopin,Scherzos_31,train,HuNY08M,kong,disklavier,0.732,0.7293,0.7307
Chopin,Scherzos_31,train,HuNY08M,T5,disklavier,0.5149,0.536,0.5252
Chopin,Scherzos_31,train,HuNY08M,oaf,disklavier,0.7827,0.7357,0.7584
Chopin,Scherzos_31,train,Jussow11M,oaf,maestro,0.8162,0.7673,0.791
Chopin,Scherzos_31,train,Jussow11M,kong,maestro,0.901,0.887,0.894
Chopin,Scherzos_31,train,Jussow11M,T5,maestro,0.9355,0.9002,0.9175
Chopin,Scherzos_31,train,Jussow11M,oaf,disklavier,0.7187,0.66,0.6881
Chopin,Scherzos_31,train,Jussow11M,T5,disklavier,0.5356,0.5366,0.5361
Chopin,Scherzos_31,train,Jussow11M,kong,disklavier,0.7008,0.6929,0.6968
Chopin,Scherzos_31,train,LeeN04M,oaf,maestro,0.8744,0.8455,0.8597
Chopin,Scherzos_31,train,LeeN04M,T5,maestro,0.949,0.9213,0.9349
Chopin,Scherzos_31,train,LeeN04M,kong,maestro,0.9189,0.9052,0.912
Chopin,Scherzos_31,train,LeeN04M,T5,disklavier,0.4578,0.4923,0.4744
Chopin,Scherzos_31,train,LeeN04M,kong,disklavier,0.7067,0.712,0.7093
Chopin,Scherzos_31,train,LeeN04M,oaf,disklavier,0.7572,0.7162,0.7361
Chopin,Scherzos_31,train,LinTami06M,T5,maestro,0.9241,0.88,0.9015
Chopin,Scherzos_31,train,LinTami06M,kong,maestro,0.8807,0.8567,0.8685
Chopin,Scherzos_31,train,LinTami06M,oaf,maestro,0.8399,0.7822,0.8101
Chopin,Scherzos_31,train,LinTami06M,kong,disklavier,0.6755,0.676,0.6757
Chopin,Scherzos_31,train,LinTami06M,oaf,disklavier,0.6466,0.613,0.6294
Chopin,Scherzos_31,train,LinTami06M,T5,disklavier,0.5052,0.5096,0.5074
Chopin,Scherzos_31,train,LuoJ12M,T5,maestro,0.9334,0.9143,0.9238
Chopin,Scherzos_31,train,LuoJ12M,kong,maestro,0.9194,0.9133,0.9163
Chopin,Scherzos_31,train,LuoJ12M,oaf,maestro,0.8585,0.8394,0.8488
Chopin,Scherzos_31,train,LuoJ12M,oaf,disklavier,0.0162,0.0154,0.0158
Chopin,Scherzos_31,train,LuoJ12M,kong,disklavier,0.6466,0.6507,0.6487
Chopin,Scherzos_31,train,LuoJ12M,T5,disklavier,0.4669,0.4834,0.475
Chopin,Scherzos_31,train,SunD04M,kong,maestro,0.916,0.8989,0.9074
Chopin,Scherzos_31,train,SunD04M,oaf,maestro,0.8707,0.8351,0.8525
Chopin,Scherzos_31,train,SunD04M,T5,maestro,0.9385,0.9101,0.9241
Chopin,Scherzos_31,train,SunD04M,kong,disklavier,0.6638,0.6634,0.6636
Chopin,Scherzos_31,train,SunD04M,T5,disklavier,0.4511,0.4771,0.4638
Chopin,Scherzos_31,train,SunD04M,oaf,disklavier,0.7363,0.6883,0.7115
Chopin,Scherzos_31,train,TongB04M,kong,maestro,0.9189,0.9084,0.9136
Chopin,Scherzos_31,train,TongB04M,T5,maestro,0.9354,0.9106,0.9228
Chopin,Scherzos_31,train,TongB04M,oaf,maestro,0.8304,0.8008,0.8153
Chopin,Scherzos_31,train,TongB04M,oaf,disklavier,0.7296,0.6816,0.7048
Chopin,Scherzos_31,train,TongB04M,kong,disklavier,0.6967,0.7021,0.6994
Chopin,Scherzos_31,train,TongB04M,T5,disklavier,0.4494,0.4887,0.4682
Chopin,Scherzos_31,train,TuanS05M,kong,maestro,0.9201,0.9095,0.9147
Chopin,Scherzos_31,train,TuanS05M,oaf,maestro,0.7104,0.6877,0.6988
Chopin,Scherzos_31,train,TuanS05M,T5,maestro,0.9467,0.9217,0.934
Chopin,Scherzos_31,train,TuanS05M,T5,disklavier,0.5123,0.5559,0.5332
Chopin,Scherzos_31,train,TuanS05M,oaf,disklavier,0.7771,0.7344,0.7552
Chopin,Scherzos_31,train,TuanS05M,kong,disklavier,0.7663,0.7715,0.7689
Chopin,Scherzos_31,train,ZhangW04M,T5,maestro,0.9401,0.9179,0.9289
Chopin,Scherzos_31,train,ZhangW04M,oaf,maestro,0.8191,0.7934,0.806
Chopin,Scherzos_31,train,ZhangW04M,kong,maestro,0.9047,0.8917,0.8981
Chopin,Scherzos_31,train,ZhangW04M,oaf,disklavier,0.6553,0.6229,0.6387
Chopin,Scherzos_31,train,ZhangW04M,kong,disklavier,0.6076,0.6082,0.6079
Chopin,Scherzos_31,train,ZhangW04M,T5,disklavier,0.4559,0.4686,0.4622
Debussy,Images_Book_1_1_Reflets_dans_lEau,train,Kleisen11M,kong,maestro,0.8911,0.8677,0.8792
Debussy,Images_Book_1_1_Reflets_dans_lEau,train,Kleisen11M,oaf,maestro,0.8165,0.7433,0.7782
Debussy,Images_Book_1_1_Reflets_dans_lEau,train,Kleisen11M,T5,maestro,0.8939,0.8518,0.8724
Debussy,Images_Book_1_1_Reflets_dans_lEau,train,Kleisen11M,T5,disklavier,0.4142,0.4232,0.4186
Debussy,Images_Book_1_1_Reflets_dans_lEau,train,Kleisen11M,kong,disklavier,0.6407,0.6194,0.6299
Debussy,Images_Book_1_1_Reflets_dans_lEau,train,Kleisen11M,oaf,disklavier,0.5348,0.4906,0.5118
Debussy,Images_Book_1_1_Reflets_dans_lEau,train,ParkJH13M,T5,maestro,0.9044,0.8882,0.8962
Debussy,Images_Book_1_1_Reflets_dans_lEau,train,ParkJH13M,kong,maestro,0.9164,0.9041,0.9102
Debussy,Images_Book_1_1_Reflets_dans_lEau,train,ParkJH13M,oaf,maestro,0.8264,0.7947,0.8102
Debussy,Images_Book_1_1_Reflets_dans_lEau,train,ParkJH13M,T5,disklavier,0.652,0.6834,0.6673
Debussy,Images_Book_1_1_Reflets_dans_lEau,train,ParkJH13M,kong,disklavier,0.7854,0.7913,0.7883
Debussy,Images_Book_1_1_Reflets_dans_lEau,train,ParkJH13M,oaf,disklavier,0.7886,0.7584,0.7732
Glinka,The_Lark,train,Denisova10M,oaf,maestro,0.8476,0.821,0.8341
Glinka,The_Lark,train,Denisova10M,kong,maestro,0.9056,0.9017,0.9037
Glinka,The_Lark,train,Denisova10M,T5,maestro,0.947,0.9275,0.9371
Glinka,The_Lark,train,Denisova10M,oaf,disklavier,0.7342,0.715,0.7245
Glinka,The_Lark,train,Denisova10M,T5,disklavier,0.6315,0.676,0.653
Glinka,The_Lark,train,Denisova10M,kong,disklavier,0.7869,0.8064,0.7965
Glinka,The_Lark,train,Kleisen07M,oaf,maestro,0.791,0.7272,0.7578
Glinka,The_Lark,train,Kleisen07M,kong,maestro,0.8887,0.8645,0.8764
Glinka,The_Lark,train,Kleisen07M,T5,maestro,0.9167,0.8777,0.8968
Glinka,The_Lark,train,Kleisen07M,oaf,disklavier,0.5941,0.5519,0.5722
Glinka,The_Lark,train,Kleisen07M,kong,disklavier,0.6733,0.6575,0.6653
Glinka,The_Lark,train,Kleisen07M,T5,disklavier,0.4416,0.4536,0.4475
Haydn,Keyboard_Sonatas_50-1,train,GalantM02M,oaf,maestro,0.7586,0.742,0.7502
Haydn,Keyboard_Sonatas_50-1,train,GalantM02M,kong,maestro,0.9372,0.9334,0.9353
Haydn,Keyboard_Sonatas_50-1,train,GalantM02M,T5,maestro,0.961,0.9481,0.9545
Haydn,Keyboard_Sonatas_50-1,train,GalantM02M,kong,disklavier,0.0291,0.029,0.029
Haydn,Keyboard_Sonatas_50-1,train,GalantM02M,T5,disklavier,0.0267,0.0267,0.0267
Haydn,Keyboard_Sonatas_50-1,train,GalantM02M,oaf,disklavier,0.6093,0.5888,0.5989
Haydn,Keyboard_Sonatas_50-1,train,HamSY02M,oaf,maestro,0.8697,0.8527,0.8611
Haydn,Keyboard_Sonatas_50-1,train,HamSY02M,kong,maestro,0.913,0.9096,0.9113
Haydn,Keyboard_Sonatas_50-1,train,HamSY02M,T5,maestro,0.961,0.9477,0.9543
Haydn,Keyboard_Sonatas_50-1,train,HamSY02M,T5,disklavier,0.7811,0.795,0.788
Haydn,Keyboard_Sonatas_50-1,train,HamSY02M,oaf,disklavier,0.3926,0.3824,0.3874
Haydn,Keyboard_Sonatas_50-1,train,HamSY02M,kong,disklavier,0.8397,0.8389,0.8393
Haydn,Keyboard_Sonatas_50-1,train,Huang05M,T5,maestro,0.953,0.9394,0.9461
Haydn,Keyboard_Sonatas_50-1,train,Huang05M,kong,maestro,0.9016,0.8987,0.9002
Haydn,Keyboard_Sonatas_50-1,train,Huang05M,oaf,maestro,0.6821,0.6675,0.6747
Haydn,Keyboard_Sonatas_50-1,train,Huang05M,T5,disklavier,0.7341,0.7443,0.7392
Haydn,Keyboard_Sonatas_50-1,train,Huang05M,kong,disklavier,0.8081,0.8083,0.8082
Haydn,Keyboard_Sonatas_50-1,train,Huang05M,oaf,disklavier,0.4798,0.4667,0.4732
Haydn,Keyboard_Sonatas_50-1,train,JeonH03M,oaf,maestro,0.8765,0.8642,0.8703
Haydn,Keyboard_Sonatas_50-1,train,JeonH03M,kong,maestro,0.9616,0.9591,0.9604
Haydn,Keyboard_Sonatas_50-1,train,JeonH03M,T5,maestro,0.9729,0.9563,0.9645
Haydn,Keyboard_Sonatas_50-1,train,JeonH03M,oaf,disklavier,0.6613,0.6358,0.6483
Haydn,Keyboard_Sonatas_50-1,train,JeonH03M,kong,disklavier,0.8175,0.8145,0.816
Haydn,Keyboard_Sonatas_50-1,train,JeonH03M,T5,disklavier,0.721,0.7247,0.7228
Haydn,Keyboard_Sonatas_50-1,train,KARYAG06M,oaf,maestro,0.6608,0.6444,0.6525
Haydn,Keyboard_Sonatas_50-1,train,KARYAG06M,T5,maestro,0.9243,0.8977,0.9108
Haydn,Keyboard_Sonatas_50-1,train,KARYAG06M,kong,maestro,0.8737,0.8655,0.8696
Haydn,Keyboard_Sonatas_50-1,train,KARYAG06M,oaf,disklavier,0.483,0.4615,0.472
Haydn,Keyboard_Sonatas_50-1,train,KARYAG06M,kong,disklavier,0.7309,0.7313,0.7311
Haydn,Keyboard_Sonatas_50-1,train,KARYAG06M,T5,disklavier,0.6339,0.6402,0.637
Haydn,Keyboard_Sonatas_50-1,train,Shi07M,T5,maestro,0.9708,0.9602,0.9655
Haydn,Keyboard_Sonatas_50-1,train,Shi07M,kong,maestro,0.9303,0.9311,0.9307
Haydn,Keyboard_Sonatas_50-1,train,Shi07M,oaf,maestro,0.8591,0.853,0.856
Haydn,Keyboard_Sonatas_50-1,train,Shi07M,oaf,disklavier,0.7736,0.7614,0.7675
Haydn,Keyboard_Sonatas_50-1,train,Shi07M,T5,disklavier,0.7773,0.7995,0.7882
Haydn,Keyboard_Sonatas_50-1,train,Shi07M,kong,disklavier,0.8679,0.8721,0.87
Haydn,Keyboard_Sonatas_50-1,train,YoungS02M,T5,maestro,0.9751,0.9659,0.9705
Haydn,Keyboard_Sonatas_50-1,train,YoungS02M,kong,maestro,0.9563,0.9516,0.9539
Haydn,Keyboard_Sonatas_50-1,train,YoungS02M,oaf,maestro,0.8031,0.7953,0.7992
Haydn,Keyboard_Sonatas_50-1,train,YoungS02M,T5,disklavier,0.761,0.7693,0.7651
Haydn,Keyboard_Sonatas_50-1,train,YoungS02M,kong,disklavier,0.8076,0.8042,0.8059
Haydn,Keyboard_Sonatas_50-1,train,YoungS02M,oaf,disklavier,0.5427,0.5256,0.534
Liszt,Gran_Etudes_de_Paganini_2_La_campanella,train,BuiJL03M,kong,maestro,0.8955,0.8644,0.8797
Liszt,Gran_Etudes_de_Paganini_2_La_campanella,train,BuiJL03M,oaf,maestro,0.807,0.7532,0.7792
Liszt,Gran_Etudes_de_Paganini_2_La_campanella,train,BuiJL03M,T5,maestro,0.9446,0.8974,0.9204
Liszt,Gran_Etudes_de_Paganini_2_La_campanella,train,BuiJL03M,T5,disklavier,0.5365,0.4952,0.515
Liszt,Gran_Etudes_de_Paganini_2_La_campanella,train,BuiJL03M,kong,disklavier,0.5658,0.5368,0.5509
Liszt,Gran_Etudes_de_Paganini_2_La_campanella,train,BuiJL03M,oaf,disklavier,0.5529,0.5011,0.5257
Liszt,Gran_Etudes_de_Paganini_2_La_campanella,train,LeungR04M,kong,maestro,0.8919,0.8769,0.8844
Liszt,Gran_Etudes_de_Paganini_2_La_campanella,train,LeungR04M,T5,maestro,0.9447,0.9097,0.9269
Liszt,Gran_Etudes_de_Paganini_2_La_campanella,train,LeungR04M,oaf,maestro,0.8378,0.7986,0.8177
Liszt,Gran_Etudes_de_Paganini_2_La_campanella,train,LeungR04M,T5,disklavier,0.6615,0.6252,0.6428
Liszt,Gran_Etudes_de_Paganini_2_La_campanella,train,LeungR04M,oaf,disklavier,0.6868,0.6398,0.6625
Liszt,Gran_Etudes_de_Paganini_2_La_campanella,train,LeungR04M,kong,disklavier,0.6597,0.6418,0.6506
Liszt,Gran_Etudes_de_Paganini_2_La_campanella,train,Levitsky06M,kong,maestro,0.8608,0.8346,0.8475
Liszt,Gran_Etudes_de_Paganini_2_La_campanella,train,Levitsky06M,oaf,maestro,0.8204,0.7662,0.7923
Liszt,Gran_Etudes_de_Paganini_2_La_campanella,train,Levitsky06M,T5,maestro,0.9361,0.8879,0.9114
Liszt,Gran_Etudes_de_Paganini_2_La_campanella,train,Levitsky06M,T5,disklavier,0.505,0.4795,0.4919
Liszt,Gran_Etudes_de_Paganini_2_La_campanella,train,Levitsky06M,kong,disklavier,0.5546,0.538,0.5462
Liszt,Gran_Etudes_de_Paganini_2_La_campanella,train,Levitsky06M,oaf,disklavier,0.6173,0.5713,0.5934
Liszt,Gran_Etudes_de_Paganini_2_La_campanella,train,Lin07M,kong,maestro,0.8314,0.7893,0.8098
Liszt,Gran_Etudes_de_Paganini_2_La_campanella,train,Lin07M,oaf,maestro,0.6899,0.6263,0.6566
Liszt,Gran_Etudes_de_Paganini_2_La_campanella,train,Lin07M,T5,maestro,0.9067,0.8441,0.8743
Liszt,Gran_Etudes_de_Paganini_2_La_campanella,train,Lin07M,T5,disklavier,0.0478,0.0439,0.0458
Liszt,Gran_Etudes_de_Paganini_2_La_campanella,train,Lin07M,oaf,disklavier,0.0484,0.0439,0.046
Liszt,Gran_Etudes_de_Paganini_2_La_campanella,train,Lin07M,kong,disklavier,0.062,0.0587,0.0603
Liszt,Gran_Etudes_de_Paganini_2_La_campanella,train,LiuC05M,T5,maestro,0.9505,0.9052,0.9273
Liszt,Gran_Etudes_de_Paganini_2_La_campanella,train,LiuC05M,kong,maestro,0.8958,0.8622,0.8787
Liszt,Gran_Etudes_de_Paganini_2_La_campanella,train,LiuC05M,oaf,maestro,0.8281,0.7707,0.7983
Liszt,Gran_Etudes_de_Paganini_2_La_campanella,train,LiuC05M,oaf,disklavier,0.6458,0.5887,0.6159
Liszt,Gran_Etudes_de_Paganini_2_La_campanella,train,LiuC05M,kong,disklavier,0.6137,0.5867,0.5999
Liszt,Gran_Etudes_de_Paganini_2_La_campanella,train,LiuC05M,T5,disklavier,0.456,0.4302,0.4427
Liszt,Gran_Etudes_de_Paganini_2_La_campanella,train,LiuY03M,T5,maestro,0.9323,0.892,0.9117
Liszt,Gran_Etudes_de_Paganini_2_La_campanella,train,LiuY03M,oaf,maestro,0.8047,0.7634,0.7835
Liszt,Gran_Etudes_de_Paganini_2_La_campanella,train,LiuY03M,kong,maestro,0.8959,0.8745,0.8851
Liszt,Gran_Etudes_de_Paganini_2_La_campanella,train,LiuY03M,kong,disklavier,0.6345,0.6054,0.6196
Liszt,Gran_Etudes_de_Paganini_2_La_campanella,train,LiuY03M,T5,disklavier,0.5759,0.5461,0.5606
Liszt,Gran_Etudes_de_Paganini_2_La_campanella,train,LiuY03M,oaf,disklavier,0.6896,0.6324,0.6598
Liszt,Gran_Etudes_de_Paganini_2_La_campanella,train,MunA08M,T5,maestro,0.927,0.8601,0.8923
Liszt,Gran_Etudes_de_Paganini_2_La_campanella,train,MunA08M,kong,maestro,0.8679,0.8293,0.8482
Liszt,Gran_Etudes_de_Paganini_2_La_campanella,train,MunA08M,oaf,maestro,0.8287,0.762,0.794
Liszt,Gran_Etudes_de_Paganini_2_La_campanella,train,MunA08M,oaf,disklavier,0.665,0.589,0.6247
Liszt,Gran_Etudes_de_Paganini_2_La_campanella,train,MunA08M,kong,disklavier,0.6287,0.5909,0.6092
Liszt,Gran_Etudes_de_Paganini_2_La_campanella,train,MunA08M,T5,disklavier,0.5974,0.5539,0.5748
Liszt,Gran_Etudes_de_Paganini_2_La_campanella,train,VuV06M,T5,maestro,0.9338,0.897,0.9151
Liszt,Gran_Etudes_de_Paganini_2_La_campanella,train,VuV06M,oaf,maestro,0.8499,0.8073,0.8281
Liszt,Gran_Etudes_de_Paganini_2_La_campanella,train,VuV06M,kong,maestro,0.8994,0.8799,0.8895
Liszt,Gran_Etudes_de_Paganini_2_La_campanella,train,VuV06M,oaf,disklavier,0.6675,0.6207,0.6433
Liszt,Gran_Etudes_de_Paganini_2_La_campanella,train,VuV06M,kong,disklavier,0.6253,0.6091,0.6171
Liszt,Gran_Etudes_de_Paganini_2_La_campanella,train,VuV06M,T5,disklavier,0.5748,0.5545,0.5645
Liszt,Gran_Etudes_de_Paganini_2_La_campanella,train,Yang05M,T5,maestro,0.0143,0.0135,0.0139
Liszt,Gran_Etudes_de_Paganini_2_La_campanella,train,Yang05M,kong,maestro,0.014,0.0135,0.0137
Liszt,Gran_Etudes_de_Paganini_2_La_campanella,train,Yang05M,oaf,maestro,0.0126,0.0118,0.0122
Liszt,Gran_Etudes_de_Paganini_2_La_campanella,train,Yang05M,kong,disklavier,0.6686,0.6387,0.6533
Liszt,Gran_Etudes_de_Paganini_2_La_campanella,train,Yang05M,oaf,disklavier,0.7082,0.6358,0.67
Liszt,Gran_Etudes_de_Paganini_2_La_campanella,train,Yang05M,T5,disklavier,0.6382,0.5908,0.6136
Liszt,Gran_Etudes_de_Paganini_2_La_campanella,train,ZhangH07M,T5,maestro,0.8637,0.7878,0.824
Liszt,Gran_Etudes_de_Paganini_2_La_campanella,train,ZhangH07M,kong,maestro,0.8141,0.7449,0.778
Liszt,Gran_Etudes_de_Paganini_2_La_campanella,train,ZhangH07M,oaf,maestro,0.7557,0.6487,0.6981
Liszt,Gran_Etudes_de_Paganini_2_La_campanella,train,ZhangH07M,oaf,disklavier,0.6163,0.5206,0.5644
Liszt,Gran_Etudes_de_Paganini_2_La_campanella,train,ZhangH07M,kong,disklavier,0.6032,0.556,0.5786
Liszt,Gran_Etudes_de_Paganini_2_La_campanella,train,ZhangH07M,T5,disklavier,0.5514,0.5075,0.5286
Mozart,Piano_Sonatas_12-1,train,MunA03M,oaf,maestro,0.8475,0.834,0.8407
Mozart,Piano_Sonatas_12-1,train,MunA03M,T5,maestro,0.9511,0.9385,0.9448
Mozart,Piano_Sonatas_12-1,train,MunA03M,kong,maestro,0.9222,0.9178,0.92
Mozart,Piano_Sonatas_12-1,train,MunA03M,oaf,disklavier,0.6746,0.6644,0.6695
Mozart,Piano_Sonatas_12-1,train,MunA03M,T5,disklavier,0.6567,0.6983,0.6769
Mozart,Piano_Sonatas_12-1,train,MunA03M,kong,disklavier,0.7989,0.8085,0.8036
Mozart,Piano_Sonatas_12-1,train,WuuE02M,oaf,maestro,0.8298,0.8245,0.8271
Mozart,Piano_Sonatas_12-1,train,WuuE02M,T5,maestro,0.9584,0.9484,0.9534
Mozart,Piano_Sonatas_12-1,train,WuuE02M,kong,maestro,0.9408,0.9408,0.9408
Mozart,Piano_Sonatas_12-1,train,WuuE02M,T5,disklavier,0.6768,0.7025,0.6894
Mozart,Piano_Sonatas_12-1,train,WuuE02M,oaf,disklavier,0.571,0.561,0.566
Mozart,Piano_Sonatas_12-1,train,WuuE02M,kong,disklavier,0.7677,0.7781,0.7728
Rachmaninoff,Preludes_op_23_4,train,ChenGuang12M,kong,maestro,0.006,0.0059,0.006
Rachmaninoff,Preludes_op_23_4,train,ChenGuang12M,T5,maestro,0.0053,0.0052,0.0052
Rachmaninoff,Preludes_op_23_4,train,ChenGuang12M,oaf,maestro,0.0046,0.0044,0.0045
Rachmaninoff,Preludes_op_23_4,train,ChenGuang12M,kong,disklavier,0.7543,0.7815,0.7677
Rachmaninoff,Preludes_op_23_4,train,ChenGuang12M,T5,disklavier,0.5433,0.6207,0.5794
Rachmaninoff,Preludes_op_23_4,train,ChenGuang12M,oaf,disklavier,0.6748,0.6509,0.6627
Rachmaninoff,Preludes_op_23_4,train,WuuE07M,T5,maestro,0.9542,0.9457,0.9499
Rachmaninoff,Preludes_op_23_4,train,WuuE07M,kong,maestro,0.9483,0.9412,0.9447
Rachmaninoff,Preludes_op_23_4,train,WuuE07M,oaf,maestro,0.875,0.8438,0.8591
Rachmaninoff,Preludes_op_23_4,train,WuuE07M,T5,disklavier,0.0042,0.0045,0.0043
Rachmaninoff,Preludes_op_23_4,train,WuuE07M,oaf,disklavier,0.0041,0.0037,0.0039
Rachmaninoff,Preludes_op_23_4,train,WuuE07M,kong,disklavier,0.0054,0.0052,0.0053
Schubert,Impromptu_op.90_D.899_3,train,Hou06M,oaf,maestro,0.8093,0.7758,0.7922
Schubert,Impromptu_op.90_D.899_3,train,Hou06M,kong,maestro,0.8706,0.8608,0.8657
Schubert,Impromptu_op.90_D.899_3,train,Hou06M,T5,maestro,0.9201,0.8995,0.9097
Schubert,Impromptu_op.90_D.899_3,train,Hou06M,T5,disklavier,0.4335,0.4612,0.4469
Schubert,Impromptu_op.90_D.899_3,train,Hou06M,kong,disklavier,0.6305,0.6258,0.6281
Schubert,Impromptu_op.90_D.899_3,train,Hou06M,oaf,disklavier,0.6355,0.5837,0.6085
Schubert,Impromptu_op.90_D.899_3,train,JeonH06M,oaf,maestro,0.8928,0.8689,0.8807
Schubert,Impromptu_op.90_D.899_3,train,JeonH06M,T5,maestro,0.9697,0.958,0.9638
Schubert,Impromptu_op.90_D.899_3,train,JeonH06M,kong,maestro,0.9499,0.9447,0.9473
Schubert,Impromptu_op.90_D.899_3,train,JeonH06M,kong,disklavier,0.7239,0.7132,0.7185
Schubert,Impromptu_op.90_D.899_3,train,JeonH06M,oaf,disklavier,0.7417,0.6704,0.7043
Schubert,Impromptu_op.90_D.899_3,train,JeonH06M,T5,disklavier,0.6157,0.6346,0.625
Schubert,Impromptu_op.90_D.899_3,train,Ko08M,oaf,maestro,0.9097,0.8883,0.8988
Schubert,Impromptu_op.90_D.899_3,train,Ko08M,kong,maestro,0.9399,0.9373,0.9386
Schubert,Impromptu_op.90_D.899_3,train,Ko08M,T5,maestro,0.9679,0.9588,0.9634
Schubert,Impromptu_op.90_D.899_3,train,Ko08M,kong,disklavier,0.8293,0.8534,0.8412
Schubert,Impromptu_op.90_D.899_3,train,Ko08M,T5,disklavier,0.6399,0.7362,0.6847
Schubert,Impromptu_op.90_D.899_3,train,Ko08M,oaf,disklavier,0.8566,0.824,0.84
Schubert,Impromptu_op.90_D.899_3,train,Kociuban10M,oaf,maestro,0.8449,0.8128,0.8285
Schubert,Impromptu_op.90_D.899_3,train,Kociuban10M,kong,maestro,0.9214,0.9168,0.9191
Schubert,Impromptu_op.90_D.899_3,train,Kociuban10M,T5,maestro,0.9582,0.949,0.9536
Schubert,Impromptu_op.90_D.899_3,train,Kociuban10M,oaf,disklavier,0.5161,0.4918,0.5036
Schubert,Impromptu_op.90_D.899_3,train,Kociuban10M,T5,disklavier,0.3371,0.3583,0.3473
Schubert,Impromptu_op.90_D.899_3,train,Kociuban10M,kong,disklavier,0.5102,0.5102,0.5102
Schubert,Impromptu_op.90_D.899_3,train,LEE_K04M,oaf,maestro,0.8569,0.8236,0.8399
Schubert,Impromptu_op.90_D.899_3,train,LEE_K04M,kong,maestro,0.9059,0.9083,0.9071
Schubert,Impromptu_op.90_D.899_3,train,LEE_K04M,T5,maestro,0.948,0.9351,0.9415
Schubert,Impromptu_op.90_D.899_3,train,LEE_K04M,T5,disklavier,0.5561,0.5781,0.5669
Schubert,Impromptu_op.90_D.899_3,train,LEE_K04M,oaf,disklavier,0.6742,0.6255,0.6489
Schubert,Impromptu_op.90_D.899_3,train,LEE_K04M,kong,disklavier,0.6697,0.6915,0.6804
Schubert,Impromptu_op.90_D.899_3,train,LeeSH08M,oaf,maestro,0.8455,0.8228,0.834
Schubert,Impromptu_op.90_D.899_3,train,LeeSH08M,T5,maestro,0.9651,0.9579,0.9615
Schubert,Impromptu_op.90_D.899_3,train,LeeSH08M,kong,maestro,0.9371,0.9346,0.9359
Schubert,Impromptu_op.90_D.899_3,train,LeeSH08M,kong,disklavier,0.7168,0.7344,0.7255
Schubert,Impromptu_op.90_D.899_3,train,LeeSH08M,oaf,disklavier,0.7341,0.6632,0.6968
Schubert,Impromptu_op.90_D.899_3,train,LeeSH08M,T5,disklavier,0.5975,0.618,0.6076
Schubert,Impromptu_op.90_D.899_3,train,Mizumoto07M,kong,maestro,0.9237,0.9138,0.9187
Schubert,Impromptu_op.90_D.899_3,train,Mizumoto07M,oaf,maestro,0.8526,0.8184,0.8352
Schubert,Impromptu_op.90_D.899_3,train,Mizumoto07M,T5,maestro,0.9481,0.9293,0.9386
Schubert,Impromptu_op.90_D.899_3,train,Mizumoto07M,T5,disklavier,0.5198,0.5487,0.5338
Schubert,Impromptu_op.90_D.899_3,train,Mizumoto07M,kong,disklavier,0.6789,0.6786,0.6787
Schubert,Impromptu_op.90_D.899_3,train,Mizumoto07M,oaf,disklavier,0.6938,0.6436,0.6678
Schubert,Impromptu_op.90_D.899_3,train,Woo10M,oaf,maestro,0.7898,0.7377,0.7628
Schubert,Impromptu_op.90_D.899_3,train,Woo10M,kong,maestro,0.8799,0.874,0.8769
Schubert,Impromptu_op.90_D.899_3,train,Woo10M,T5,maestro,0.9386,0.9174,0.9279
Schubert,Impromptu_op.90_D.899_3,train,Woo10M,kong,disklavier,0.6277,0.6195,0.6236
Schubert,Impromptu_op.90_D.899_3,train,Woo10M,oaf,disklavier,0.589,0.5464,0.5669
Schubert,Impromptu_op.90_D.899_3,train,Woo10M,T5,disklavier,0.4899,0.4891,0.4895
Schubert,Impromptu_op.90_D.899_3,train,WuuE10M,oaf,maestro,0.8748,0.8608,0.8677
Schubert,Impromptu_op.90_D.899_3,train,WuuE10M,kong,maestro,0.9456,0.9415,0.9435
Schubert,Impromptu_op.90_D.899_3,train,WuuE10M,T5,maestro,0.9673,0.9575,0.9624
Schubert,Impromptu_op.90_D.899_3,train,WuuE10M,oaf,disklavier,0.7619,0.7165,0.7385
Schubert,Impromptu_op.90_D.899_3,train,WuuE10M,T5,disklavier,0.5993,0.647,0.6223
Schubert,Impromptu_op.90_D.899_3,train,WuuE10M,kong,disklavier,0.0468,0.0476,0.0472
Schubert,Impromptu_op.90_D.899_3,train,ZhangW07M,kong,maestro,0.8988,0.8991,0.899
Schubert,Impromptu_op.90_D.899_3,train,ZhangW07M,oaf,maestro,0.8185,0.808,0.8132
Schubert,Impromptu_op.90_D.899_3,train,ZhangW07M,T5,maestro,0.9473,0.9407,0.9439
Schubert,Impromptu_op.90_D.899_3,train,ZhangW07M,T5,disklavier,0.4429,0.4453,0.4441
Schubert,Impromptu_op.90_D.899_3,train,ZhangW07M,oaf,disklavier,0.537,0.5101,0.5232
Schubert,Impromptu_op.90_D.899_3,train,ZhangW07M,kong,disklavier,0.561,0.5562,0.5586
Schubert,Impromptu_op.90_D.899_3,train,ZhaoK10M,kong,maestro,0.9369,0.9344,0.9357
Schubert,Impromptu_op.90_D.899_3,train,ZhaoK10M,T5,maestro,0.9656,0.9589,0.9622
Schubert,Impromptu_op.90_D.899_3,train,ZhaoK10M,oaf,maestro,0.8556,0.8393,0.8473
Schubert,Impromptu_op.90_D.899_3,train,ZhaoK10M,oaf,disklavier,0.7223,0.6564,0.6878
Schubert,Impromptu_op.90_D.899_3,train,ZhaoK10M,kong,disklavier,0.7631,0.7616,0.7624
Schubert,Impromptu_op.90_D.899_3,train,ZhaoK10M,T5,disklavier,0.6023,0.6207,0.6114
Scriabin,Sonatas_5,train,FaB05M,T5,maestro,0.8668,0.7999,0.832
Scriabin,Sonatas_5,train,FaB05M,oaf,maestro,0.6052,0.543,0.5724
Scriabin,Sonatas_5,train,FaB05M,kong,maestro,0.7957,0.7566,0.7756
Scriabin,Sonatas_5,train,FaB05M,kong,disklavier,0.5076,0.5039,0.5058
Scriabin,Sonatas_5,train,FaB05M,T5,disklavier,0.3686,0.3782,0.3733
Scriabin,Sonatas_5,train,FaB05M,oaf,disklavier,0.5151,0.4584,0.4851
Scriabin,Sonatas_5,train,GarritsonL06M,T5,maestro,0.8976,0.8031,0.8478
Scriabin,Sonatas_5,train,GarritsonL06M,oaf,maestro,0.5947,0.4993,0.5428
Scriabin,Sonatas_5,train,GarritsonL06M,kong,maestro,0.8141,0.7531,0.7824
Scriabin,Sonatas_5,train,GarritsonL06M,T5,disklavier,0.4957,0.492,0.4938
Scriabin,Sonatas_5,train,GarritsonL06M,oaf,disklavier,0.6556,0.5591,0.6035
Scriabin,Sonatas_5,train,GarritsonL06M,kong,disklavier,0.6059,0.5856,0.5956
Scriabin,Sonatas_5,train,Ko07M,T5,maestro,0.8838,0.7824,0.8301
Scriabin,Sonatas_5,train,Ko07M,oaf,maestro,0.5879,0.4896,0.5342
Scriabin,Sonatas_5,train,Ko07M,kong,maestro,0.8148,0.7463,0.779
Scriabin,Sonatas_5,train,Ko07M,oaf,disklavier,0.6802,0.5793,0.6257
Scriabin,Sonatas_5,train,Ko07M,T5,disklavier,0.5148,0.5252,0.5199
Scriabin,Sonatas_5,train,Ko07M,kong,disklavier,0.6693,0.6548,0.662
Scriabin,Sonatas_5,train,Na07M,kong,maestro,0.8322,0.7851,0.808
Scriabin,Sonatas_5,train,Na07M,oaf,maestro,0.7328,0.6543,0.6913
Scriabin,Sonatas_5,train,Na07M,T5,maestro,0.8936,0.808,0.8486
Scriabin,Sonatas_5,train,Na07M,oaf,disklavier,0.641,0.5656,0.601
Scriabin,Sonatas_5,train,Na07M,T5,disklavier,0.4873,0.5011,0.4941
Scriabin,Sonatas_5,train,Na07M,kong,disklavier,0.6398,0.6335,0.6367
Scriabin,Sonatas_5,train,Yeletskiy07M,T5,maestro,0.9217,0.8523,0.8856
Scriabin,Sonatas_5,train,Yeletskiy07M,kong,maestro,0.8485,0.815,0.8314
Scriabin,Sonatas_5,train,Yeletskiy07M,oaf,maestro,0.5503,0.4933,0.5203
Scriabin,Sonatas_5,train,Yeletskiy07M,kong,disklavier,0.6693,0.6666,0.668
Scriabin,Sonatas_5,train,Yeletskiy07M,T5,disklavier,0.5084,0.5403,0.5239
Scriabin,Sonatas_5,train,Yeletskiy07M,oaf,disklavier,0.6507,0.5583,0.6009
Beethoven,Piano_Sonatas_11-1,validation,LiC03M,oaf,maestro,0.7721,0.7478,0.7598
Beethoven,Piano_Sonatas_11-1,validation,LiC03M,kong,maestro,0.9122,0.8998,0.9059
Beethoven,Piano_Sonatas_11-1,validation,LiC03M,T5,maestro,0.9279,0.9047,0.9162
Beethoven,Piano_Sonatas_11-1,validation,LiC03M,kong,disklavier,0.7864,0.7922,0.7893
Beethoven,Piano_Sonatas_11-1,validation,LiC03M,T5,disklavier,0.6773,0.6917,0.6844
Beethoven,Piano_Sonatas_11-1,validation,LiC03M,oaf,disklavier,0.5966,0.5705,0.5832
Beethoven,Piano_Sonatas_11-1,validation,LiYZ03M,kong,maestro,0.8393,0.831,0.8351
Beethoven,Piano_Sonatas_11-1,validation,LiYZ03M,T5,maestro,0.8921,0.8716,0.8817
Beethoven,Piano_Sonatas_11-1,validation,LiYZ03M,oaf,maestro,0.7881,0.769,0.7784
Beethoven,Piano_Sonatas_11-1,validation,LiYZ03M,T5,disklavier,0.7178,0.7294,0.7236
Beethoven,Piano_Sonatas_11-1,validation,LiYZ03M,kong,disklavier,0.7743,0.7781,0.7762
Beethoven,Piano_Sonatas_11-1,validation,LiYZ03M,oaf,disklavier,0.7024,0.6797,0.6908
Beethoven,Piano_Sonatas_11-1,validation,MaximovI02M,oaf,maestro,0.7067,0.6806,0.6934
Beethoven,Piano_Sonatas_11-1,validation,MaximovI02M,kong,maestro,0.8648,0.8514,0.858
Beethoven,Piano_Sonatas_11-1,validation,MaximovI02M,T5,maestro,0.9159,0.8909,0.9032
Beethoven,Piano_Sonatas_11-1,validation,MaximovI02M,kong,disklavier,0.7755,0.7781,0.7768
Beethoven,Piano_Sonatas_11-1,validation,MaximovI02M,oaf,disklavier,0.6105,0.5924,0.6013
Beethoven,Piano_Sonatas_11-1,validation,MaximovI02M,T5,disklavier,0.7671,0.775,0.771
Beethoven,Piano_Sonatas_11-1,validation,ZhaoK02M,kong,maestro,0.8964,0.8865,0.8914
Beethoven,Piano_Sonatas_11-1,validation,ZhaoK02M,T5,maestro,0.9315,0.9107,0.921
Beethoven,Piano_Sonatas_11-1,validation,ZhaoK02M,oaf,maestro,0.7863,0.7663,0.7762
Beethoven,Piano_Sonatas_11-1,validation,ZhaoK02M,oaf,disklavier,0.0181,0.0175,0.0178
Beethoven,Piano_Sonatas_11-1,validation,ZhaoK02M,kong,disklavier,0.7557,0.7604,0.758
Beethoven,Piano_Sonatas_11-1,validation,ZhaoK02M,T5,disklavier,0.697,0.6994,0.6982
Beethoven,Piano_Sonatas_27-1,validation,GiacomelliN04M,kong,maestro,0.7974,0.7856,0.7914
Beethoven,Piano_Sonatas_27-1,validation,GiacomelliN04M,oaf,maestro,0.6743,0.6482,0.661
Beethoven,Piano_Sonatas_27-1,validation,GiacomelliN04M,T5,maestro,0.8424,0.8053,0.8234
Beethoven,Piano_Sonatas_27-1,validation,GiacomelliN04M,oaf,disklavier,0.669,0.6167,0.6418
Beethoven,Piano_Sonatas_27-1,validation,GiacomelliN04M,T5,disklavier,0.5627,0.5894,0.5757
Beethoven,Piano_Sonatas_27-1,validation,GiacomelliN04M,kong,disklavier,0.7225,0.7351,0.7287
Beethoven,Piano_Sonatas_27-1,validation,Ko05M,kong,maestro,0.8446,0.8249,0.8347
Beethoven,Piano_Sonatas_27-1,validation,Ko05M,T5,maestro,0.8744,0.8204,0.8465
Beethoven,Piano_Sonatas_27-1,validation,Ko05M,oaf,maestro,0.7699,0.7223,0.7454
Beethoven,Piano_Sonatas_27-1,validation,Ko05M,kong,disklavier,0.7926,0.7872,0.7899
Beethoven,Piano_Sonatas_27-1,validation,Ko05M,T5,disklavier,0.64,0.6564,0.6481
Beethoven,Piano_Sonatas_27-1,validation,Ko05M,oaf,disklavier,0.7357,0.6869,0.7105
Beethoven,Piano_Sonatas_27-1,validation,MiyashitaM02M,oaf,maestro,0.7967,0.7585,0.7771
Beethoven,Piano_Sonatas_27-1,validation,MiyashitaM02M,T5,maestro,0.908,0.861,0.8838
Beethoven,Piano_Sonatas_27-1,validation,MiyashitaM02M,kong,maestro,0.8777,0.8583,0.8679
Beethoven,Piano_Sonatas_27-1,validation,MiyashitaM02M,kong,disklavier,0.6488,0.6469,0.6478
Beethoven,Piano_Sonatas_27-1,validation,MiyashitaM02M,T5,disklavier,0.5535,0.5554,0.5545
Beethoven,Piano_Sonatas_27-1,validation,MiyashitaM02M,oaf,disklavier,0.6558,0.6156,0.6351
Chopin,Scherzos_20,validation,Kurz04M,T5,maestro,0.8749,0.7966,0.8339
Chopin,Scherzos_20,validation,Kurz04M,oaf,maestro,0.7598,0.6663,0.71
Chopin,Scherzos_20,validation,Kurz04M,kong,maestro,0.8561,0.8069,0.8308
Chopin,Scherzos_20,validation,Kurz04M,T5,disklavier,0.6289,0.6195,0.6242
Chopin,Scherzos_20,validation,Kurz04M,oaf,disklavier,0.7028,0.629,0.6639
Chopin,Scherzos_20,validation,Kurz04M,kong,disklavier,0.7144,0.7112,0.7128
Chopin,Scherzos_20,validation,ZhangYunling04M,kong,maestro,0.8552,0.8339,0.8444
Chopin,Scherzos_20,validation,ZhangYunling04M,oaf,maestro,0.8023,0.752,0.7763
Chopin,Scherzos_20,validation,ZhangYunling04M,T5,maestro,0.8833,0.8393,0.8607
Chopin,Scherzos_20,validation,ZhangYunling04M,oaf,disklavier,0.7605,0.713,0.736
Chopin,Scherzos_20,validation,ZhangYunling04M,T5,disklavier,0.6287,0.638,0.6333
Chopin,Scherzos_20,validation,ZhangYunling04M,kong,disklavier,0.7288,0.7398,0.7342
Haydn,Keyboard_Sonatas_39-1,validation,Yarden07M,oaf,maestro,0.483,0.4659,0.4743
Haydn,Keyboard_Sonatas_39-1,validation,Yarden07M,T5,maestro,0.8919,0.8785,0.8852
Haydn,Keyboard_Sonatas_39-1,validation,Yarden07M,kong,maestro,0.8439,0.8397,0.8418
Haydn,Keyboard_Sonatas_39-1,validation,Yarden07M,T5,disklavier,0.7374,0.7451,0.7413
Haydn,Keyboard_Sonatas_39-1,validation,Yarden07M,kong,disklavier,0.8047,0.8019,0.8033
Haydn,Keyboard_Sonatas_39-1,validation,Yarden07M,oaf,disklavier,0.7068,0.6899,0.6982
Haydn,Keyboard_Sonatas_39-3,validation,Yarden07M,kong,maestro,0.8409,0.829,0.8349
Haydn,Keyboard_Sonatas_39-3,validation,Yarden07M,T5,maestro,0.0368,0.0354,0.0361
Haydn,Keyboard_Sonatas_39-3,validation,Yarden07M,oaf,maestro,0.6506,0.6168,0.6332
Haydn,Keyboard_Sonatas_39-3,validation,Yarden07M,kong,disklavier,0.81,0.8062,0.8081
Haydn,Keyboard_Sonatas_39-3,validation,Yarden07M,T5,disklavier,0.7215,0.7167,0.7191
Haydn,Keyboard_Sonatas_39-3,validation,Yarden07M,oaf,disklavier,0.4216,0.398,0.4095
