composer,title,split,performer,model,recording,p_no,r_no,f_no
Beethoven,Piano_Sonatas_18-1,test,ChenGuang03M,kong,maestro,0.9242,0.9081,0.9161
Beethoven,Piano_Sonatas_18-1,test,ChenGuang03M,T5,maestro,0.9322,0.9053,0.9186
Beethoven,Piano_Sonatas_18-1,test,ChenGuang03M,oaf,maestro,0.8786,0.8447,0.8613
Beethoven,Piano_Sonatas_18-1,test,ChenGuang03M,oaf,disklavier,0.7738,0.7347,0.7537
Beethoven,Piano_Sonatas_18-1,test,ChenGuang03M,T5,disklavier,0.736,0.7669,0.7511
Beethoven,Piano_Sonatas_18-1,test,ChenGuang03M,kong,disklavier,0.8505,0.8434,0.8469
Beethoven,Piano_Sonatas_18-1,test,KOLESO06M,kong,maestro,0.9174,0.9,0.9086
Beethoven,Piano_Sonatas_18-1,test,KOLESO06M,oaf,maestro,0.85,0.8093,0.8291
Beethoven,Piano_Sonatas_18-1,test,KOLESO06M,T5,maestro,0.941,0.9081,0.9243
Beethoven,Piano_Sonatas_18-1,test,KOLESO06M,T5,disklavier,0.8186,0.8418,0.8301
Beethoven,Piano_Sonatas_18-1,test,KOLESO06M,oaf,disklavier,0.717,0.6719,0.6937
Beethoven,Piano_Sonatas_18-1,test,KOLESO06M,kong,disklavier,0.9009,0.8876,0.8942
Beethoven,Piano_Sonatas_18-1,test,LeungR02M,kong,maestro,0.9475,0.9365,0.942
Beethoven,Piano_Sonatas_18-1,test,LeungR02M,T5,maestro,0.9636,0.9423,0.9529
Beethoven,Piano_Sonatas_18-1,test,LeungR02M,oaf,maestro,0.794,0.7709,0.7823
Beethoven,Piano_Sonatas_18-1,test,LeungR02M,kong,disklavier,0.895,0.889,0.892
Beethoven,Piano_Sonatas_18-1,test,LeungR02M,oaf,disklavier,0.6069,0.5816,0.594
Beethoven,Piano_Sonatas_18-1,test,LeungR02M,T5,disklavier,0.7766,0.8209,0.7981
Beethoven,Piano_Sonatas_18-1,test,Levitsky05M,oaf,maestro,0.8904,0.8538,0.8717
Beethoven,Piano_Sonatas_18-1,test,Levitsky05M,kong,maestro,0.9004,0.8937,0.897
Beethoven,Piano_Sonatas_18-1,test,Levitsky05M,T5,maestro,0.9301,0.9011,0.9154
Beethoven,Piano_Sonatas_18-1,test,Levitsky05M,kong,disklavier,0.8932,0.8835,0.8883
Beethoven,Piano_Sonatas_18-1,test,Levitsky05M,oaf,disklavier,0.4016,0.3832,0.3922
Beethoven,Piano_Sonatas_18-1,test,Levitsky05M,T5,disklavier,0.8299,0.847,0.8384
Beethoven,Piano_Sonatas_18-1,test,ZhangH05M,T5,maestro,0.9356,0.9054,0.9203
Beethoven,Piano_Sonatas_18-1,test,ZhangH05M,kong,maestro,0.9019,0.8848,0.8933
Beethoven,Piano_Sonatas_18-1,test,ZhangH05M,oaf,maestro,0.8741,0.8428,0.8581
Beethoven,Piano_Sonatas_18-1,test,ZhangH05M,kong,disklavier,0.9015,0.9001,0.9008
Beethoven,Piano_Sonatas_18-1,test,ZhangH05M,T5,disklavier,0.8086,0.8418,0.8249
Beethoven,Piano_Sonatas_18-1,test,ZhangH05M,oaf,disklavier,0.7782,0.745,0.7613
Beethoven,Piano_Sonatas_18-4,test,ChenGuang06M,oaf,maestro,0.801,0.7736,0.7871
Beethoven,Piano_Sonatas_18-4,test,ChenGuang06M,kong,maestro,0.9065,0.8967,0.9016
Beethoven,Piano_Sonatas_18-4,test,ChenGuang06M,T5,maestro,0.0413,0.0403,0.0408
Beethoven,Piano_Sonatas_18-4,test,ChenGuang06M,T5,disklavier,0.653,0.6817,0.667
Beethoven,Piano_Sonatas_18-4,test,ChenGuang06M,oaf,disklavier,0.6878,0.6639,0.6757
Beethoven,Piano_Sonatas_18-4,test,ChenGuang06M,kong,disklavier,0.8281,0.8279,0.828
Beethoven,Piano_Sonatas_18-4,test,KOLESO06M,oaf,maestro,0.8085,0.7783,0.7931
Beethoven,Piano_Sonatas_18-4,test,KOLESO06M,T5,maestro,0.0523,0.051,0.0516
Beethoven,Piano_Sonatas_18-4,test,KOLESO06M,kong,maestro,0.908,0.8951,0.9015
Beethoven,Piano_Sonatas_18-4,test,KOLESO06M,T5,disklavier,0.7645,0.7856,0.7749
Beethoven,Piano_Sonatas_18-4,test,KOLESO06M,oaf,disklavier,0.7586,0.7294,0.7437
Beethoven,Piano_Sonatas_18-4,test,KOLESO06M,kong,disklavier,0.8858,0.8792,0.8825
Chopin,Polonaises_53,test,Chon08M,T5,maestro,0.8432,0.7566,0.7975
Chopin,Polonaises_53,test,Chon08M,oaf,maestro,0.625,0.5598,0.5906
Chopin,Polonaises_53,test,Chon08M,kong,maestro,0.8236,0.7649,0.7931
Chopin,Polonaises_53,test,Chon08M,kong,disklavier,0.6708,0.6638,0.6673
Chopin,Polonaises_53,test,Chon08M,oaf,disklavier,0.5283,0.4782,0.502
Chopin,Polonaises_53,test,Chon08M,T5,disklavier,0.4859,0.4894,0.4876
Chopin,Polonaises_53,test,YeF11M,kong,maestro,0.8974,0.8526,0.8744
Chopin,Polonaises_53,test,YeF11M,T5,maestro,0.9011,0.8211,0.8592
Chopin,Polonaises_53,test,YeF11M,oaf,maestro,0.8081,0.7285,0.7662
Chopin,Polonaises_53,test,YeF11M,oaf,disklavier,0.7465,0.6896,0.7169
Chopin,Polonaises_53,test,YeF11M,T5,disklavier,0.64,0.6338,0.6369
Chopin,Polonaises_53,test,YeF11M,kong,disklavier,0.8001,0.7923,0.7962
Chopin,Sonata_2_4th,test,KaszoS16M,kong,maestro,0.7453,0.7197,0.7323
Chopin,Sonata_2_4th,test,KaszoS16M,T5,maestro,0.8207,0.7445,0.7808
Chopin,Sonata_2_4th,test,KaszoS16M,oaf,maestro,0.6277,0.5523,0.5876
Chopin,Sonata_2_4th,test,KaszoS16M,oaf,disklavier,0.6966,0.615,0.6533
Chopin,Sonata_2_4th,test,KaszoS16M,T5,disklavier,0.6502,0.6002,0.6242
Chopin,Sonata_2_4th,test,KaszoS16M,kong,disklavier,0.5595,0.5452,0.5523
Debussy,Pour_le_Piano_1,test,MunA12M,kong,maestro,0.9031,0.8667,0.8845
Debussy,Pour_le_Piano_1,test,MunA12M,T5,maestro,0.8889,0.8395,0.8635
Debussy,Pour_le_Piano_1,test,MunA12M,oaf,maestro,0.8463,0.7733,0.8082
Debussy,Pour_le_Piano_1,test,MunA12M,oaf,disklavier,0.7275,0.6435,0.6829
Debussy,Pour_le_Piano_1,test,MunA12M,kong,disklavier,0.7341,0.7121,0.723
Debussy,Pour_le_Piano_1,test,MunA12M,T5,disklavier,0.6129,0.6007,0.6067
Liszt,Transcendental_Etudes_10,test,LeungM06M,oaf,maestro,0.7311,0.6404,0.6827
Liszt,Transcendental_Etudes_10,test,LeungM06M,kong,maestro,0.8416,0.7717,0.8051
Liszt,Transcendental_Etudes_10,test,LeungM06M,T5,maestro,0.8468,0.7486,0.7947
Liszt,Transcendental_Etudes_10,test,LeungM06M,oaf,disklavier,0.7136,0.6276,0.6679
Liszt,Transcendental_Etudes_10,test,LeungM06M,T5,disklavier,0.6436,0.6021,0.6222
Liszt,Transcendental_Etudes_10,test,LeungM06M,kong,disklavier,0.7671,0.7226,0.7442
Liszt,Transcendental_Etudes_11,test,Huang18M,kong,maestro,0.039,0.0368,0.0379
Liszt,Transcendental_Etudes_11,test,Huang18M,T5,maestro,0.0407,0.0376,0.0391
Liszt,Transcendental_Etudes_11,test,Huang18M,oaf,maestro,0.0379,0.0341,0.0359
Liszt,Transcendental_Etudes_11,test,Huang18M,oaf,disklavier,0.0824,0.0761,0.0792
Liszt,Transcendental_Etudes_11,test,Huang18M,kong,disklavier,0.0954,0.0957,0.0955
Liszt,Transcendental_Etudes_11,test,Huang18M,T5,disklavier,0.0832,0.0865,0.0848
Rachmaninoff,Preludes_op_23_6,test,Nikiforov14M,kong,maestro,0.8781,0.8542,0.866
Rachmaninoff,Preludes_op_23_6,test,Nikiforov14M,T5,maestro,0.8295,0.7877,0.8081
Rachmaninoff,Preludes_op_23_6,test,Nikiforov14M,oaf,maestro,0.8401,0.7829,0.8105
Rachmaninoff,Preludes_op_23_6,test,Nikiforov14M,T5,disklavier,0.6476,0.6611,0.6542
Rachmaninoff,Preludes_op_23_6,test,Nikiforov14M,oaf,disklavier,0.7751,0.7292,0.7514
Rachmaninoff,Preludes_op_23_6,test,Nikiforov14M,kong,disklavier,0.8068,0.7965,0.8016
Schubert,Impromptu_op.90_D.899_4,test,Huang10M,oaf,maestro,0.6479,0.62,0.6337
Schubert,Impromptu_op.90_D.899_4,test,Huang10M,T5,maestro,0.7976,0.7382,0.7668
Schubert,Impromptu_op.90_D.899_4,test,Huang10M,kong,maestro,0.7627,0.7438,0.7531
Schubert,Impromptu_op.90_D.899_4,test,Huang10M,T5,disklavier,0.3422,0.3498,0.346
Schubert,Impromptu_op.90_D.899_4,test,Huang10M,kong,disklavier,0.4756,0.471,0.4733
Schubert,Impromptu_op.90_D.899_4,test,Huang10M,oaf,disklavier,0.3944,0.3657,0.3795
Schubert,Impromptu_op.90_D.899_4,test,Lin11M,oaf,maestro,0.8227,0.7905,0.8063
Schubert,Impromptu_op.90_D.899_4,test,Lin11M,kong,maestro,0.8745,0.8549,0.8646
Schubert,Impromptu_op.90_D.899_4,test,Lin11M,T5,maestro,0.9088,0.8417,0.8739
Schubert,Impromptu_op.90_D.899_4,test,Lin11M,oaf,disklavier,0.7536,0.719,0.7359
Schubert,Impromptu_op.90_D.899_4,test,Lin11M,T5,disklavier,0.7388,0.7246,0.7316
Schubert,Impromptu_op.90_D.899_4,test,Lin11M,kong,disklavier,0.8237,0.8277,0.8257
Schubert,Impromptu_op.90_D.899_4,test,LuoJ09M,T5,maestro,0.9135,0.88,0.8965
Schubert,Impromptu_op.90_D.899_4,test,LuoJ09M,kong,maestro,0.8956,0.8933,0.8944
Schubert,Impromptu_op.90_D.899_4,test,LuoJ09M,oaf,maestro,0.8412,0.8225,0.8318
Schubert,Impromptu_op.90_D.899_4,test,LuoJ09M,T5,disklavier,0.697,0.6833,0.6901
Schubert,Impromptu_op.90_D.899_4,test,LuoJ09M,oaf,disklavier,0.7333,0.6789,0.7051
Schubert,Impromptu_op.90_D.899_4,test,LuoJ09M,kong,disklavier,0.7734,0.7691,0.7713
Schubert,Impromptu_op.90_D.899_4,test,WongWY08M,T5,maestro,0.917,0.8766,0.8964
Schubert,Impromptu_op.90_D.899_4,test,WongWY08M,oaf,maestro,0.8507,0.8346,0.8426
Schubert,Impromptu_op.90_D.899_4,test,WongWY08M,kong,maestro,0.9016,0.8969,0.8993
Schubert,Impromptu_op.90_D.899_4,test,WongWY08M,kong,disklavier,0.7767,0.7803,0.7785
Schubert,Impromptu_op.90_D.899_4,test,WongWY08M,oaf,disklavier,0.7259,0.6854,0.7051
Schubert,Impromptu_op.90_D.899_4,test,WongWY08M,T5,disklavier,0.6791,0.6852,0.6821
Schubert,Piano_Sonatas_664-1,test,BuiJL06M,oaf,maestro,0.7497,0.7173,0.7331
Schubert,Piano_Sonatas_664-1,test,BuiJL06M,kong,maestro,0.8839,0.876,0.8799
Schubert,Piano_Sonatas_664-1,test,BuiJL06M,T5,maestro,0.8791,0.8523,0.8655
Schubert,Piano_Sonatas_664-1,test,BuiJL06M,T5,disklavier,0.3936,0.4046,0.399
Schubert,Piano_Sonatas_664-1,test,BuiJL06M,kong,disklavier,0.5025,0.5087,0.5056
Schubert,Piano_Sonatas_664-1,test,BuiJL06M,oaf,disklavier,0.4396,0.413,0.4259
Schubert,Piano_Sonatas_664-1,test,KabuliL10M,T5,maestro,0.847,0.8238,0.8352
Schubert,Piano_Sonatas_664-1,test,KabuliL10M,oaf,maestro,0.7158,0.6862,0.7007
Schubert,Piano_Sonatas_664-1,test,KabuliL10M,kong,maestro,0.8487,0.8375,0.8431
Schubert,Piano_Sonatas_664-1,test,KabuliL10M,T5,disklavier,0.4383,0.4548,0.4464
Schubert,Piano_Sonatas_664-1,test,KabuliL10M,oaf,disklavier,0.5206,0.4917,0.5058
Schubert,Piano_Sonatas_664-1,test,KabuliL10M,kong,disklavier,0.5972,0.6103,0.6036
Bach,Fugue_bwv_848,train,Denisova06M,oaf,maestro,0.8146,0.8026,0.8086
Bach,Fugue_bwv_848,train,Denisova06M,kong,maestro,0.9565,0.9512,0.9538
Bach,Fugue_bwv_848,train,Denisova06M,T5,maestro,0.1323,0.1304,0.1314
Bach,Fugue_bwv_848,train,Denisova06M,oaf,disklavier,0.6517,0.6457,0.6487
Bach,Fugue_bwv_848,train,Denisova06M,T5,disklavier,0.868,0.8849,0.8764
Bach,Fugue_bwv_848,train,Denisova06M,kong,disklavier,0.9519,0.9526,0.9522
Bach,Fugue_bwv_848,train,Lin04M,oaf,maestro,0.8174,0.8014,0.8093
Bach,Fugue_bwv_848,train,Lin04M,kong,maestro,0.9362,0.9336,0.9349
Bach,Fugue_bwv_848,train,Lin04M,T5,maestro,0.0318,0.0315,0.0316
Bach,Fugue_bwv_848,train,Lin04M,T5,disklavier,0.8284,0.8476,0.8379
Bach,Fugue_bwv_848,train,Lin04M,kong,disklavier,0.9429,0.9476,0.9452
Bach,Fugue_bwv_848,train,Lin04M,oaf,disklavier,0.7008,0.6944,0.6976
Bach,Fugue_bwv_848,train,Lou01M,kong,maestro,0.949,0.947,0.948
Bach,Fugue_bwv_848,train,Lou01M,T5,maestro,0.0498,0.0495,0.0497
Bach,Fugue_bwv_848,train,Lou01M,oaf,maestro,0.8175,0.8095,0.8135
Bach,Fugue_bwv_848,train,Lou01M,T5,disklavier,0.8392,0.8667,0.8527
Bach,Fugue_bwv_848,train,Lou01M,oaf,disklavier,0.9277,0.9225,0.9251
Bach,Fugue_bwv_848,train,Lou01M,kong,disklavier,0.9431,0.9491,0.9461
Bach,Fugue_bwv_848,train,MiyashitaM01M,oaf,maestro,0.8734,0.8637,0.8685
Bach,Fugue_bwv_848,train,MiyashitaM01M,T5,maestro,0.0903,0.0897,0.09
Bach,Fugue_bwv_848,train,MiyashitaM01M,kong,maestro,0.9804,0.9764,0.9784
Bach,Fugue_bwv_848,train,MiyashitaM01M,oaf,disklavier,0.6872,0.6829,0.685
Bach,Fugue_bwv_848,train,MiyashitaM01M,T5,disklavier,0.823,0.8505,0.8365
Bach,Fugue_bwv_848,train,MiyashitaM01M,kong,disklavier,0.9343,0.9395,0.9369
Bach,Fugue_bwv_848,train,Mizumoto03M,kong,maestro,0.9686,0.9659,0.9673
Bach,Fugue_bwv_848,train,Mizumoto03M,T5,maestro,0.0645,0.0639,0.0642
Bach,Fugue_bwv_848,train,Mizumoto03M,oaf,maestro,0.8209,0.8124,0.8166
Bach,Fugue_bwv_848,train,Mizumoto03M,kong,disklavier,0.9355,0.9472,0.9413
Bach,Fugue_bwv_848,train,Mizumoto03M,T5,disklavier,0.8101,0.827,0.8184
Bach,Fugue_bwv_848,train,Mizumoto03M,oaf,disklavier,0.6779,0.6699,0.6739
Bach,Fugue_bwv_848,train,SunY01M,T5,maestro,0.0317,0.0314,0.0316
Bach,Fugue_bwv_848,train,SunY01M,oaf,maestro,0.8137,0.8057,0.8097
Bach,Fugue_bwv_848,train,SunY01M,kong,maestro,0.9685,0.9658,0.9671
Bach,Fugue_bwv_848,train,SunY01M,kong,disklavier,0.9194,0.9252,0.9223
Bach,Fugue_bwv_848,train,SunY01M,T5,disklavier,0.6878,0.7589,0.7216
Bach,Fugue_bwv_848,train,SunY01M,oaf,disklavier,0.6758,0.6702,0.673
Bach,Fugue_bwv_848,train,Zhou01M,T5,maestro,0.0963,0.0958,0.096
Bach,Fugue_bwv_848,train,Zhou01M,oaf,maestro,0.8305,0.8259,0.8282
Bach,Fugue_bwv_848,train,Zhou01M,kong,maestro,0.9706,0.9699,0.9703
Bach,Fugue_bwv_848,train,Zhou01M,kong,disklavier,0.9529,0.9629,0.9579
Bach,Fugue_bwv_848,train,Zhou01M,oaf,disklavier,0.6231,0.6196,0.6213
Bach,Fugue_bwv_848,train,Zhou01M,T5,disklavier,0.8281,0.8587,0.8431
Beethoven,Piano_Sonatas_21-1,train,GonzalezJ06M,T5,maestro,0.9444,0.9174,0.9307
Beethoven,Piano_Sonatas_21-1,train,GonzalezJ06M,kong,maestro,0.9003,0.8918,0.896
Beethoven,Piano_Sonatas_21-1,train,GonzalezJ06M,oaf,maestro,0.8738,0.8537,0.8636
Beethoven,Piano_Sonatas_21-1,train,GonzalezJ06M,oaf,disklavier,0.7791,0.7597,0.7693
Beethoven,Piano_Sonatas_21-1,train,GonzalezJ06M,T5,disklavier,0.794,0.7979,0.796
Beethoven,Piano_Sonatas_21-1,train,GonzalezJ06M,kong,disklavier,0.8477,0.8463,0.847
Beethoven,Piano_Sonatas_21-1,train,KimSY02M,oaf,maestro,0.6357,0.6259,0.6308
Beethoven,Piano_Sonatas_21-1,train,KimSY02M,kong,maestro,0.9211,0.9186,0.9199
Beethoven,Piano_Sonatas_21-1,train,KimSY02M,T5,maestro,0.9505,0.9256,0.9379
Beethoven,Piano_Sonatas_21-1,train,KimSY02M,T5,disklavier,0.7462,0.777,0.7613
Beethoven,Piano_Sonatas_21-1,train,KimSY02M,oaf,disklavier,0.8365,0.8258,0.8311
Beethoven,Piano_Sonatas_21-1,train,KimSY02M,kong,disklavier,0.8315,0.8421,0.8368
Beethoven,Piano_Sonatas_21-1,train,LeeN02M,T5,maestro,0.9671,0.9501,0.9585
Beethoven,Piano_Sonatas_21-1,train,LeeN02M,kong,maestro,0.9474,0.9424,0.9449
Beethoven,Piano_Sonatas_21-1,train,LeeN02M,oaf,maestro,0.8546,0.8424,0.8485
Beethoven,Piano_Sonatas_21-1,train,LeeN02M,kong,disklavier,0.8196,0.8276,0.8236
Beethoven,Piano_Sonatas_21-1,train,LeeN02M,T5,disklavier,0.6407,0.6918,0.6653
Beethoven,Piano_Sonatas_21-1,train,LeeN02M,oaf,disklavier,0.7045,0.6859,0.6951
Beethoven,Piano_Sonatas_21-1,train,RichardsonC02M,oaf,maestro,0.7654,0.7469,0.7561
Beethoven,Piano_Sonatas_21-1,train,RichardsonC02M,kong,maestro,0.9207,0.9109,0.9158
Beethoven,Piano_Sonatas_21-1,train,RichardsonC02M,T5,maestro,0.9527,0.9303,0.9414
Beethoven,Piano_Sonatas_21-1,train,RichardsonC02M,kong,disklavier,0.793,0.7945,0.7937
Beethoven,Piano_Sonatas_21-1,train,RichardsonC02M,T5,disklavier,0.6928,0.7192,0.7058
Beethoven,Piano_Sonatas_21-1,train,RichardsonC02M,oaf,disklavier,0.2753,0.2658,0.2705
Beethoven,Piano_Sonatas_21-1,train,Shychko02M,T5,maestro,0.9571,0.9402,0.9486
Beethoven,Piano_Sonatas_21-1,train,Shychko02M,kong,maestro,0.9135,0.9074,0.9105
Beethoven,Piano_Sonatas_21-1,train,Shychko02M,oaf,maestro,0.7476,0.7352,0.7413
Beethoven,Piano_Sonatas_21-1,train,Shychko02M,kong,disklavier,0.8651,0.8751,0.8701
Beethoven,Piano_Sonatas_21-1,train,Shychko02M,oaf,disklavier,0.6934,0.6769,0.6851
Beethoven,Piano_Sonatas_21-1,train,Shychko02M,T5,disklavier,0.7663,0.8039,0.7846
Beethoven,Piano_Sonatas_21-1,train,Sladek02M,oaf,maestro,0.7094,0.6984,0.7039
Beethoven,Piano_Sonatas_21-1,train,Sladek02M,kong,maestro,0.9167,0.9121,0.9144
Beethoven,Piano_Sonatas_21-1,train,Sladek02M,T5,maestro,0.9528,0.9281,0.9403
Beethoven,Piano_Sonatas_21-1,train,Sladek02M,oaf,disklavier,0.8571,0.8364,0.8466
Beethoven,Piano_Sonatas_21-1,train,Sladek02M,T5,disklavier,0.7388,0.7587,0.7486
Beethoven,Piano_Sonatas_21-1,train,Sladek02M,kong,disklavier,0.8421,0.8499,0.846
Beethoven,Piano_Sonatas_21-1,train,Song03M,oaf,maestro,0.6324,0.6252,0.6288
Beethoven,Piano_Sonatas_21-1,train,Song03M,kong,maestro,0.8824,0.879,0.8807
Beethoven,Piano_Sonatas_21-1,train,Song03M,T5,maestro,0.9298,0.9188,0.9243
Beethoven,Piano_Sonatas_21-1,train,Song03M,T5,disklavier,0.6364,0.6975,0.6656
Beethoven,Piano_Sonatas_21-1,train,Song03M,kong,disklavier,0.8095,0.8247,0.817
Beethoven,Piano_Sonatas_21-1,train,Song03M,oaf,disklavier,0.8512,0.8295,0.8402
Beethoven,Piano_Sonatas_21-1,train,SunY02M,T5,maestro,0.9723,0.962,0.9671
Beethoven,Piano_Sonatas_21-1,train,SunY02M,oaf,maestro,0.8406,0.831,0.8358
Beethoven,Piano_Sonatas_21-1,train,SunY02M,kong,maestro,0.9562,0.9531,0.9546
Beethoven,Piano_Sonatas_21-1,train,SunY02M,oaf,disklavier,0.6587,0.6399,0.6492
Beethoven,Piano_Sonatas_21-1,train,SunY02M,kong,disklavier,0.8286,0.841,0.8347
Beethoven,Piano_Sonatas_21-1,train,SunY02M,T5,disklavier,0.6767,0.719,0.6972
Beethoven,Piano_Sonatas_21-1,train,Tetzloff05M,T5,maestro,0.9359,0.9032,0.9192
Beethoven,Piano_Sonatas_21-1,train,Tetzloff05M,oaf,maestro,0.5841,0.561,0.5723
Beethoven,Piano_Sonatas_21-1,train,Tetzloff05M,kong,maestro,0.8553,0.8428,0.849
Beethoven,Piano_Sonatas_21-1,train,Tetzloff05M,T5,disklavier,0.6849,0.6993,0.692
Beethoven,Piano_Sonatas_21-1,train,Tetzloff05M,oaf,disklavier,0.7704,0.7417,0.7558
Beethoven,Piano_Sonatas_21-1,train,Tetzloff05M,kong,disklavier,0.7943,0.795,0.7947
Beethoven,Piano_Sonatas_21-1,train,ToA02M,oaf,maestro,0.9217,0.9147,0.9182
Beethoven,Piano_Sonatas_21-1,train,ToA02M,kong,maestro,0.9507,0.9477,0.9492
Beethoven,Piano_Sonatas_21-1,train,ToA02M,T5,maestro,0.9692,0.9573,0.9632
Beethoven,Piano_Sonatas_21-1,train,ToA02M,oaf,disklavier,0.2863,0.2803,0.2833
Beethoven,Piano_Sonatas_21-1,train,ToA02M,T5,disklavier,0.7541,0.784,0.7688
Beethoven,Piano_Sonatas_21-1,train,ToA02M,kong,disklavier,0.871,0.8753,0.8732
Beethoven,Piano_Sonatas_21-1,train,TongB03M,oaf,maestro,0.9312,0.9179,0.9245
Beethoven,Piano_Sonatas_21-1,train,TongB03M,kong,maestro,0.9455,0.9382,0.9419
Beethoven,Piano_Sonatas_21-1,train,TongB03M,T5,maestro,0.9643,0.9476,0.9559
Beethoven,Piano_Sonatas_21-1,train,TongB03M,oaf,disklavier,0.7534,0.7344,0.7438
Beethoven,Piano_Sonatas_21-1,train,TongB03M,T5,disklavier,0.6868,0.7198,0.7029
Beethoven,Piano_Sonatas_21-1,train,TongB03M,kong,disklavier,0.7891,0.7918,0.7904
Beethoven,Piano_Sonatas_21-1,train,WangA02M,T5,maestro,0.971,0.9516,0.9612
Beethoven,Piano_Sonatas_21-1,train,WangA02M,oaf,maestro,0.7361,0.7284,0.7322
Beethoven,Piano_Sonatas_21-1,train,WangA02M,kong,maestro,0.9487,0.9449,0.9468
Beethoven,Piano_Sonatas_21-1,train,WangA02M,oaf,disklavier,0.5,0.4879,0.4939
Beethoven,Piano_Sonatas_21-1,train,WangA02M,kong,disklavier,0.8414,0.8434,0.8424
Beethoven,Piano_Sonatas_21-1,train,WangA02M,T5,disklavier,0.7801,0.7891,0.7846
Beethoven,Piano_Sonatas_21-1,train,YeZ02M,kong,maestro,0.9472,0.9445,0.9458
Beethoven,Piano_Sonatas_21-1,train,YeZ02M,oaf,maestro,0.9329,0.9173,0.9251
Beethoven,Piano_Sonatas_21-1,train,YeZ02M,T5,maestro,0.9684,0.9535,0.9609
Beethoven,Piano_Sonatas_21-1,train,YeZ02M,T5,disklavier,0.6895,0.7326,0.7104
Beethoven,Piano_Sonatas_21-1,train,YeZ02M,oaf,disklavier,0.8412,0.8224,0.8317
Beethoven,Piano_Sonatas_21-1,train,YeZ02M,kong,disklavier,0.8553,0.8678,0.8615
Beethoven,Piano_Sonatas_21-1,train,ZhangW01M,T5,maestro,0.9546,0.9384,0.9464
Beethoven,Piano_Sonatas_21-1,train,ZhangW01M,oaf,maestro,0.5401,0.5321,0.536
Beethoven,Piano_Sonatas_21-1,train,ZhangW01M,kong,maestro,0.9232,0.9176,0.9204
Beethoven,Piano_Sonatas_21-1,train,ZhangW01M,kong,disklavier,0.7717,0.7731,0.7724
Beethoven,Piano_Sonatas_21-1,train,ZhangW01M,oaf,disklavier,0.7154,0.6952,0.7052
Beethoven,Piano_Sonatas_21-1,train,ZhangW01M,T5,disklavier,0.6483,0.672,0.6599
Chopin,Scherzos_31,train,ChenW04M,oaf,maestro,0.8923,0.8483,0.8697
Chopin,Scherzos_31,train,ChenW04M,kong,maestro,0.9165,0.8942,0.9052
Chopin,Scherzos_31,train,ChenW04M,T5,maestro,0.942,0.9019,0.9215
Chopin,Scherzos_31,train,ChenW04M,kong,disklavier,0.7512,0.7498,0.7505
Chopin,Scherzos_31,train,ChenW04M,T5,disklavier,0.4987,0.5452,0.5209
Chopin,Scherzos_31,train,ChenW04M,oaf,disklavier,0.8104,0.7498,0.779
Chopin,Scherzos_31,train,HuNY08M,kong,maestro,0.9396,0.926,0.9327
Chopin,Scherzos_31,train,HuNY08M,T5,maestro,0.9526,0.9223,0.9372
Chopin,Scherzos_31,train,HuNY08M,oaf,maestro,0.9284,0.8975,0.9127
Chopin,Scherzos_31,train,HuNY08M,kong,disklavier,0.7828,0.7799,0.7813
Chopin,Scherzos_31,train,HuNY08M,T5,disklavier,0.5486,0.5711,0.5596
Chopin,Scherzos_31,train,HuNY08M,oaf,disklavier,0.8271,0.7774,0.8015
Chopin,Scherzos_31,train,Jussow11M,oaf,maestro,0.8653,0.8135,0.8386
Chopin,Scherzos_31,train,Jussow11M,kong,maestro,0.9236,0.9092,0.9163
Chopin,Scherzos_31,train,Jussow11M,T5,maestro,0.9434,0.9079,0.9253
Chopin,Scherzos_31,train,Jussow11M,oaf,disklavier,0.7651,0.7026,0.7325
Chopin,Scherzos_31,train,Jussow11M,T5,disklavier,0.5618,0.5629,0.5623
Chopin,Scherzos_31,train,Jussow11M,kong,disklavier,0.7462,0.7378,0.7419
Chopin,Scherzos_31,train,LeeN04M,oaf,maestro,0.9165,0.8862,0.9011
Chopin,Scherzos_31,train,LeeN04M,T5,maestro,0.9533,0.9255,0.9392
Chopin,Scherzos_31,train,LeeN04M,kong,maestro,0.9299,0.916,0.9229
Chopin,Scherzos_31,train,LeeN04M,T5,disklavier,0.4889,0.5257,0.5066
Chopin,Scherzos_31,train,LeeN04M,kong,disklavier,0.7525,0.7581,0.7553
Chopin,Scherzos_31,train,LeeN04M,oaf,disklavier,0.8095,0.7657,0.787
Chopin,Scherzos_31,train,LinTami06M,T5,maestro,0.9335,0.889,0.9107
Chopin,Scherzos_31,train,LinTami06M,kong,maestro,0.9017,0.8772,0.8893
Chopin,Scherzos_31,train,LinTami06M,oaf,maestro,0.8806,0.8201,0.8493
Chopin,Scherzos_31,train,LinTami06M,kong,disklavier,0.7702,0.7707,0.7705
Chopin,Scherzos_31,train,LinTami06M,oaf,disklavier,0.7241,0.6865,0.7048
Chopin,Scherzos_31,train,LinTami06M,T5,disklavier,0.577,0.5821,0.5795
Chopin,Scherzos_31,train,LuoJ12M,T5,maestro,0.939,0.9197,0.9292
Chopin,Scherzos_31,train,LuoJ12M,kong,maestro,0.9298,0.9236,0.9267
Chopin,Scherzos_31,train,LuoJ12M,oaf,maestro,0.9144,0.8941,0.9042
Chopin,Scherzos_31,train,LuoJ12M,oaf,disklavier,0.0205,0.0195,0.02
Chopin,Scherzos_31,train,LuoJ12M,kong,disklavier,0.7418,0.7466,0.7442
Chopin,Scherzos_31,train,LuoJ12M,T5,disklavier,0.5299,0.5486,0.5391
Chopin,Scherzos_31,train,SunD04M,kong,maestro,0.9286,0.9112,0.9198
Chopin,Scherzos_31,train,SunD04M,oaf,maestro,0.9143,0.8768,0.8952
Chopin,Scherzos_31,train,SunD04M,T5,maestro,0.9434,0.9148,0.9289
Chopin,Scherzos_31,train,SunD04M,kong,disklavier,0.7215,0.721,0.7213
Chopin,Scherzos_31,train,SunD04M,T5,disklavier,0.4947,0.5232,0.5085
Chopin,Scherzos_31,train,SunD04M,oaf,disklavier,0.7922,0.7405,0.7655
Chopin,Scherzos_31,train,TongB04M,kong,maestro,0.9298,0.9192,0.9244
Chopin,Scherzos_31,train,TongB04M,T5,maestro,0.9397,0.9149,0.9272
Chopin,Scherzos_31,train,TongB04M,oaf,maestro,0.8562,0.8257,0.8407
Chopin,Scherzos_31,train,TongB04M,oaf,disklavier,0.7738,0.7229,0.7475
Chopin,Scherzos_31,train,TongB04M,kong,disklavier,0.748,0.7538,0.7509
Chopin,Scherzos_31,train,TongB04M,T5,disklavier,0.4842,0.5266,0.5045
Chopin,Scherzos_31,train,TuanS05M,kong,maestro,0.9324,0.9217,0.927
Chopin,Scherzos_31,train,TuanS05M,oaf,maestro,0.7379,0.7143,0.7259
Chopin,Scherzos_31,train,TuanS05M,T5,maestro,0.9508,0.9256,0.938
Chopin,Scherzos_31,train,TuanS05M,T5,disklavier,0.5465,0.593,0.5688
Chopin,Scherzos_31,train,TuanS05M,oaf,disklavier,0.8258,0.7805,0.8025
Chopin,Scherzos_31,train,TuanS05M,kong,disklavier,0.8091,0.8146,0.8118
Chopin,Scherzos_31,train,ZhangW04M,T5,maestro,0.9435,0.9213,0.9323
Chopin,Scherzos_31,train,ZhangW04M,oaf,maestro,0.8497,0.823,0.8361
Chopin,Scherzos_31,train,ZhangW04M,kong,maestro,0.9132,0.9,0.9065
Chopin,Scherzos_31,train,ZhangW04M,oaf,disklavier,0.7191,0.6836,0.7009
Chopin,Scherzos_31,train,ZhangW04M,kong,disklavier,0.713,0.7136,0.7133
Chopin,Scherzos_31,train,ZhangW04M,T5,disklavier,0.5236,0.5381,0.5308
Debussy,Images_Book_1_1_Reflets_dans_lEau,train,Kleisen11M,kong,maestro,0.9115,0.8875,0.8993
Debussy,Images_Book_1_1_Reflets_dans_lEau,train,Kleisen11M,oaf,maestro,0.8465,0.7706,0.8067
Debussy,Images_Book_1_1_Reflets_dans_lEau,train,Kleisen11M,T5,maestro,0.8991,0.8568,0.8774
Debussy,Images_Book_1_1_Reflets_dans_lEau,train,Kleisen11M,T5,disklavier,0.4428,0.4524,0.4475
Debussy,Images_Book_1_1_Reflets_dans_lEau,train,Kleisen11M,kong,disklavier,0.6797,0.6571,0.6682
Debussy,Images_Book_1_1_Reflets_dans_lEau,train,Kleisen11M,oaf,disklavier,0.5781,0.5302,0.5531
Debussy,Images_Book_1_1_Reflets_dans_lEau,train,ParkJH13M,T5,maestro,0.9064,0.8902,0.8982
Debussy,Images_Book_1_1_Reflets_dans_lEau,train,ParkJH13M,kong,maestro,0.9229,0.9105,0.9167
Debussy,Images_Book_1_1_Reflets_dans_lEau,train,ParkJH13M,oaf,maestro,0.8465,0.8141,0.83
Debussy,Images_Book_1_1_Reflets_dans_lEau,train,ParkJH13M,T5,disklavier,0.6866,0.7197,0.7027
Debussy,Images_Book_1_1_Reflets_dans_lEau,train,ParkJH13M,kong,disklavier,0.8347,0.841,0.8378
Debussy,Images_Book_1_1_Reflets_dans_lEau,train,ParkJH13M,oaf,disklavier,0.8284,0.7967,0.8123
Glinka,The_Lark,train,Denisova10M,oaf,maestro,0.8768,0.8494,0.8629
Glinka,The_Lark,train,Denisova10M,kong,maestro,0.9177,0.9137,0.9157
Glinka,The_Lark,train,Denisova10M,T5,maestro,0.9505,0.9309,0.9406
Glinka,The_Lark,train,Denisova10M,oaf,disklavier,0.8065,0.7854,0.7958
Glinka,The_Lark,train,Denisova10M,T5,disklavier,0.6897,0.7382,0.7131
Glinka,The_Lark,train,Denisova10M,kong,disklavier,0.8555,0.8768,0.866
Glinka,The_Lark,train,Kleisen07M,oaf,maestro,0.8221,0.7558,0.7875
Glinka,The_Lark,train,Kleisen07M,kong,maestro,0.9031,0.8786,0.8907
Glinka,The_Lark,train,Kleisen07M,T5,maestro,0.9229,0.8836,0.9028
Glinka,The_Lark,train,Kleisen07M,oaf,disklavier,0.6551,0.6085,0.631
Glinka,The_Lark,train,Kleisen07M,kong,disklavier,0.7513,0.7336,0.7423
Glinka,The_Lark,train,Kleisen07M,T5,disklavier,0.5037,0.5174,0.5105
Haydn,Keyboard_Sonatas_50-1,train,GalantM02M,oaf,maestro,0.8187,0.8009,0.8097
Haydn,Keyboard_Sonatas_50-1,train,GalantM02M,kong,maestro,0.9447,0.9409,0.9428
Haydn,Keyboard_Sonatas_50-1,train,GalantM02M,T5,maestro,0.9631,0.9501,0.9565
Haydn,Keyboard_Sonatas_50-1,train,GalantM02M,kong,disklavier,0.0455,0.0453,0.0454
Haydn,Keyboard_Sonatas_50-1,train,GalantM02M,T5,disklavier,0.0417,0.0416,0.0416
Haydn,Keyboard_Sonatas_50-1,train,GalantM02M,oaf,disklavier,0.6603,0.6382,0.6491
Haydn,Keyboard_Sonatas_50-1,train,HamSY02M,oaf,maestro,0.9004,0.8829,0.8916
Haydn,Keyboard_Sonatas_50-1,train,HamSY02M,kong,maestro,0.9225,0.919,0.9208
Haydn,Keyboard_Sonatas_50-1,train,HamSY02M,T5,maestro,0.9624,0.9492,0.9558
Haydn,Keyboard_Sonatas_50-1,train,HamSY02M,T5,disklavier,0.8412,0.8562,0.8486
Haydn,Keyboard_Sonatas_50-1,train,HamSY02M,oaf,disklavier,0.4162,0.4054,0.4107
Haydn,Keyboard_Sonatas_50-1,train,HamSY02M,kong,disklavier,0.8951,0.8943,0.8947
Haydn,Keyboard_Sonatas_50-1,train,Huang05M,T5,maestro,0.9541,0.9406,0.9473
Haydn,Keyboard_Sonatas_50-1,train,Huang05M,kong,maestro,0.9053,0.9024,0.9039
Haydn,Keyboard_Sonatas_50-1,train,Huang05M,oaf,maestro,0.6922,0.6775,0.6848
Haydn,Keyboard_Sonatas_50-1,train,Huang05M,T5,disklavier,0.7708,0.7816,0.7762
Haydn,Keyboard_Sonatas_50-1,train,Huang05M,kong,disklavier,0.83,0.8302,0.8301
Haydn,Keyboard_Sonatas_50-1,train,Huang05M,oaf,disklavier,0.4962,0.4827,0.4893
Haydn,Keyboard_Sonatas_50-1,train,JeonH03M,oaf,maestro,0.9052,0.8925,0.8988
Haydn,Keyboard_Sonatas_50-1,train,JeonH03M,kong,maestro,0.969,0.9666,0.9678
Haydn,Keyboard_Sonatas_50-1,train,JeonH03M,T5,maestro,0.9747,0.958,0.9663
Haydn,Keyboard_Sonatas_50-1,train,JeonH03M,oaf,disklavier,0.7086,0.6812,0.6947
Haydn,Keyboard_Sonatas_50-1,train,JeonH03M,kong,disklavier,0.8915,0.8882,0.8899
Haydn,Keyboard_Sonatas_50-1,train,JeonH03M,T5,disklavier,0.7995,0.8036,0.8015
Haydn,Keyboard_Sonatas_50-1,train,KARYAG06M,oaf,maestro,0.6784,0.6615,0.6698
Haydn,Keyboard_Sonatas_50-1,train,KARYAG06M,T5,maestro,0.9258,0.8991,0.9123
Haydn,Keyboard_Sonatas_50-1,train,KARYAG06M,kong,maestro,0.8835,0.8752,0.8793
Haydn,Keyboard_Sonatas_50-1,train,KARYAG06M,oaf,disklavier,0.5164,0.4934,0.5047
Haydn,Keyboard_Sonatas_50-1,train,KARYAG06M,kong,disklavier,0.7921,0.7926,0.7924
Haydn,Keyboard_Sonatas_50-1,train,KARYAG06M,T5,disklavier,0.6911,0.698,0.6945
Haydn,Keyboard_Sonatas_50-1,train,Shi07M,T5,maestro,0.9711,0.9605,0.9658
Haydn,Keyboard_Sonatas_50-1,train,Shi07M,kong,maestro,0.9346,0.9354,0.935
Haydn,Keyboard_Sonatas_50-1,train,Shi07M,oaf,maestro,0.8793,0.873,0.8761
Haydn,Keyboard_Sonatas_50-1,train,Shi07M,oaf,disklavier,0.8146,0.8018,0.8081
Haydn,Keyboard_Sonatas_50-1,train,Shi07M,T5,disklavier,0.8412,0.8653,0.8531
Haydn,Keyboard_Sonatas_50-1,train,Shi07M,kong,disklavier,0.9288,0.9334,0.9311
Haydn,Keyboard_Sonatas_50-1,train,YoungS02M,T5,maestro,0.9772,0.9679,0.9725
Haydn,Keyboard_Sonatas_50-1,train,YoungS02M,kong,maestro,0.9612,0.9565,0.9588
Haydn,Keyboard_Sonatas_50-1,train,YoungS02M,oaf,maestro,0.8303,0.8222,0.8262
Haydn,Keyboard_Sonatas_50-1,train,YoungS02M,T5,disklavier,0.8442,0.8534,0.8488
Haydn,Keyboard_Sonatas_50-1,train,YoungS02M,kong,disklavier,0.8948,0.8909,0.8928
Haydn,Keyboard_Sonatas_50-1,train,YoungS02M,oaf,disklavier,0.5823,0.564,0.573
Liszt,Gran_Etudes_de_Paganini_2_La_campanella,train,BuiJL03M,kong,maestro,0.9153,0.8835,0.8991
Liszt,Gran_Etudes_de_Paganini_2_La_campanella,train,BuiJL03M,oaf,maestro,0.8626,0.8051,0.8329
Liszt,Gran_Etudes_de_Paganini_2_La_campanella,train,BuiJL03M,T5,maestro,0.9508,0.9033,0.9264
Liszt,Gran_Etudes_de_Paganini_2_La_campanella,train,BuiJL03M,T5,disklavier,0.6155,0.5682,0.5909
Liszt,Gran_Etudes_de_Paganini_2_La_campanella,train,BuiJL03M,kong,disklavier,0.7025,0.6666,0.6841
Liszt,Gran_Etudes_de_Paganini_2_La_campanella,train,BuiJL03M,oaf,disklavier,0.624,0.5655,0.5933
Liszt,Gran_Etudes_de_Paganini_2_La_campanella,train,LeungR04M,kong,maestro,0.9084,0.893,0.9006
Liszt,Gran_Etudes_de_Paganini_2_La_campanella,train,LeungR04M,T5,maestro,0.952,0.9166,0.934
Liszt,Gran_Etudes_de_Paganini_2_La_campanella,train,LeungR04M,oaf,maestro,0.8936,0.8518,0.8722
Liszt,Gran_Etudes_de_Paganini_2_La_campanella,train,LeungR04M,T5,disklavier,0.7617,0.7198,0.7402
Liszt,Gran_Etudes_de_Paganini_2_La_campanella,train,LeungR04M,oaf,disklavier,0.7861,0.7324,0.7583
Liszt,Gran_Etudes_de_Paganini_2_La_campanella,train,LeungR04M,kong,disklavier,0.7962,0.7745,0.7852
Liszt,Gran_Etudes_de_Paganini_2_La_campanella,train,Levitsky06M,kong,maestro,0.8978,0.8705,0.8839
Liszt,Gran_Etudes_de_Paganini_2_La_campanella,train,Levitsky06M,oaf,maestro,0.8628,0.8058,0.8333
Liszt,Gran_Etudes_de_Paganini_2_La_campanella,train,Levitsky06M,T5,maestro,0.9478,0.899,0.9227
Liszt,Gran_Etudes_de_Paganini_2_La_campanella,train,Levitsky06M,T5,disklavier,0.6183,0.5871,0.6023
Liszt,Gran_Etudes_de_Paganini_2_La_campanella,train,Levitsky06M,kong,disklavier,0.7718,0.7487,0.7601
Liszt,Gran_Etudes_de_Paganini_2_La_campanella,train,Levitsky06M,oaf,disklavier,0.6961,0.6442,0.6691
Liszt,Gran_Etudes_de_Paganini_2_La_campanella,train,Lin07M,kong,maestro,0.8697,0.8257,0.8471
Liszt,Gran_Etudes_de_Paganini_2_La_campanella,train,Lin07M,oaf,maestro,0.7423,0.6739,0.7064
Liszt,Gran_Etudes_de_Paganini_2_La_campanella,train,Lin07M,T5,maestro,0.9216,0.8579,0.8886
Liszt,Gran_Etudes_de_Paganini_2_La_campanella,train,Lin07M,T5,disklavier,0.0637,0.0584,0.061
Liszt,Gran_Etudes_de_Paganini_2_La_campanella,train,Lin07M,oaf,disklavier,0.0681,0.0618,0.0648
Liszt,Gran_Etudes_de_Paganini_2_La_campanella,train,Lin07M,kong,disklavier,0.0838,0.0793,0.0815
Liszt,Gran_Etudes_de_Paganini_2_La_campanella,train,LiuC05M,T5,maestro,0.957,0.9114,0.9337
Liszt,Gran_Etudes_de_Paganini_2_La_campanella,train,LiuC05M,kong,maestro,0.9131,0.879,0.8957
Liszt,Gran_Etudes_de_Paganini_2_La_campanella,train,LiuC05M,oaf,maestro,0.8833,0.8221,0.8516
Liszt,Gran_Etudes_de_Paganini_2_La_campanella,train,LiuC05M,oaf,disklavier,0.7249,0.6608,0.6914
Liszt,Gran_Etudes_de_Paganini_2_La_campanella,train,LiuC05M,kong,disklavier,0.7567,0.7235,0.7397
Liszt,Gran_Etudes_de_Paganini_2_La_campanella,train,LiuC05M,T5,disklavier,0.5202,0.4909,0.5051
Liszt,Gran_Etudes_de_Paganini_2_La_campanella,train,LiuY03M,T5,maestro,0.9398,0.8991,0.919
Liszt,Gran_Etudes_de_Paganini_2_La_campanella,train,LiuY03M,oaf,maestro,0.841,0.7978,0.8188
Liszt,Gran_Etudes_de_Paganini_2_La_campanella,train,LiuY03M,kong,maestro,0.9158,0.8939,0.9047
Liszt,Gran_Etudes_de_Paganini_2_La_campanella,train,LiuY03M,kong,disklavier,0.76,0.7251,0.7422
Liszt,Gran_Etudes_de_Paganini_2_La_campanella,train,LiuY03M,T5,disklavier,0.6424,0.6092,0.6254
Liszt,Gran_Etudes_de_Paganini_2_La_campanella,train,LiuY03M,oaf,disklavier,0.7404,0.679,0.7084
Liszt,Gran_Etudes_de_Paganini_2_La_campanella,train,MunA08M,T5,maestro,0.9354,0.8679,0.9004
Liszt,Gran_Etudes_de_Paganini_2_La_campanella,train,MunA08M,kong,maestro,0.8913,0.8518,0.8711
Liszt,Gran_Etudes_de_Paganini_2_La_campanella,train,MunA08M,oaf,maestro,0.8788,0.808,0.8419
Liszt,Gran_Etudes_de_Paganini_2_La_campanella,train,MunA08M,oaf,disklavier,0.7358,0.6517,0.6912
Liszt,Gran_Etudes_de_Paganini_2_La_campanella,train,MunA08M,kong,disklavier,0.7456,0.7007,0.7225
Liszt,Gran_Etudes_de_Paganini_2_La_campanella,train,MunA08M,T5,disklavier,0.6682,0.6196,0.643
Liszt,Gran_Etudes_de_Paganini_2_La_campanella,train,VuV06M,T5,maestro,0.9409,0.9038,0.922
Liszt,Gran_Etudes_de_Paganini_2_La_campanella,train,VuV06M,oaf,maestro,0.8947,0.8499,0.8717
Liszt,Gran_Etudes_de_Paganini_2_La_campanella,train,VuV06M,kong,maestro,0.9212,0.9011,0.911
Liszt,Gran_Etudes_de_Paganini_2_La_campanella,train,VuV06M,oaf,disklavier,0.7252,0.6744,0.6989
Liszt,Gran_Etudes_de_Paganini_2_La_campanella,train,VuV06M,kong,disklavier,0.7536,0.7341,0.7437
Liszt,Gran_Etudes_de_Paganini_2_La_campanella,train,VuV06M,T5,disklavier,0.6392,0.6166,0.6277
Liszt,Gran_Etudes_de_Paganini_2_La_campanella,train,Yang05M,T5,maestro,0.0268,0.0253,0.026
Liszt,Gran_Etudes_de_Paganini_2_La_campanella,train,Yang05M,kong,maestro,0.0274,0.0265,0.027
Liszt,Gran_Etudes_de_Paganini_2_La_campanella,train,Yang05M,oaf,maestro,0.0239,0.0224,0.0231
Liszt,Gran_Etudes_de_Paganini_2_La_campanella,train,Yang05M,kong,disklavier,0.7896,0.7542,0.7715
Liszt,Gran_Etudes_de_Paganini_2_La_campanella,train,Yang05M,oaf,disklavier,0.7602,0.6825,0.7192
Liszt,Gran_Etudes_de_Paganini_2_La_campanella,train,Yang05M,T5,disklavier,0.7088,0.6562,0.6815
Liszt,Gran_Etudes_de_Paganini_2_La_campanella,train,ZhangH07M,T5,maestro,0.8826,0.8051,0.8421
Liszt,Gran_Etudes_de_Paganini_2_La_campanella,train,ZhangH07M,kong,maestro,0.8499,0.7777,0.8122
Liszt,Gran_Etudes_de_Paganini_2_La_campanella,train,ZhangH07M,oaf,maestro,0.8008,0.6874,0.7398
Liszt,Gran_Etudes_de_Paganini_2_La_campanella,train,ZhangH07M,oaf,disklavier,0.6878,0.581,0.6299
Liszt,Gran_Etudes_de_Paganini_2_La_campanella,train,ZhangH07M,kong,disklavier,0.7523,0.6934,0.7216
Liszt,Gran_Etudes_de_Paganini_2_La_campanella,train,ZhangH07M,T5,disklavier,0.6226,0.573,0.5968
Mozart,Piano_Sonatas_12-1,train,MunA03M,oaf,maestro,0.8796,0.8655,0.8725
Mozart,Piano_Sonatas_12-1,train,MunA03M,T5,maestro,0.9519,0.9393,0.9456
Mozart,Piano_Sonatas_12-1,train,MunA03M,kong,maestro,0.9294,0.925,0.9272
Mozart,Piano_Sonatas_12-1,train,MunA03M,oaf,disklavier,0.7115,0.7007,0.7061
Mozart,Piano_Sonatas_12-1,train,MunA03M,T5,disklavier,0.7231,0.769,0.7453
Mozart,Piano_Sonatas_12-1,train,MunA03M,kong,disklavier,0.8549,0.8651,0.86
Mozart,Piano_Sonatas_12-1,train,WuuE02M,oaf,maestro,0.8652,0.8597,0.8624
Mozart,Piano_Sonatas_12-1,train,WuuE02M,T5,maestro,0.9596,0.9496,0.9546
Mozart,Piano_Sonatas_12-1,train,WuuE02M,kong,maestro,0.9472,0.9472,0.9472
Mozart,Piano_Sonatas_12-1,train,WuuE02M,T5,disklavier,0.7585,0.7873,0.7726
Mozart,Piano_Sonatas_12-1,train,WuuE02M,oaf,disklavier,0.6117,0.601,0.6063
Mozart,Piano_Sonatas_12-1,train,WuuE02M,kong,disklavier,0.8572,0.8689,0.863
Rachmaninoff,Preludes_op_23_4,train,ChenGuang12M,kong,maestro,0.0068,0.0066,0.0067
Rachmaninoff,Preludes_op_23_4,train,ChenGuang12M,T5,maestro,0.0061,0.0059,0.006
Rachmaninoff,Preludes_op_23_4,train,ChenGuang12M,oaf,maestro,0.0062,0.0059,0.006
Rachmaninoff,Preludes_op_23_4,train,ChenGuang12M,kong,disklavier,0.8006,0.8295,0.8148
Rachmaninoff,Preludes_op_23_4,train,ChenGuang12M,T5,disklavier,0.5853,0.6686,0.6242
Rachmaninoff,Preludes_op_23_4,train,ChenGuang12M,oaf,disklavier,0.7177,0.6923,0.7047
Rachmaninoff,Preludes_op_23_4,train,WuuE07M,T5,maestro,0.9565,0.9479,0.9522
Rachmaninoff,Preludes_op_23_4,train,WuuE07M,kong,maestro,0.9543,0.9472,0.9507
Rachmaninoff,Preludes_op_23_4,train,WuuE07M,oaf,maestro,0.9344,0.901,0.9174
Rachmaninoff,Preludes_op_23_4,train,WuuE07M,T5,disklavier,0.0063,0.0067,0.0065
Rachmaninoff,Preludes_op_23_4,train,WuuE07M,oaf,disklavier,0.0049,0.0045,0.0047
Rachmaninoff,Preludes_op_23_4,train,WuuE07M,kong,disklavier,0.0061,0.006,0.006
Schubert,Impromptu_op.90_D.899_3,train,Hou06M,oaf,maestro,0.8444,0.8094,0.8265
Schubert,Impromptu_op.90_D.899_3,train,Hou06M,kong,maestro,0.8886,0.8786,0.8836
Schubert,Impromptu_op.90_D.899_3,train,Hou06M,T5,maestro,0.9276,0.9068,0.9171
Schubert,Impromptu_op.90_D.899_3,train,Hou06M,T5,disklavier,0.4677,0.4975,0.4821
Schubert,Impromptu_op.90_D.899_3,train,Hou06M,kong,disklavier,0.6869,0.6819,0.6844
Schubert,Impromptu_op.90_D.899_3,train,Hou06M,oaf,disklavier,0.6995,0.6424,0.6698
Schubert,Impromptu_op.90_D.899_3,train,JeonH06M,oaf,maestro,0.944,0.9187,0.9312
Schubert,Impromptu_op.90_D.899_3,train,JeonH06M,T5,maestro,0.972,0.9603,0.9661
Schubert,Impromptu_op.90_D.899_3,train,JeonH06M,kong,maestro,0.9609,0.9556,0.9583
Schubert,Impromptu_op.90_D.899_3,train,JeonH06M,kong,disklavier,0.8389,0.8265,0.8326
Schubert,Impromptu_op.90_D.899_3,train,JeonH06M,oaf,disklavier,0.8653,0.7821,0.8216
Schubert,Impromptu_op.90_D.899_3,train,JeonH06M,T5,disklavier,0.7139,0.7358,0.7247
Schubert,Impromptu_op.90_D.899_3,train,Ko08M,oaf,maestro,0.939,0.9169,0.9278
Schubert,Impromptu_op.90_D.899_3,train,Ko08M,kong,maestro,0.9548,0.9522,0.9535
Schubert,Impromptu_op.90_D.899_3,train,Ko08M,T5,maestro,0.9687,0.9596,0.9642
Schubert,Impromptu_op.90_D.899_3,train,Ko08M,kong,disklavier,0.8792,0.9047,0.8918
Schubert,Impromptu_op.90_D.899_3,train,Ko08M,T5,disklavier,0.6733,0.7746,0.7204
Schubert,Impromptu_op.90_D.899_3,train,Ko08M,oaf,disklavier,0.9034,0.8691,0.8859
Schubert,Impromptu_op.90_D.899_3,train,Kociuban10M,oaf,maestro,0.8776,0.8443,0.8606
Schubert,Impromptu_op.90_D.899_3,train,Kociuban10M,kong,maestro,0.9372,0.9325,0.9348
Schubert,Impromptu_op.90_D.899_3,train,Kociuban10M,T5,maestro,0.9609,0.9517,0.9563
Schubert,Impromptu_op.90_D.899_3,train,Kociuban10M,oaf,disklavier,0.5926,0.5646,0.5783
Schubert,Impromptu_op.90_D.899_3,train,Kociuban10M,T5,disklavier,0.3973,0.4223,0.4094
Schubert,Impromptu_op.90_D.899_3,train,Kociuban10M,kong,disklavier,0.6053,0.6053,0.6053
Schubert,Impromptu_op.90_D.899_3,train,LEE_K04M,oaf,maestro,0.9139,0.8784,0.8958
Schubert,Impromptu_op.90_D.899_3,train,LEE_K04M,kong,maestro,0.9353,0.9378,0.9366
Schubert,Impromptu_op.90_D.899_3,train,LEE_K04M,T5,maestro,0.9543,0.9413,0.9478
Schubert,Impromptu_op.90_D.899_3,train,LEE_K04M,T5,disklavier,0.6584,0.6845,0.6712
Schubert,Impromptu_op.90_D.899_3,train,LEE_K04M,oaf,disklavier,0.8178,0.7587,0.7872
Schubert,Impromptu_op.90_D.899_3,train,LEE_K04M,kong,disklavier,0.8021,0.8283,0.815
Schubert,Impromptu_op.90_D.899_3,train,LeeSH08M,oaf,maestro,0.9356,0.9104,0.9228
Schubert,Impromptu_op.90_D.899_3,train,LeeSH08M,T5,maestro,0.9686,0.9614,0.965
Schubert,Impromptu_op.90_D.899_3,train,LeeSH08M,kong,maestro,0.9625,0.9599,0.9612
Schubert,Impromptu_op.90_D.899_3,train,LeeSH08M,kong,disklavier,0.7959,0.8154,0.8055
Schubert,Impromptu_op.90_D.899_3,train,LeeSH08M,oaf,disklavier,0.8172,0.7383,0.7758
Schubert,Impromptu_op.90_D.899_3,train,LeeSH08M,T5,disklavier,0.6532,0.6756,0.6642
Schubert,Impromptu_op.90_D.899_3,train,Mizumoto07M,kong,maestro,0.9394,0.9293,0.9343
Schubert,Impromptu_op.90_D.899_3,train,Mizumoto07M,oaf,maestro,0.8969,0.8609,0.8786
Schubert,Impromptu_op.90_D.899_3,train,Mizumoto07M,T5,maestro,0.9514,0.9325,0.9418
Schubert,Impromptu_op.90_D.899_3,train,Mizumoto07M,T5,disklavier,0.5819,0.6142,0.5976
Schubert,Impromptu_op.90_D.899_3,train,Mizumoto07M,kong,disklavier,0.7572,0.7569,0.757
Schubert,Impromptu_op.90_D.899_3,train,Mizumoto07M,oaf,disklavier,0.7807,0.7243,0.7514
Schubert,Impromptu_op.90_D.899_3,train,Woo10M,oaf,maestro,0.8503,0.7942,0.8212
Schubert,Impromptu_op.90_D.899_3,train,Woo10M,kong,maestro,0.922,0.9158,0.9189
Schubert,Impromptu_op.90_D.899_3,train,Woo10M,T5,maestro,0.9511,0.9297,0.9403
Schubert,Impromptu_op.90_D.899_3,train,Woo10M,kong,disklavier,0.745,0.7353,0.7401
Schubert,Impromptu_op.90_D.899_3,train,Woo10M,oaf,disklavier,0.698,0.6476,0.6719
Schubert,Impromptu_op.90_D.899_3,train,Woo10M,T5,disklavier,0.5754,0.5745,0.5749
Schubert,Impromptu_op.90_D.899_3,train,WuuE10M,oaf,maestro,0.9378,0.9228,0.9302
Schubert,Impromptu_op.90_D.899_3,train,WuuE10M,kong,maestro,0.9565,0.9524,0.9545
Schubert,Impromptu_op.90_D.899_3,train,WuuE10M,T5,maestro,0.9689,0.959,0.9639
Schubert,Impromptu_op.90_D.899_3,train,WuuE10M,oaf,disklavier,0.847,0.7964,0.8209
Schubert,Impromptu_op.90_D.899_3,train,WuuE10M,T5,disklavier,0.6604,0.7129,0.6857
Schubert,Impromptu_op.90_D.899_3,train,WuuE10M,kong,disklavier,0.076,0.0772,0.0766
Schubert,Impromptu_op.90_D.899_3,train,ZhangW07M,kong,maestro,0.9116,0.9119,0.9118
Schubert,Impromptu_op.90_D.899_3,train,ZhangW07M,oaf,maestro,0.8731,0.8619,0.8675
Schubert,Impromptu_op.90_D.899_3,train,ZhangW07M,T5,maestro,0.9496,0.943,0.9463
Schubert,Impromptu_op.90_D.899_3,train,ZhangW07M,T5,disklavier,0.5019,0.5047,0.5033
Schubert,Impromptu_op.90_D.899_3,train,ZhangW07M,oaf,disklavier,0.628,0.5966,0.6119
Schubert,Impromptu_op.90_D.899_3,train,ZhangW07M,kong,disklavier,0.6475,0.642,0.6447
Schubert,Impromptu_op.90_D.899_3,train,ZhaoK10M,kong,maestro,0.9587,0.9561,0.9574
Schubert,Impromptu_op.90_D.899_3,train,ZhaoK10M,T5,maestro,0.9683,0.9616,0.9649
Schubert,Impromptu_op.90_D.899_3,train,ZhaoK10M,oaf,maestro,0.9201,0.9026,0.9112
Schubert,Impromptu_op.90_D.899_3,train,ZhaoK10M,oaf,disklavier,0.7958,0.7232,0.7578
Schubert,Impromptu_op.90_D.899_3,train,ZhaoK10M,kong,disklavier,0.8211,0.8195,0.8203
Schubert,Impromptu_op.90_D.899_3,train,ZhaoK10M,T5,disklavier,0.6542,0.6743,0.6641
Scriabin,Sonatas_5,train,FaB05M,T5,maestro,0.8833,0.8152,0.8479
Scriabin,Sonatas_5,train,FaB05M,oaf,maestro,0.6661,0.5977,0.63
Scriabin,Sonatas_5,train,FaB05M,kong,maestro,0.8303,0.7895,0.8094
Scriabin,Sonatas_5,train,FaB05M,kong,disklavier,0.6181,0.6136,0.6158
Scriabin,Sonatas_5,train,FaB05M,T5,disklavier,0.4659,0.4781,0.472
Scriabin,Sonatas_5,train,FaB05M,oaf,disklavier,0.5969,0.5312,0.5621
Scriabin,Sonatas_5,train,GarritsonL06M,T5,maestro,0.9115,0.8156,0.8609
Scriabin,Sonatas_5,train,GarritsonL06M,oaf,maestro,0.6319,0.5305,0.5768
Scriabin,Sonatas_5,train,GarritsonL06M,kong,maestro,0.8475,0.784,0.8145
Scriabin,Sonatas_5,train,GarritsonL06M,T5,disklavier,0.5794,0.5752,0.5773
Scriabin,Sonatas_5,train,GarritsonL06M,oaf,disklavier,0.7277,0.6206,0.6699
Scriabin,Sonatas_5,train,GarritsonL06M,kong,disklavier,0.7012,0.6777,0.6892
Scriabin,Sonatas_5,train,Ko07M,T5,maestro,0.9035,0.7998,0.8485
Scriabin,Sonatas_5,train,Ko07M,oaf,maestro,0.6345,0.5284,0.5766
Scriabin,Sonatas_5,train,Ko07M,kong,maestro,0.8563,0.7844,0.8187
Scriabin,Sonatas_5,train,Ko07M,oaf,disklavier,0.77,0.6558,0.7083
Scriabin,Sonatas_5,train,Ko07M,T5,disklavier,0.6001,0.6121,0.606
Scriabin,Sonatas_5,train,Ko07M,kong,disklavier,0.7737,0.7568,0.7651
Scriabin,Sonatas_5,train,Na07M,kong,maestro,0.8708,0.8215,0.8454
Scriabin,Sonatas_5,train,Na07M,oaf,maestro,0.7907,0.7059,0.7459
Scriabin,Sonatas_5,train,Na07M,T5,maestro,0.9087,0.8216,0.8629
Scriabin,Sonatas_5,train,Na07M,oaf,disklavier,0.7241,0.6389,0.6788
Scriabin,Sonatas_5,train,Na07M,T5,disklavier,0.5726,0.5889,0.5806
Scriabin,Sonatas_5,train,Na07M,kong,disklavier,0.7371,0.7299,0.7335
Scriabin,Sonatas_5,train,Yeletskiy07M,T5,maestro,0.9333,0.8631,0.8968
Scriabin,Sonatas_5,train,Yeletskiy07M,kong,maestro,0.879,0.8443,0.8613
Scriabin,Sonatas_5,train,Yeletskiy07M,oaf,maestro,0.5959,0.5341,0.5633
Scriabin,Sonatas_5,train,Yeletskiy07M,kong,disklavier,0.726,0.7231,0.7246
Scriabin,Sonatas_5,train,Yeletskiy07M,T5,disklavier,0.5523,0.587,0.5691
Scriabin,Sonatas_5,train,Yeletskiy07M,oaf,disklavier,0.7067,0.6064,0.6527
Beethoven,Piano_Sonatas_11-1,validation,LiC03M,oaf,maestro,0.7963,0.7712,0.7835
Beethoven,Piano_Sonatas_11-1,validation,LiC03M,kong,maestro,0.9173,0.9047,0.911
Beethoven,Piano_Sonatas_11-1,validation,LiC03M,T5,maestro,0.9316,0.9084,0.9199
Beethoven,Piano_Sonatas_11-1,validation,LiC03M,kong,disklavier,0.8239,0.83,0.8269
Beethoven,Piano_Sonatas_11-1,validation,LiC03M,T5,disklavier,0.7359,0.7515,0.7436
Beethoven,Piano_Sonatas_11-1,validation,LiC03M,oaf,disklavier,0.6265,0.5991,0.6125
Beethoven,Piano_Sonatas_11-1,validation,LiYZ03M,kong,maestro,0.8451,0.8367,0.8409
Beethoven,Piano_Sonatas_11-1,validation,LiYZ03M,T5,maestro,0.8934,0.8729,0.883
Beethoven,Piano_Sonatas_11-1,validation,LiYZ03M,oaf,maestro,0.8265,0.8065,0.8164
Beethoven,Piano_Sonatas_11-1,validation,LiYZ03M,T5,disklavier,0.7542,0.7664,0.7603
Beethoven,Piano_Sonatas_11-1,validation,LiYZ03M,kong,disklavier,0.8106,0.8146,0.8126
Beethoven,Piano_Sonatas_11-1,validation,LiYZ03M,oaf,disklavier,0.743,0.719,0.7308
Beethoven,Piano_Sonatas_11-1,validation,MaximovI02M,oaf,maestro,0.7171,0.6907,0.7036
Beethoven,Piano_Sonatas_11-1,validation,MaximovI02M,kong,maestro,0.8708,0.8573,0.864
Beethoven,Piano_Sonatas_11-1,validation,MaximovI02M,T5,maestro,0.9188,0.8937,0.9061
Beethoven,Piano_Sonatas_11-1,validation,MaximovI02M,kong,disklavier,0.8406,0.8434,0.842
Beethoven,Piano_Sonatas_11-1,validation,MaximovI02M,oaf,disklavier,0.6445,0.6254,0.6348
Beethoven,Piano_Sonatas_11-1,validation,MaximovI02M,T5,disklavier,0.823,0.8315,0.8273
Beethoven,Piano_Sonatas_11-1,validation,ZhaoK02M,kong,maestro,0.9079,0.8978,0.9028
Beethoven,Piano_Sonatas_11-1,validation,ZhaoK02M,T5,maestro,0.9339,0.913,0.9233
Beethoven,Piano_Sonatas_11-1,validation,ZhaoK02M,oaf,maestro,0.8452,0.8237,0.8343
Beethoven,Piano_Sonatas_11-1,validation,ZhaoK02M,oaf,disklavier,0.032,0.0309,0.0314
Beethoven,Piano_Sonatas_11-1,validation,ZhaoK02M,kong,disklavier,0.8416,0.8468,0.8442
Beethoven,Piano_Sonatas_11-1,validation,ZhaoK02M,T5,disklavier,0.7696,0.7722,0.7709
Beethoven,Piano_Sonatas_27-1,validation,GiacomelliN04M,kong,maestro,0.8367,0.8243,0.8304
Beethoven,Piano_Sonatas_27-1,validation,GiacomelliN04M,oaf,maestro,0.7379,0.7093,0.7233
Beethoven,Piano_Sonatas_27-1,validation,GiacomelliN04M,T5,maestro,0.8615,0.8235,0.8421
Beethoven,Piano_Sonatas_27-1,validation,GiacomelliN04M,oaf,disklavier,0.727,0.6702,0.6975
Beethoven,Piano_Sonatas_27-1,validation,GiacomelliN04M,T5,disklavier,0.6384,0.6687,0.6532
Beethoven,Piano_Sonatas_27-1,validation,GiacomelliN04M,kong,disklavier,0.8027,0.8167,0.8096
Beethoven,Piano_Sonatas_27-1,validation,Ko05M,kong,maestro,0.8645,0.8444,0.8543
Beethoven,Piano_Sonatas_27-1,validation,Ko05M,T5,maestro,0.8862,0.8314,0.8579
Beethoven,Piano_Sonatas_27-1,validation,Ko05M,oaf,maestro,0.7996,0.7502,0.7741
Beethoven,Piano_Sonatas_27-1,validation,Ko05M,kong,disklavier,0.8614,0.8555,0.8584
Beethoven,Piano_Sonatas_27-1,validation,Ko05M,T5,disklavier,0.698,0.7159,0.7068
Beethoven,Piano_Sonatas_27-1,validation,Ko05M,oaf,disklavier,0.7892,0.7368,0.7621
Beethoven,Piano_Sonatas_27-1,validation,MiyashitaM02M,oaf,maestro,0.8531,0.8122,0.8322
Beethoven,Piano_Sonatas_27-1,validation,MiyashitaM02M,T5,maestro,0.918,0.8705,0.8936
Beethoven,Piano_Sonatas_27-1,validation,MiyashitaM02M,kong,maestro,0.8999,0.88,0.8898
Beethoven,Piano_Sonatas_27-1,validation,MiyashitaM02M,kong,disklavier,0.7864,0.784,0.7852
Beethoven,Piano_Sonatas_27-1,validation,MiyashitaM02M,T5,disklavier,0.6929,0.6952,0.694
Beethoven,Piano_Sonatas_27-1,validation,MiyashitaM02M,oaf,disklavier,0.7699,0.7227,0.7455
Chopin,Scherzos_20,validation,Kurz04M,T5,maestro,0.8838,0.8047,0.8424
Chopin,Scherzos_20,validation,Kurz04M,oaf,maestro,0.7864,0.6896,0.7348
Chopin,Scherzos_20,validation,Kurz04M,kong,maestro,0.8752,0.8249,0.8493
Chopin,Scherzos_20,validation,Kurz04M,T5,disklavier,0.6854,0.6752,0.6803
Chopin,Scherzos_20,validation,Kurz04M,oaf,disklavier,0.7708,0.6898,0.7281
Chopin,Scherzos_20,validation,Kurz04M,kong,disklavier,0.8027,0.799,0.8008
Chopin,Scherzos_20,validation,ZhangYunling04M,kong,maestro,0.8643,0.8428,0.8535
Chopin,Scherzos_20,validation,ZhangYunling04M,oaf,maestro,0.8268,0.775,0.8001
Chopin,Scherzos_20,validation,ZhangYunling04M,T5,maestro,0.8876,0.8435,0.865
Chopin,Scherzos_20,validation,ZhangYunling04M,oaf,disklavier,0.8043,0.7541,0.7784
Chopin,Scherzos_20,validation,ZhangYunling04M,T5,disklavier,0.6814,0.6915,0.6864
Chopin,Scherzos_20,validation,ZhangYunling04M,kong,disklavier,0.7964,0.8084,0.8023
Haydn,Keyboard_Sonatas_39-1,validation,Yarden07M,oaf,maestro,0.5026,0.4848,0.4935
Haydn,Keyboard_Sonatas_39-1,validation,Yarden07M,T5,maestro,0.8969,0.8835,0.8902
Haydn,Keyboard_Sonatas_39-1,validation,Yarden07M,kong,maestro,0.8559,0.8517,0.8538
Haydn,Keyboard_Sonatas_39-1,validation,Yarden07M,T5,disklavier,0.7749,0.783,0.7789
Haydn,Keyboard_Sonatas_39-1,validation,Yarden07M,kong,disklavier,0.8357,0.8328,0.8342
Haydn,Keyboard_Sonatas_39-1,validation,Yarden07M,oaf,disklavier,0.743,0.7252,0.734
Haydn,Keyboard_Sonatas_39-3,validation,Yarden07M,kong,maestro,0.8509,0.8388,0.8448
Haydn,Keyboard_Sonatas_39-3,validation,Yarden07M,T5,maestro,0.0536,0.0515,0.0526
Haydn,Keyboard_Sonatas_39-3,validation,Yarden07M,oaf,maestro,0.6696,0.6348,0.6517
Haydn,Keyboard_Sonatas_39-3,validation,Yarden07M,kong,disklavier,0.8418,0.8378,0.8398
Haydn,Keyboard_Sonatas_39-3,validation,Yarden07M,T5,disklavier,0.7689,0.7638,0.7664
Haydn,Keyboard_Sonatas_39-3,validation,Yarden07M,oaf,disklavier,0.4444,0.4195,0.4316
