composer,title,split,performer,model,recording,cd_corr,cm_corr,ts_corr
Beethoven,Piano_Sonatas_18-1,test,ChenGuang03M,kong,maestro,0.7322,0.1121,0.7108
Beethoven,Piano_Sonatas_18-1,test,ChenGuang03M,T5,maestro,0.532,0.0932,0.4556
Beethoven,Piano_Sonatas_18-1,test,ChenGuang03M,oaf,maestro,0.8061,0.2244,0.6656
Beethoven,Piano_Sonatas_18-1,test,ChenGuang03M,oaf,disklavier,0.7237,0.0878,0.6892
Beethoven,Piano_Sonatas_18-1,test,ChenGuang03M,T5,disklavier,0.5051,0.1078,0.3814
Beethoven,Piano_Sonatas_18-1,test,ChenGuang03M,kong,disklavier,0.7064,0.0969,0.7049
Beethoven,Piano_Sonatas_18-1,test,KOLESO06M,kong,maestro,0.7185,0.187,0.7398
Beethoven,Piano_Sonatas_18-1,test,KOLESO06M,oaf,maestro,0.8199,0.2564,0.6849
Beethoven,Piano_Sonatas_18-1,test,KOLESO06M,T5,maestro,0.4962,0.0878,0.2799
Beethoven,Piano_Sonatas_18-1,test,KOLESO06M,T5,disklavier,0.6105,0.1017,0.5894
Beethoven,Piano_Sonatas_18-1,test,KOLESO06M,oaf,disklavier,0.7219,0.1565,0.7186
Beethoven,Piano_Sonatas_18-1,test,KOLESO06M,kong,disklavier,0.7076,0.1615,0.7215
Beethoven,Piano_Sonatas_18-1,test,LeungR02M,kong,maestro,0.8233,0.3331,0.7439
Beethoven,Piano_Sonatas_18-1,test,LeungR02M,T5,maestro,0.4864,0.1127,0.3905
Beethoven,Piano_Sonatas_18-1,test,LeungR02M,oaf,maestro,0.8053,0.281,0.7364
Beethoven,Piano_Sonatas_18-1,test,LeungR02M,kong,disklavier,0.6438,0.1489,0.7187
Beethoven,Piano_Sonatas_18-1,test,LeungR02M,oaf,disklavier,0.641,0.1303,0.6864
Beethoven,Piano_Sonatas_18-1,test,LeungR02M,T5,disklavier,0.5529,0.0906,0.0683
Beethoven,Piano_Sonatas_18-1,test,Levitsky05M,oaf,maestro,0.7771,0.2725,0.7176
Beethoven,Piano_Sonatas_18-1,test,Levitsky05M,kong,maestro,0.7465,0.1452,0.743
Beethoven,Piano_Sonatas_18-1,test,Levitsky05M,T5,maestro,0.5509,0.093,0.2172
Beethoven,Piano_Sonatas_18-1,test,Levitsky05M,kong,disklavier,0.7218,0.1402,0.7384
Beethoven,Piano_Sonatas_18-1,test,Levitsky05M,oaf,disklavier,0.7081,0.1218,0.7185
Beethoven,Piano_Sonatas_18-1,test,Levitsky05M,T5,disklavier,0.6155,0.108,0.5202
Beethoven,Piano_Sonatas_18-1,test,ZhangH05M,T5,maestro,0.6907,0.4652,0.1914
Beethoven,Piano_Sonatas_18-1,test,ZhangH05M,kong,maestro,0.6968,0.1463,0.7603
Beethoven,Piano_Sonatas_18-1,test,ZhangH05M,oaf,maestro,0.754,0.2907,0.6145
Beethoven,Piano_Sonatas_18-1,test,ZhangH05M,kong,disklavier,0.6624,0.1096,0.7479
Beethoven,Piano_Sonatas_18-1,test,ZhangH05M,T5,disklavier,0.6382,0.1007,0.0906
Beethoven,Piano_Sonatas_18-1,test,ZhangH05M,oaf,disklavier,0.6501,0.1247,0.5253
Beethoven,Piano_Sonatas_18-4,test,ChenGuang06M,oaf,maestro,0.7428,0.408,0.7469
Beethoven,Piano_Sonatas_18-4,test,ChenGuang06M,kong,maestro,0.8034,0.4108,0.7639
Beethoven,Piano_Sonatas_18-4,test,ChenGuang06M,T5,maestro,0.4427,0.2053,0.4045
Beethoven,Piano_Sonatas_18-4,test,ChenGuang06M,T5,disklavier,0.5571,0.2329,0.1019
Beethoven,Piano_Sonatas_18-4,test,ChenGuang06M,oaf,disklavier,0.5734,0.2852,0.6335
Beethoven,Piano_Sonatas_18-4,test,ChenGuang06M,kong,disklavier,0.622,0.2925,0.6826
Beethoven,Piano_Sonatas_18-4,test,KOLESO06M,oaf,maestro,0.7778,0.4188,0.7677
Beethoven,Piano_Sonatas_18-4,test,KOLESO06M,T5,maestro,0.5984,0.289,0.4032
Beethoven,Piano_Sonatas_18-4,test,KOLESO06M,kong,maestro,0.6201,0.2776,0.6968
Beethoven,Piano_Sonatas_18-4,test,KOLESO06M,T5,disklavier,0.619,0.226,0.618
Beethoven,Piano_Sonatas_18-4,test,KOLESO06M,oaf,disklavier,0.6149,0.277,0.6803
Beethoven,Piano_Sonatas_18-4,test,KOLESO06M,kong,disklavier,0.6165,0.2882,0.6871
Chopin,Polonaises_53,test,Chon08M,T5,maestro,0.2138,0.1929,0.3923
Chopin,Polonaises_53,test,Chon08M,oaf,maestro,0.7818,0.8517,0.9685
Chopin,Polonaises_53,test,Chon08M,kong,maestro,0.656,0.2359,0.8189
Chopin,Polonaises_53,test,Chon08M,kong,disklavier,0.63,0.2411,0.7916
Chopin,Polonaises_53,test,Chon08M,oaf,disklavier,0.5979,0.2473,0.7803
Chopin,Polonaises_53,test,Chon08M,T5,disklavier,0.5913,0.1813,0.3049
Chopin,Polonaises_53,test,YeF11M,kong,maestro,0.8576,0.368,0.8814
Chopin,Polonaises_53,test,YeF11M,T5,maestro,0.6952,0.2694,0.2738
Chopin,Polonaises_53,test,YeF11M,oaf,maestro,0.7914,0.3575,0.8684
Chopin,Polonaises_53,test,YeF11M,oaf,disklavier,0.6494,0.2123,0.8315
Chopin,Polonaises_53,test,YeF11M,T5,disklavier,0.2555,0.1286,0.2764
Chopin,Polonaises_53,test,YeF11M,kong,disklavier,0.5856,0.2195,0.8457
Chopin,Sonata_2_4th,test,KaszoS16M,kong,maestro,0.8499,0.1461,0.3939
Chopin,Sonata_2_4th,test,KaszoS16M,T5,maestro,0.9562,0.6027,0.8805
Chopin,Sonata_2_4th,test,KaszoS16M,oaf,maestro,0.8504,0.1563,0.3655
Chopin,Sonata_2_4th,test,KaszoS16M,oaf,disklavier,0.5884,0.1508,0.1059
Chopin,Sonata_2_4th,test,KaszoS16M,T5,disklavier,0.57,0.1597,0.0588
Chopin,Sonata_2_4th,test,KaszoS16M,kong,disklavier,0.5438,0.156,0.1152
Debussy,Pour_le_Piano_1,test,MunA12M,kong,maestro,0.947,0.33,0.915
Debussy,Pour_le_Piano_1,test,MunA12M,T5,maestro,0.4784,0.0782,0.2465
Debussy,Pour_le_Piano_1,test,MunA12M,oaf,maestro,0.9105,0.4805,0.4037
Debussy,Pour_le_Piano_1,test,MunA12M,oaf,disklavier,0.6957,0.027,0.6396
Debussy,Pour_le_Piano_1,test,MunA12M,kong,disklavier,0.7222,0.0464,0.6718
Debussy,Pour_le_Piano_1,test,MunA12M,T5,disklavier,0.5415,0.0372,0.556
Liszt,Transcendental_Etudes_10,test,LeungM06M,oaf,maestro,0.4297,0.1963,0.1152
Liszt,Transcendental_Etudes_10,test,LeungM06M,kong,maestro,0.4326,0.1702,0.7239
Liszt,Transcendental_Etudes_10,test,LeungM06M,T5,maestro,0.4026,0.1655,-0.4873
Liszt,Transcendental_Etudes_10,test,LeungM06M,oaf,disklavier,0.3703,0.1462,0.6009
Liszt,Transcendental_Etudes_10,test,LeungM06M,T5,disklavier,0.3797,0.1298,-0.4443
Liszt,Transcendental_Etudes_10,test,LeungM06M,kong,disklavier,0.4632,0.1499,0.7317
Liszt,Transcendental_Etudes_11,test,Huang18M,kong,maestro,0.9535,0.6075,0.8673
Liszt,Transcendental_Etudes_11,test,Huang18M,T5,maestro,0.6583,0.2905,0.6475
Liszt,Transcendental_Etudes_11,test,Huang18M,oaf,maestro,0.9371,0.5794,0.8063
Liszt,Transcendental_Etudes_11,test,Huang18M,oaf,disklavier,0.8644,0.3447,0.7866
Liszt,Transcendental_Etudes_11,test,Huang18M,kong,disklavier,0.7941,0.2384,0.5854
Liszt,Transcendental_Etudes_11,test,Huang18M,T5,disklavier,0.5897,0.1821,0.3327
Rachmaninoff,Preludes_op_23_6,test,Nikiforov14M,kong,maestro,0.7212,0.1871,0.3923
Rachmaninoff,Preludes_op_23_6,test,Nikiforov14M,T5,maestro,0.491,0.1799,0.2226
Rachmaninoff,Preludes_op_23_6,test,Nikiforov14M,oaf,maestro,0.936,0.2861,0.5657
Rachmaninoff,Preludes_op_23_6,test,Nikiforov14M,T5,disklavier,0.5731,0.1825,0.2725
Rachmaninoff,Preludes_op_23_6,test,Nikiforov14M,oaf,disklavier,0.7074,0.1926,0.4342
Rachmaninoff,Preludes_op_23_6,test,Nikiforov14M,kong,disklavier,0.7198,0.1889,0.4382
Schubert,Impromptu_op.90_D.899_4,test,Huang10M,oaf,maestro,0.6827,0.0504,0.6432
Schubert,Impromptu_op.90_D.899_4,test,Huang10M,T5,maestro,0.5176,0.1215,0.5389
Schubert,Impromptu_op.90_D.899_4,test,Huang10M,kong,maestro,0.6901,0.0584,0.651
Schubert,Impromptu_op.90_D.899_4,test,Huang10M,T5,disklavier,0.4179,0.0514,0.2543
Schubert,Impromptu_op.90_D.899_4,test,Huang10M,kong,disklavier,0.5571,0.1678,0.6721
Schubert,Impromptu_op.90_D.899_4,test,Huang10M,oaf,disklavier,0.5408,0.1495,0.6578
Schubert,Impromptu_op.90_D.899_4,test,Lin11M,oaf,maestro,0.7795,0.3361,0.7326
Schubert,Impromptu_op.90_D.899_4,test,Lin11M,kong,maestro,0.8358,0.3441,0.7313
Schubert,Impromptu_op.90_D.899_4,test,Lin11M,T5,maestro,0.4899,0.1915,0.5109
Schubert,Impromptu_op.90_D.899_4,test,Lin11M,oaf,disklavier,0.671,0.2388,0.76
Schubert,Impromptu_op.90_D.899_4,test,Lin11M,T5,disklavier,0.3054,0.1447,0.4823
Schubert,Impromptu_op.90_D.899_4,test,Lin11M,kong,disklavier,0.6863,0.2251,0.7598
Schubert,Impromptu_op.90_D.899_4,test,LuoJ09M,T5,maestro,0.5524,0.2024,0.6886
Schubert,Impromptu_op.90_D.899_4,test,LuoJ09M,kong,maestro,0.742,0.2918,0.7584
Schubert,Impromptu_op.90_D.899_4,test,LuoJ09M,oaf,maestro,0.6192,0.2512,0.6016
Schubert,Impromptu_op.90_D.899_4,test,LuoJ09M,T5,disklavier,0.3682,0.2177,0.4967
Schubert,Impromptu_op.90_D.899_4,test,LuoJ09M,oaf,disklavier,0.7791,0.3546,0.7809
Schubert,Impromptu_op.90_D.899_4,test,LuoJ09M,kong,disklavier,0.7991,0.2918,0.7688
Schubert,Impromptu_op.90_D.899_4,test,WongWY08M,T5,maestro,0.5732,0.1579,0.5271
Schubert,Impromptu_op.90_D.899_4,test,WongWY08M,oaf,maestro,0.9024,0.2877,0.7528
Schubert,Impromptu_op.90_D.899_4,test,WongWY08M,kong,maestro,0.7515,0.218,0.7774
Schubert,Impromptu_op.90_D.899_4,test,WongWY08M,kong,disklavier,0.762,0.2191,0.7741
Schubert,Impromptu_op.90_D.899_4,test,WongWY08M,oaf,disklavier,0.7609,0.2073,0.7718
Schubert,Impromptu_op.90_D.899_4,test,WongWY08M,T5,disklavier,0.3627,0.1109,0.4836
Schubert,Piano_Sonatas_664-1,test,BuiJL06M,oaf,maestro,0.937,0.3639,0.8087
Schubert,Piano_Sonatas_664-1,test,BuiJL06M,kong,maestro,0.7256,0.1505,0.7464
Schubert,Piano_Sonatas_664-1,test,BuiJL06M,T5,maestro,0.707,0.1069,0.5348
Schubert,Piano_Sonatas_664-1,test,BuiJL06M,T5,disklavier,0.6868,0.1195,0.3528
Schubert,Piano_Sonatas_664-1,test,BuiJL06M,kong,disklavier,0.7292,0.1775,0.6793
Schubert,Piano_Sonatas_664-1,test,BuiJL06M,oaf,disklavier,0.7428,0.1739,0.6931
Schubert,Piano_Sonatas_664-1,test,KabuliL10M,T5,maestro,0.6907,0.1054,0.2994
Schubert,Piano_Sonatas_664-1,test,KabuliL10M,oaf,maestro,0.9101,0.3182,0.4665
Schubert,Piano_Sonatas_664-1,test,KabuliL10M,kong,maestro,0.9154,0.3243,0.7907
Schubert,Piano_Sonatas_664-1,test,KabuliL10M,T5,disklavier,0.711,0.0849,0.5203
Schubert,Piano_Sonatas_664-1,test,KabuliL10M,oaf,disklavier,0.7489,0.1753,0.7524
Schubert,Piano_Sonatas_664-1,test,KabuliL10M,kong,disklavier,0.7582,0.1517,0.7307
Bach,Fugue_bwv_848,train,Denisova06M,oaf,maestro,0.7495,0.149,0.4222
Bach,Fugue_bwv_848,train,Denisova06M,kong,maestro,0.9706,0.9748,0.997
Bach,Fugue_bwv_848,train,Denisova06M,T5,maestro,0.705,0.0753,0.5869
Bach,Fugue_bwv_848,train,Denisova06M,oaf,disklavier,0.6611,0.149,0.3845
Bach,Fugue_bwv_848,train,Denisova06M,T5,disklavier,0.6344,0.1533,0.2319
Bach,Fugue_bwv_848,train,Denisova06M,kong,disklavier,0.6773,0.1481,0.3823
Bach,Fugue_bwv_848,train,Lin04M,oaf,maestro,0.6351,0.1981,0.4025
Bach,Fugue_bwv_848,train,Lin04M,kong,maestro,0.9984,0.9306,0.9913
Bach,Fugue_bwv_848,train,Lin04M,T5,maestro,0.9382,0.3938,0.6847
Bach,Fugue_bwv_848,train,Lin04M,T5,disklavier,0.621,0.1273,0.3341
Bach,Fugue_bwv_848,train,Lin04M,kong,disklavier,0.6404,0.1072,0.3938
Bach,Fugue_bwv_848,train,Lin04M,oaf,disklavier,0.6398,0.116,0.3786
Bach,Fugue_bwv_848,train,Lou01M,kong,maestro,0.6361,0.1477,0.2194
Bach,Fugue_bwv_848,train,Lou01M,T5,maestro,0.7516,0.17,0.9194
Bach,Fugue_bwv_848,train,Lou01M,oaf,maestro,0.8944,0.2546,0.9727
Bach,Fugue_bwv_848,train,Lou01M,T5,disklavier,0.4855,0.1328,0.1744
Bach,Fugue_bwv_848,train,Lou01M,oaf,disklavier,0.6319,0.1418,0.2187
Bach,Fugue_bwv_848,train,Lou01M,kong,disklavier,0.6352,0.1397,0.2176
Bach,Fugue_bwv_848,train,MiyashitaM01M,oaf,maestro,0.8813,0.244,0.9685
Bach,Fugue_bwv_848,train,MiyashitaM01M,T5,maestro,0.9338,0.1848,0.8102
Bach,Fugue_bwv_848,train,MiyashitaM01M,kong,maestro,0.6443,0.1403,0.2232
Bach,Fugue_bwv_848,train,MiyashitaM01M,oaf,disklavier,0.6282,0.1279,0.2246
Bach,Fugue_bwv_848,train,MiyashitaM01M,T5,disklavier,0.6401,0.1266,0.5311
Bach,Fugue_bwv_848,train,MiyashitaM01M,kong,disklavier,0.6462,0.1336,0.2232
Bach,Fugue_bwv_848,train,Mizumoto03M,kong,maestro,0.6543,0.1531,0.3924
Bach,Fugue_bwv_848,train,Mizumoto03M,T5,maestro,0.7618,-0.0125,0.3372
Bach,Fugue_bwv_848,train,Mizumoto03M,oaf,maestro,0.7735,0.0541,0.4309
Bach,Fugue_bwv_848,train,Mizumoto03M,kong,disklavier,0.6528,0.1541,0.3863
Bach,Fugue_bwv_848,train,Mizumoto03M,T5,disklavier,0.5905,0.0702,0.3526
Bach,Fugue_bwv_848,train,Mizumoto03M,oaf,disklavier,0.6455,0.1478,0.3828
Bach,Fugue_bwv_848,train,SunY01M,T5,maestro,0.8741,0.1927,0.961
Bach,Fugue_bwv_848,train,SunY01M,oaf,maestro,0.9046,0.261,0.9771
Bach,Fugue_bwv_848,train,SunY01M,kong,maestro,0.6226,0.1759,0.2039
Bach,Fugue_bwv_848,train,SunY01M,kong,disklavier,0.6226,0.1721,0.2105
Bach,Fugue_bwv_848,train,SunY01M,T5,disklavier,0.619,0.1684,0.211
Bach,Fugue_bwv_848,train,SunY01M,oaf,disklavier,0.6195,0.1722,0.209
Bach,Fugue_bwv_848,train,Zhou01M,T5,maestro,0.8513,0.1581,0.9231
Bach,Fugue_bwv_848,train,Zhou01M,oaf,maestro,0.9057,0.2579,0.9734
Bach,Fugue_bwv_848,train,Zhou01M,kong,maestro,0.6373,0.1325,0.2337
Bach,Fugue_bwv_848,train,Zhou01M,kong,disklavier,0.6373,0.1332,0.2371
Bach,Fugue_bwv_848,train,Zhou01M,oaf,disklavier,0.6373,0.1363,0.2399
Bach,Fugue_bwv_848,train,Zhou01M,T5,disklavier,0.6386,0.1573,0.1885
Beethoven,Piano_Sonatas_21-1,train,GonzalezJ06M,T5,maestro,0.7658,0.2561,0.6907
Beethoven,Piano_Sonatas_21-1,train,GonzalezJ06M,kong,maestro,0.8738,0.5912,0.8826
Beethoven,Piano_Sonatas_21-1,train,GonzalezJ06M,oaf,maestro,0.7769,0.5961,0.9035
Beethoven,Piano_Sonatas_21-1,train,GonzalezJ06M,oaf,disklavier,0.7606,0.3549,0.8666
Beethoven,Piano_Sonatas_21-1,train,GonzalezJ06M,T5,disklavier,0.7039,0.263,0.644
Beethoven,Piano_Sonatas_21-1,train,GonzalezJ06M,kong,disklavier,0.749,0.3444,0.837
Beethoven,Piano_Sonatas_21-1,train,KimSY02M,oaf,maestro,0.8988,0.4717,0.8435
Beethoven,Piano_Sonatas_21-1,train,KimSY02M,kong,maestro,0.9884,0.9423,0.9829
Beethoven,Piano_Sonatas_21-1,train,KimSY02M,T5,maestro,0.6525,0.19,0.5963
Beethoven,Piano_Sonatas_21-1,train,KimSY02M,T5,disklavier,0.6825,0.1336,0.2829
Beethoven,Piano_Sonatas_21-1,train,KimSY02M,oaf,disklavier,0.8224,0.2937,0.861
Beethoven,Piano_Sonatas_21-1,train,KimSY02M,kong,disklavier,0.8156,0.2622,0.8391
Beethoven,Piano_Sonatas_21-1,train,LeeN02M,T5,maestro,0.7669,0.2391,0.6877
Beethoven,Piano_Sonatas_21-1,train,LeeN02M,kong,maestro,0.8283,0.2788,0.8378
Beethoven,Piano_Sonatas_21-1,train,LeeN02M,oaf,maestro,0.9065,0.5685,0.8957
Beethoven,Piano_Sonatas_21-1,train,LeeN02M,kong,disklavier,0.7906,0.3082,0.8553
Beethoven,Piano_Sonatas_21-1,train,LeeN02M,T5,disklavier,0.6648,0.2063,0.5839
Beethoven,Piano_Sonatas_21-1,train,LeeN02M,oaf,disklavier,0.7764,0.2962,0.8078
Beethoven,Piano_Sonatas_21-1,train,RichardsonC02M,oaf,maestro,0.8729,0.6173,0.9047
Beethoven,Piano_Sonatas_21-1,train,RichardsonC02M,kong,maestro,0.8795,0.6007,0.8954
Beethoven,Piano_Sonatas_21-1,train,RichardsonC02M,T5,maestro,0.6884,0.2442,0.4358
Beethoven,Piano_Sonatas_21-1,train,RichardsonC02M,kong,disklavier,0.785,0.2801,0.8041
Beethoven,Piano_Sonatas_21-1,train,RichardsonC02M,T5,disklavier,0.7474,0.2479,0.6084
Beethoven,Piano_Sonatas_21-1,train,RichardsonC02M,oaf,disklavier,0.5802,0.1678,0.7528
Beethoven,Piano_Sonatas_21-1,train,Shychko02M,T5,maestro,0.8554,0.5332,0.817
Beethoven,Piano_Sonatas_21-1,train,Shychko02M,kong,maestro,0.9188,0.6443,0.9307
Beethoven,Piano_Sonatas_21-1,train,Shychko02M,oaf,maestro,0.8991,0.5996,0.9248
Beethoven,Piano_Sonatas_21-1,train,Shychko02M,kong,disklavier,0.8203,0.2836,0.8493
Beethoven,Piano_Sonatas_21-1,train,Shychko02M,oaf,disklavier,0.7871,0.2787,0.8612
Beethoven,Piano_Sonatas_21-1,train,Shychko02M,T5,disklavier,0.7418,0.2892,0.5008
Beethoven,Piano_Sonatas_21-1,train,Sladek02M,oaf,maestro,0.9608,0.8898,0.9692
Beethoven,Piano_Sonatas_21-1,train,Sladek02M,kong,maestro,0.9756,0.9262,0.9763
Beethoven,Piano_Sonatas_21-1,train,Sladek02M,T5,maestro,0.8186,0.6797,0.7403
Beethoven,Piano_Sonatas_21-1,train,Sladek02M,oaf,disklavier,0.8037,0.2905,0.6959
Beethoven,Piano_Sonatas_21-1,train,Sladek02M,T5,disklavier,0.7355,0.2866,0.6339
Beethoven,Piano_Sonatas_21-1,train,Sladek02M,kong,disklavier,0.7923,0.313,0.8184
Beethoven,Piano_Sonatas_21-1,train,Song03M,oaf,maestro,0.9265,0.6342,0.9265
Beethoven,Piano_Sonatas_21-1,train,Song03M,kong,maestro,0.814,0.3042,0.8683
Beethoven,Piano_Sonatas_21-1,train,Song03M,T5,maestro,0.6797,0.2568,0.6338
Beethoven,Piano_Sonatas_21-1,train,Song03M,T5,disklavier,0.7105,0.1805,0.1584
Beethoven,Piano_Sonatas_21-1,train,Song03M,kong,disklavier,0.737,0.2892,0.8676
Beethoven,Piano_Sonatas_21-1,train,Song03M,oaf,disklavier,0.817,0.3285,0.8324
Beethoven,Piano_Sonatas_21-1,train,SunY02M,T5,maestro,0.7146,0.3015,0.4572
Beethoven,Piano_Sonatas_21-1,train,SunY02M,oaf,maestro,0.8927,0.6109,0.9231
Beethoven,Piano_Sonatas_21-1,train,SunY02M,kong,maestro,0.8,0.3346,0.8632
Beethoven,Piano_Sonatas_21-1,train,SunY02M,oaf,disklavier,0.7423,0.3316,0.8315
Beethoven,Piano_Sonatas_21-1,train,SunY02M,kong,disklavier,0.7579,0.2991,0.8548
Beethoven,Piano_Sonatas_21-1,train,SunY02M,T5,disklavier,0.632,0.2105,0.5266
Beethoven,Piano_Sonatas_21-1,train,Tetzloff05M,T5,maestro,0.7151,0.2727,0.8082
Beethoven,Piano_Sonatas_21-1,train,Tetzloff05M,oaf,maestro,0.7789,0.3314,0.8693
Beethoven,Piano_Sonatas_21-1,train,Tetzloff05M,kong,maestro,0.8124,0.3003,0.8479
Beethoven,Piano_Sonatas_21-1,train,Tetzloff05M,T5,disklavier,0.6864,0.2305,0.4381
Beethoven,Piano_Sonatas_21-1,train,Tetzloff05M,oaf,disklavier,0.7654,0.2999,0.8132
Beethoven,Piano_Sonatas_21-1,train,Tetzloff05M,kong,disklavier,0.7495,0.2649,0.7872
Beethoven,Piano_Sonatas_21-1,train,ToA02M,oaf,maestro,0.9167,0.5908,0.9154
Beethoven,Piano_Sonatas_21-1,train,ToA02M,kong,maestro,0.9225,0.6308,0.9181
Beethoven,Piano_Sonatas_21-1,train,ToA02M,T5,maestro,0.7259,0.3208,0.7231
Beethoven,Piano_Sonatas_21-1,train,ToA02M,oaf,disklavier,0.5979,0.1623,0.8081
Beethoven,Piano_Sonatas_21-1,train,ToA02M,T5,disklavier,0.6129,0.2485,0.575
Beethoven,Piano_Sonatas_21-1,train,ToA02M,kong,disklavier,0.7548,0.3272,0.8576
Beethoven,Piano_Sonatas_21-1,train,TongB03M,oaf,maestro,0.8778,0.5971,0.9038
Beethoven,Piano_Sonatas_21-1,train,TongB03M,kong,maestro,0.8216,0.3275,0.8591
Beethoven,Piano_Sonatas_21-1,train,TongB03M,T5,maestro,0.7705,0.2657,0.6454
Beethoven,Piano_Sonatas_21-1,train,TongB03M,oaf,disklavier,0.8272,0.3429,0.8536
Beethoven,Piano_Sonatas_21-1,train,TongB03M,T5,disklavier,0.63,0.2329,0.0835
Beethoven,Piano_Sonatas_21-1,train,TongB03M,kong,disklavier,0.8079,0.3172,0.8497
Beethoven,Piano_Sonatas_21-1,train,WangA02M,T5,maestro,0.6939,0.2548,0.6599
Beethoven,Piano_Sonatas_21-1,train,WangA02M,oaf,maestro,0.9101,0.6054,0.9078
Beethoven,Piano_Sonatas_21-1,train,WangA02M,kong,maestro,0.9395,0.6276,0.8795
Beethoven,Piano_Sonatas_21-1,train,WangA02M,oaf,disklavier,0.8089,0.3148,0.8478
Beethoven,Piano_Sonatas_21-1,train,WangA02M,kong,disklavier,0.7908,0.2776,0.8552
Beethoven,Piano_Sonatas_21-1,train,WangA02M,T5,disklavier,0.6141,0.164,0.5032
Beethoven,Piano_Sonatas_21-1,train,YeZ02M,kong,maestro,0.9268,0.564,0.9249
Beethoven,Piano_Sonatas_21-1,train,YeZ02M,oaf,maestro,0.8986,0.5802,0.9191
Beethoven,Piano_Sonatas_21-1,train,YeZ02M,T5,maestro,0.7836,0.3409,0.7392
Beethoven,Piano_Sonatas_21-1,train,YeZ02M,T5,disklavier,0.5764,0.1799,0.3437
Beethoven,Piano_Sonatas_21-1,train,YeZ02M,oaf,disklavier,0.7787,0.2676,0.8067
Beethoven,Piano_Sonatas_21-1,train,YeZ02M,kong,disklavier,0.7816,0.2594,0.8194
Beethoven,Piano_Sonatas_21-1,train,ZhangW01M,T5,maestro,0.8781,0.7347,0.7656
Beethoven,Piano_Sonatas_21-1,train,ZhangW01M,oaf,maestro,0.9085,0.6264,0.9175
Beethoven,Piano_Sonatas_21-1,train,ZhangW01M,kong,maestro,0.929,0.6287,0.9211
Beethoven,Piano_Sonatas_21-1,train,ZhangW01M,kong,disklavier,0.7119,0.3137,0.8092
Beethoven,Piano_Sonatas_21-1,train,ZhangW01M,oaf,disklavier,0.7829,0.3407,0.8268
Beethoven,Piano_Sonatas_21-1,train,ZhangW01M,T5,disklavier,0.7185,0.2687,0.5574
Chopin,Scherzos_31,train,ChenW04M,oaf,maestro,0.9459,0.4701,0.8801
Chopin,Scherzos_31,train,ChenW04M,kong,maestro,0.9561,0.4745,0.8726
Chopin,Scherzos_31,train,ChenW04M,T5,maestro,0.7227,0.1575,0.6914
Chopin,Scherzos_31,train,ChenW04M,kong,disklavier,0.7871,0.1607,0.7995
Chopin,Scherzos_31,train,ChenW04M,T5,disklavier,0.6804,0.1036,-0.0943
Chopin,Scherzos_31,train,ChenW04M,oaf,disklavier,0.7848,0.1717,0.793
Chopin,Scherzos_31,train,HuNY08M,kong,maestro,0.7558,0.179,0.827
Chopin,Scherzos_31,train,HuNY08M,T5,maestro,0.7128,0.1269,0.6859
Chopin,Scherzos_31,train,HuNY08M,oaf,maestro,0.9231,0.5053,0.8976
Chopin,Scherzos_31,train,HuNY08M,kong,disklavier,0.7536,0.1767,0.8236
Chopin,Scherzos_31,train,HuNY08M,T5,disklavier,0.479,0.112,0.3484
Chopin,Scherzos_31,train,HuNY08M,oaf,disklavier,0.7413,0.2023,0.8196
Chopin,Scherzos_31,train,Jussow11M,oaf,maestro,0.9535,0.9141,0.984
Chopin,Scherzos_31,train,Jussow11M,kong,maestro,0.9244,0.9528,0.9906
Chopin,Scherzos_31,train,Jussow11M,T5,maestro,0.8828,0.4022,0.8006
Chopin,Scherzos_31,train,Jussow11M,oaf,disklavier,0.7639,0.1994,0.8294
Chopin,Scherzos_31,train,Jussow11M,T5,disklavier,0.5591,0.1352,0.1365
Chopin,Scherzos_31,train,Jussow11M,kong,disklavier,0.7478,0.1836,0.8301
Chopin,Scherzos_31,train,LeeN04M,oaf,maestro,0.9224,0.5096,0.9074
Chopin,Scherzos_31,train,LeeN04M,T5,maestro,0.8942,0.782,0.8678
Chopin,Scherzos_31,train,LeeN04M,kong,maestro,0.7657,0.1954,0.8307
Chopin,Scherzos_31,train,LeeN04M,T5,disklavier,0.5619,0.115,0.5203
Chopin,Scherzos_31,train,LeeN04M,kong,disklavier,0.7564,0.2038,0.8224
Chopin,Scherzos_31,train,LeeN04M,oaf,disklavier,0.7647,0.1878,0.8336
Chopin,Scherzos_31,train,LinTami06M,T5,maestro,0.4969,0.3439,0.4492
Chopin,Scherzos_31,train,LinTami06M,kong,maestro,0.9453,0.5243,0.8908
Chopin,Scherzos_31,train,LinTami06M,oaf,maestro,0.9238,0.5105,0.8933
Chopin,Scherzos_31,train,LinTami06M,kong,disklavier,0.7931,0.1863,0.8123
Chopin,Scherzos_31,train,LinTami06M,oaf,disklavier,0.7597,0.1751,0.8034
Chopin,Scherzos_31,train,LinTami06M,T5,disklavier,0.751,0.1015,0.7
Chopin,Scherzos_31,train,LuoJ12M,T5,maestro,0.5416,0.146,0.6006
Chopin,Scherzos_31,train,LuoJ12M,kong,maestro,0.9484,0.5405,0.9006
Chopin,Scherzos_31,train,LuoJ12M,oaf,maestro,0.9,0.5022,0.8966
Chopin,Scherzos_31,train,LuoJ12M,oaf,disklavier,0.8134,0.3861,0.944
Chopin,Scherzos_31,train,LuoJ12M,kong,disklavier,0.7739,0.1907,0.8157
Chopin,Scherzos_31,train,LuoJ12M,T5,disklavier,0.3086,0.075,-0.0316
Chopin,Scherzos_31,train,SunD04M,kong,maestro,0.9319,0.9276,0.9862
Chopin,Scherzos_31,train,SunD04M,oaf,maestro,0.8916,0.463,0.8847
Chopin,Scherzos_31,train,SunD04M,T5,maestro,0.7751,0.3502,0.7782
Chopin,Scherzos_31,train,SunD04M,kong,disklavier,0.7515,0.1794,0.8016
Chopin,Scherzos_31,train,SunD04M,T5,disklavier,0.4478,0.1005,-0.0125
Chopin,Scherzos_31,train,SunD04M,oaf,disklavier,0.7504,0.1944,0.8156
Chopin,Scherzos_31,train,TongB04M,kong,maestro,0.7714,0.1907,0.8193
Chopin,Scherzos_31,train,TongB04M,T5,maestro,0.6404,0.1667,0.5813
Chopin,Scherzos_31,train,TongB04M,oaf,maestro,0.8875,0.5267,0.9033
Chopin,Scherzos_31,train,TongB04M,oaf,disklavier,0.756,0.1817,0.8115
Chopin,Scherzos_31,train,TongB04M,kong,disklavier,0.7645,0.2124,0.8277
Chopin,Scherzos_31,train,TongB04M,T5,disklavier,0.1625,0.0977,0.2383
Chopin,Scherzos_31,train,TuanS05M,kong,maestro,0.9588,0.5786,0.9213
Chopin,Scherzos_31,train,TuanS05M,oaf,maestro,0.9148,0.5546,0.916
Chopin,Scherzos_31,train,TuanS05M,T5,maestro,0.7099,0.1666,0.6458
Chopin,Scherzos_31,train,TuanS05M,T5,disklavier,0.3395,0.1401,0.2714
Chopin,Scherzos_31,train,TuanS05M,oaf,disklavier,0.7348,0.2058,0.8291
Chopin,Scherzos_31,train,TuanS05M,kong,disklavier,0.7498,0.2229,0.8332
Chopin,Scherzos_31,train,ZhangW04M,T5,maestro,0.8944,0.4976,0.8805
Chopin,Scherzos_31,train,ZhangW04M,oaf,maestro,0.9277,0.5175,0.9135
Chopin,Scherzos_31,train,ZhangW04M,kong,maestro,0.7701,0.1825,0.833
Chopin,Scherzos_31,train,ZhangW04M,oaf,disklavier,0.7198,0.2097,0.8242
Chopin,Scherzos_31,train,ZhangW04M,kong,disklavier,0.7468,0.2072,0.8278
Chopin,Scherzos_31,train,ZhangW04M,T5,disklavier,0.6516,0.1139,0.2947
Debussy,Images_Book_1_1_Reflets_dans_lEau,train,Kleisen11M,kong,maestro,0.9679,0.4779,0.9428
Debussy,Images_Book_1_1_Reflets_dans_lEau,train,Kleisen11M,oaf,maestro,0.9013,0.7189,0.8721
Debussy,Images_Book_1_1_Reflets_dans_lEau,train,Kleisen11M,T5,maestro,0.5393,0.1976,0.5592
Debussy,Images_Book_1_1_Reflets_dans_lEau,train,Kleisen11M,T5,disklavier,0.3922,0.1527,0.5275
Debussy,Images_Book_1_1_Reflets_dans_lEau,train,Kleisen11M,kong,disklavier,0.7524,0.1808,0.7341
Debussy,Images_Book_1_1_Reflets_dans_lEau,train,Kleisen11M,oaf,disklavier,0.7561,0.1713,0.8046
Debussy,Images_Book_1_1_Reflets_dans_lEau,train,ParkJH13M,T5,maestro,0.6954,0.0345,0.3175
Debussy,Images_Book_1_1_Reflets_dans_lEau,train,ParkJH13M,kong,maestro,0.9325,0.954,0.9807
Debussy,Images_Book_1_1_Reflets_dans_lEau,train,ParkJH13M,oaf,maestro,0.8458,0.2189,0.5352
Debussy,Images_Book_1_1_Reflets_dans_lEau,train,ParkJH13M,T5,disklavier,0.3811,-0.0433,0.2537
Debussy,Images_Book_1_1_Reflets_dans_lEau,train,ParkJH13M,kong,disklavier,0.7861,0.2369,0.6348
Debussy,Images_Book_1_1_Reflets_dans_lEau,train,ParkJH13M,oaf,disklavier,0.7728,0.2137,0.6253
Glinka,The_Lark,train,Denisova10M,oaf,maestro,0.9485,0.4065,0.8022
Glinka,The_Lark,train,Denisova10M,kong,maestro,0.9383,0.4343,0.7669
Glinka,The_Lark,train,Denisova10M,T5,maestro,0.7998,0.359,0.6109
Glinka,The_Lark,train,Denisova10M,oaf,disklavier,0.8282,0.1764,0.6088
Glinka,The_Lark,train,Denisova10M,T5,disklavier,0.6691,0.1322,0.2802
Glinka,The_Lark,train,Denisova10M,kong,disklavier,0.8338,0.1812,0.6107
Glinka,The_Lark,train,Kleisen07M,oaf,maestro,0.9267,0.3636,0.8118
Glinka,The_Lark,train,Kleisen07M,kong,maestro,0.9762,0.8723,0.9771
Glinka,The_Lark,train,Kleisen07M,T5,maestro,0.6852,0.1232,0.4562
Glinka,The_Lark,train,Kleisen07M,oaf,disklavier,0.8247,0.1491,0.6071
Glinka,The_Lark,train,Kleisen07M,kong,disklavier,0.8412,0.1431,0.609
Glinka,The_Lark,train,Kleisen07M,T5,disklavier,0.7132,0.0126,0.0873
Haydn,Keyboard_Sonatas_50-1,train,GalantM02M,oaf,maestro,0.8717,0.331,0.786
Haydn,Keyboard_Sonatas_50-1,train,GalantM02M,kong,maestro,0.9889,0.9606,0.9945
Haydn,Keyboard_Sonatas_50-1,train,GalantM02M,T5,maestro,0.8568,0.2039,0.4142
Haydn,Keyboard_Sonatas_50-1,train,GalantM02M,kong,disklavier,0.7174,0.1705,0.9046
Haydn,Keyboard_Sonatas_50-1,train,GalantM02M,T5,disklavier,0.6796,0.0859,0.4908
Haydn,Keyboard_Sonatas_50-1,train,GalantM02M,oaf,disklavier,0.7404,0.1282,0.5706
Haydn,Keyboard_Sonatas_50-1,train,HamSY02M,oaf,maestro,0.8239,0.2855,0.6709
Haydn,Keyboard_Sonatas_50-1,train,HamSY02M,kong,maestro,0.7669,0.1495,0.743
Haydn,Keyboard_Sonatas_50-1,train,HamSY02M,T5,maestro,0.6747,0.1144,-0.0404
Haydn,Keyboard_Sonatas_50-1,train,HamSY02M,T5,disklavier,0.6053,0.1016,0.1395
Haydn,Keyboard_Sonatas_50-1,train,HamSY02M,oaf,disklavier,0.7589,0.1455,0.7325
Haydn,Keyboard_Sonatas_50-1,train,HamSY02M,kong,disklavier,0.7648,0.1472,0.7498
Haydn,Keyboard_Sonatas_50-1,train,Huang05M,T5,maestro,0.6898,0.0827,0.085
Haydn,Keyboard_Sonatas_50-1,train,Huang05M,kong,maestro,0.792,0.1112,0.7448
Haydn,Keyboard_Sonatas_50-1,train,Huang05M,oaf,maestro,0.9142,0.2305,0.7607
Haydn,Keyboard_Sonatas_50-1,train,Huang05M,T5,disklavier,0.7229,0.0911,0.1383
Haydn,Keyboard_Sonatas_50-1,train,Huang05M,kong,disklavier,0.7847,0.1153,0.7654
Haydn,Keyboard_Sonatas_50-1,train,Huang05M,oaf,disklavier,0.7816,0.1198,0.7547
Haydn,Keyboard_Sonatas_50-1,train,JeonH03M,oaf,maestro,0.898,0.3445,0.7873
Haydn,Keyboard_Sonatas_50-1,train,JeonH03M,kong,maestro,0.7872,0.1538,0.7553
Haydn,Keyboard_Sonatas_50-1,train,JeonH03M,T5,maestro,0.7135,0.1088,0.2098
Haydn,Keyboard_Sonatas_50-1,train,JeonH03M,oaf,disklavier,0.7778,0.1467,0.5732
Haydn,Keyboard_Sonatas_50-1,train,JeonH03M,kong,disklavier,0.7762,0.1504,0.74
Haydn,Keyboard_Sonatas_50-1,train,JeonH03M,T5,disklavier,0.7331,0.0767,0.4378
Haydn,Keyboard_Sonatas_50-1,train,KARYAG06M,oaf,maestro,0.8771,0.2988,0.7623
Haydn,Keyboard_Sonatas_50-1,train,KARYAG06M,T5,maestro,0.65,0.0906,0.4747
Haydn,Keyboard_Sonatas_50-1,train,KARYAG06M,kong,maestro,0.8882,0.3114,0.7691
Haydn,Keyboard_Sonatas_50-1,train,KARYAG06M,oaf,disklavier,0.7824,0.1418,0.7204
Haydn,Keyboard_Sonatas_50-1,train,KARYAG06M,kong,disklavier,0.7531,0.1277,0.7198
Haydn,Keyboard_Sonatas_50-1,train,KARYAG06M,T5,disklavier,0.5563,0.0869,-0.0049
Haydn,Keyboard_Sonatas_50-1,train,Shi07M,T5,maestro,0.6462,0.106,0.3042
Haydn,Keyboard_Sonatas_50-1,train,Shi07M,kong,maestro,0.7821,0.137,0.7464
Haydn,Keyboard_Sonatas_50-1,train,Shi07M,oaf,maestro,0.8328,0.2926,0.6805
Haydn,Keyboard_Sonatas_50-1,train,Shi07M,oaf,disklavier,0.774,0.1276,0.7367
Haydn,Keyboard_Sonatas_50-1,train,Shi07M,T5,disklavier,0.6506,0.0979,0.0234
Haydn,Keyboard_Sonatas_50-1,train,Shi07M,kong,disklavier,0.7788,0.134,0.7496
Haydn,Keyboard_Sonatas_50-1,train,YoungS02M,T5,maestro,0.7796,0.194,-0.27
Haydn,Keyboard_Sonatas_50-1,train,YoungS02M,kong,maestro,0.8767,0.3498,0.7892
Haydn,Keyboard_Sonatas_50-1,train,YoungS02M,oaf,maestro,0.8743,0.3098,0.7861
Haydn,Keyboard_Sonatas_50-1,train,YoungS02M,T5,disklavier,0.6633,0.0763,0.3365
Haydn,Keyboard_Sonatas_50-1,train,YoungS02M,kong,disklavier,0.7664,0.1637,0.7472
Haydn,Keyboard_Sonatas_50-1,train,YoungS02M,oaf,disklavier,0.7641,0.1599,0.5561
Liszt,Gran_Etudes_de_Paganini_2_La_campanella,train,BuiJL03M,kong,maestro,0.892,0.3466,0.5057
Liszt,Gran_Etudes_de_Paganini_2_La_campanella,train,BuiJL03M,oaf,maestro,0.8779,0.3053,0.4513
Liszt,Gran_Etudes_de_Paganini_2_La_campanella,train,BuiJL03M,T5,maestro,0.8375,0.0994,0.2653
Liszt,Gran_Etudes_de_Paganini_2_La_campanella,train,BuiJL03M,T5,disklavier,0.8,0.0646,0.1661
Liszt,Gran_Etudes_de_Paganini_2_La_campanella,train,BuiJL03M,kong,disklavier,0.81,0.1385,0.5104
Liszt,Gran_Etudes_de_Paganini_2_La_campanella,train,BuiJL03M,oaf,disklavier,0.8182,0.1251,0.5132
Liszt,Gran_Etudes_de_Paganini_2_La_campanella,train,LeungR04M,kong,maestro,0.8597,0.1515,0.645
Liszt,Gran_Etudes_de_Paganini_2_La_campanella,train,LeungR04M,T5,maestro,0.8455,0.1114,0.5101
Liszt,Gran_Etudes_de_Paganini_2_La_campanella,train,LeungR04M,oaf,maestro,0.9262,0.8285,0.9471
Liszt,Gran_Etudes_de_Paganini_2_La_campanella,train,LeungR04M,T5,disklavier,0.8221,0.1249,0.4177
Liszt,Gran_Etudes_de_Paganini_2_La_campanella,train,LeungR04M,oaf,disklavier,0.8593,0.0926,0.517
Liszt,Gran_Etudes_de_Paganini_2_La_campanella,train,LeungR04M,kong,disklavier,0.8504,0.1557,0.5232
Liszt,Gran_Etudes_de_Paganini_2_La_campanella,train,Levitsky06M,kong,maestro,0.8272,0.1505,0.3776
Liszt,Gran_Etudes_de_Paganini_2_La_campanella,train,Levitsky06M,oaf,maestro,0.9131,0.3598,0.9081
Liszt,Gran_Etudes_de_Paganini_2_La_campanella,train,Levitsky06M,T5,maestro,0.8017,0.1353,0.3255
Liszt,Gran_Etudes_de_Paganini_2_La_campanella,train,Levitsky06M,T5,disklavier,0.7655,0.1758,0.2824
Liszt,Gran_Etudes_de_Paganini_2_La_campanella,train,Levitsky06M,kong,disklavier,0.7789,0.126,0.3299
Liszt,Gran_Etudes_de_Paganini_2_La_campanella,train,Levitsky06M,oaf,disklavier,0.836,0.1526,0.3998
Liszt,Gran_Etudes_de_Paganini_2_La_campanella,train,Lin07M,kong,maestro,0.8825,0.3402,0.746
Liszt,Gran_Etudes_de_Paganini_2_La_campanella,train,Lin07M,oaf,maestro,0.8162,0.5756,0.9215
Liszt,Gran_Etudes_de_Paganini_2_La_campanella,train,Lin07M,T5,maestro,0.8466,0.1072,0.4442
Liszt,Gran_Etudes_de_Paganini_2_La_campanella,train,Lin07M,T5,disklavier,0.8777,0.174,0.4279
Liszt,Gran_Etudes_de_Paganini_2_La_campanella,train,Lin07M,oaf,disklavier,0.8264,0.2671,0.571
Liszt,Gran_Etudes_de_Paganini_2_La_campanella,train,Lin07M,kong,disklavier,0.8846,0.2332,0.5929
Liszt,Gran_Etudes_de_Paganini_2_La_campanella,train,LiuC05M,T5,maestro,0.8525,0.083,0.3548
Liszt,Gran_Etudes_de_Paganini_2_La_campanella,train,LiuC05M,kong,maestro,0.8871,0.3192,0.5898
Liszt,Gran_Etudes_de_Paganini_2_La_campanella,train,LiuC05M,oaf,maestro,0.8716,0.3037,0.454
Liszt,Gran_Etudes_de_Paganini_2_La_campanella,train,LiuC05M,oaf,disklavier,0.8089,0.1055,0.5159
Liszt,Gran_Etudes_de_Paganini_2_La_campanella,train,LiuC05M,kong,disklavier,0.7896,0.0906,0.4802
Liszt,Gran_Etudes_de_Paganini_2_La_campanella,train,LiuC05M,T5,disklavier,0.6746,0.0823,0.3955
Liszt,Gran_Etudes_de_Paganini_2_La_campanella,train,LiuY03M,T5,maestro,0.8385,0.1208,0.4747
Liszt,Gran_Etudes_de_Paganini_2_La_campanella,train,LiuY03M,oaf,maestro,0.8701,0.232,0.4502
Liszt,Gran_Etudes_de_Paganini_2_La_campanella,train,LiuY03M,kong,maestro,0.8382,0.1381,0.5013
Liszt,Gran_Etudes_de_Paganini_2_La_campanella,train,LiuY03M,kong,disklavier,0.8055,0.1394,0.4866
Liszt,Gran_Etudes_de_Paganini_2_La_campanella,train,LiuY03M,T5,disklavier,0.6763,0.0633,0.1589
Liszt,Gran_Etudes_de_Paganini_2_La_campanella,train,LiuY03M,oaf,disklavier,0.8274,0.1274,0.5108
Liszt,Gran_Etudes_de_Paganini_2_La_campanella,train,MunA08M,T5,maestro,0.863,0.1528,0.4849
Liszt,Gran_Etudes_de_Paganini_2_La_campanella,train,MunA08M,kong,maestro,0.8805,0.2085,0.4401
Liszt,Gran_Etudes_de_Paganini_2_La_campanella,train,MunA08M,oaf,maestro,0.8674,0.1998,0.4813
Liszt,Gran_Etudes_de_Paganini_2_La_campanella,train,MunA08M,oaf,disklavier,0.8534,0.1566,0.5141
Liszt,Gran_Etudes_de_Paganini_2_La_campanella,train,MunA08M,kong,disklavier,0.8375,0.1366,0.5379
Liszt,Gran_Etudes_de_Paganini_2_La_campanella,train,MunA08M,T5,disklavier,0.7653,0.1235,0.4577
Liszt,Gran_Etudes_de_Paganini_2_La_campanella,train,VuV06M,T5,maestro,0.7893,0.1052,0.243
Liszt,Gran_Etudes_de_Paganini_2_La_campanella,train,VuV06M,oaf,maestro,0.8939,0.3766,0.9118
Liszt,Gran_Etudes_de_Paganini_2_La_campanella,train,VuV06M,kong,maestro,0.9167,0.383,0.9202
Liszt,Gran_Etudes_de_Paganini_2_La_campanella,train,VuV06M,oaf,disklavier,0.7965,0.1699,0.3954
Liszt,Gran_Etudes_de_Paganini_2_La_campanella,train,VuV06M,kong,disklavier,0.8191,0.1746,0.4116
Liszt,Gran_Etudes_de_Paganini_2_La_campanella,train,VuV06M,T5,disklavier,0.8036,0.1649,0.4171
Liszt,Gran_Etudes_de_Paganini_2_La_campanella,train,Yang05M,T5,maestro,0.8967,0.2181,0.2643
Liszt,Gran_Etudes_de_Paganini_2_La_campanella,train,Yang05M,kong,maestro,0.9,0.2324,0.3371
Liszt,Gran_Etudes_de_Paganini_2_La_campanella,train,Yang05M,oaf,maestro,0.9027,0.2306,0.3392
Liszt,Gran_Etudes_de_Paganini_2_La_campanella,train,Yang05M,kong,disklavier,0.9014,0.141,0.4967
Liszt,Gran_Etudes_de_Paganini_2_La_campanella,train,Yang05M,oaf,disklavier,0.8992,0.1582,0.497
Liszt,Gran_Etudes_de_Paganini_2_La_campanella,train,Yang05M,T5,disklavier,0.8619,0.1215,0.4692
Liszt,Gran_Etudes_de_Paganini_2_La_campanella,train,ZhangH07M,T5,maestro,0.8375,0.0312,0.1881
Liszt,Gran_Etudes_de_Paganini_2_La_campanella,train,ZhangH07M,kong,maestro,0.9,0.1921,0.4498
Liszt,Gran_Etudes_de_Paganini_2_La_campanella,train,ZhangH07M,oaf,maestro,0.8775,0.1571,0.443
Liszt,Gran_Etudes_de_Paganini_2_La_campanella,train,ZhangH07M,oaf,disklavier,0.8521,0.134,0.5046
Liszt,Gran_Etudes_de_Paganini_2_La_campanella,train,ZhangH07M,kong,disklavier,0.8799,0.1354,0.5221
Liszt,Gran_Etudes_de_Paganini_2_La_campanella,train,ZhangH07M,T5,disklavier,0.7742,0.0071,0.0924
Mozart,Piano_Sonatas_12-1,train,MunA03M,oaf,maestro,0.8292,0.2521,0.6153
Mozart,Piano_Sonatas_12-1,train,MunA03M,T5,maestro,0.592,0.1238,-0.1399
Mozart,Piano_Sonatas_12-1,train,MunA03M,kong,maestro,0.7203,0.13,0.5764
Mozart,Piano_Sonatas_12-1,train,MunA03M,oaf,disklavier,0.7154,0.1205,0.5585
Mozart,Piano_Sonatas_12-1,train,MunA03M,T5,disklavier,0.5214,0.1153,0.0733
Mozart,Piano_Sonatas_12-1,train,MunA03M,kong,disklavier,0.7135,0.1122,0.1519
Mozart,Piano_Sonatas_12-1,train,WuuE02M,oaf,maestro,0.8005,0.2173,0.3796
Mozart,Piano_Sonatas_12-1,train,WuuE02M,T5,maestro,0.6589,0.0686,0.1379
Mozart,Piano_Sonatas_12-1,train,WuuE02M,kong,maestro,0.9983,0.9362,0.989
Mozart,Piano_Sonatas_12-1,train,WuuE02M,T5,disklavier,0.5901,0.0933,0.2098
Mozart,Piano_Sonatas_12-1,train,WuuE02M,oaf,disklavier,0.7141,0.0851,0.0397
Mozart,Piano_Sonatas_12-1,train,WuuE02M,kong,disklavier,0.7113,0.0835,0.5156
Rachmaninoff,Preludes_op_23_4,train,ChenGuang12M,kong,maestro,0.74,0.1684,0.3697
Rachmaninoff,Preludes_op_23_4,train,ChenGuang12M,T5,maestro,0.5874,0.0746,0.1286
Rachmaninoff,Preludes_op_23_4,train,ChenGuang12M,oaf,maestro,0.8825,0.3688,0.4957
Rachmaninoff,Preludes_op_23_4,train,ChenGuang12M,kong,disklavier,0.7803,0.1724,0.4295
Rachmaninoff,Preludes_op_23_4,train,ChenGuang12M,T5,disklavier,0.6423,0.1145,0.2901
Rachmaninoff,Preludes_op_23_4,train,ChenGuang12M,oaf,disklavier,0.7906,0.1287,0.4318
Rachmaninoff,Preludes_op_23_4,train,WuuE07M,T5,maestro,0.6773,0.1091,0.3519
Rachmaninoff,Preludes_op_23_4,train,WuuE07M,kong,maestro,0.9497,0.3469,0.6084
Rachmaninoff,Preludes_op_23_4,train,WuuE07M,oaf,maestro,0.95,0.3362,0.6041
Rachmaninoff,Preludes_op_23_4,train,WuuE07M,T5,disklavier,0.5257,0.1086,0.1414
Rachmaninoff,Preludes_op_23_4,train,WuuE07M,oaf,disklavier,0.4971,0.1493,0.2594
Rachmaninoff,Preludes_op_23_4,train,WuuE07M,kong,disklavier,0.4831,0.159,0.1739
Schubert,Impromptu_op.90_D.899_3,train,Hou06M,oaf,maestro,0.8756,0.2823,-0.0921
Schubert,Impromptu_op.90_D.899_3,train,Hou06M,kong,maestro,0.7625,0.222,0.7785
Schubert,Impromptu_op.90_D.899_3,train,Hou06M,T5,maestro,0.6148,0.1457,0.6001
Schubert,Impromptu_op.90_D.899_3,train,Hou06M,T5,disklavier,0.4917,0.1004,-0.1887
Schubert,Impromptu_op.90_D.899_3,train,Hou06M,kong,disklavier,0.735,0.171,0.2196
Schubert,Impromptu_op.90_D.899_3,train,Hou06M,oaf,disklavier,0.728,0.1401,-0.3046
Schubert,Impromptu_op.90_D.899_3,train,JeonH06M,oaf,maestro,0.9652,0.3733,0.8113
Schubert,Impromptu_op.90_D.899_3,train,JeonH06M,T5,maestro,0.619,0.1298,0.4645
Schubert,Impromptu_op.90_D.899_3,train,JeonH06M,kong,maestro,0.9994,0.966,0.9946
Schubert,Impromptu_op.90_D.899_3,train,JeonH06M,kong,disklavier,0.7939,0.1628,0.7389
Schubert,Impromptu_op.90_D.899_3,train,JeonH06M,oaf,disklavier,0.8071,0.1661,0.7396
Schubert,Impromptu_op.90_D.899_3,train,JeonH06M,T5,disklavier,0.6467,0.1497,0.5013
Schubert,Impromptu_op.90_D.899_3,train,Ko08M,oaf,maestro,0.9047,0.7245,-0.473
Schubert,Impromptu_op.90_D.899_3,train,Ko08M,kong,maestro,0.7346,0.2071,0.824
Schubert,Impromptu_op.90_D.899_3,train,Ko08M,T5,maestro,0.7353,0.2147,0.7038
Schubert,Impromptu_op.90_D.899_3,train,Ko08M,kong,disklavier,0.7982,0.2247,0.7352
Schubert,Impromptu_op.90_D.899_3,train,Ko08M,T5,disklavier,0.6756,0.1367,-0.2121
Schubert,Impromptu_op.90_D.899_3,train,Ko08M,oaf,disklavier,0.7469,0.1431,-0.3723
Schubert,Impromptu_op.90_D.899_3,train,Kociuban10M,oaf,maestro,0.9458,0.4732,0.9572
Schubert,Impromptu_op.90_D.899_3,train,Kociuban10M,kong,maestro,0.9682,0.973,0.9375
Schubert,Impromptu_op.90_D.899_3,train,Kociuban10M,T5,maestro,0.8062,0.4252,0.9094
Schubert,Impromptu_op.90_D.899_3,train,Kociuban10M,oaf,disklavier,0.7581,0.2005,0.6588
Schubert,Impromptu_op.90_D.899_3,train,Kociuban10M,T5,disklavier,0.6518,0.1736,0.4607
Schubert,Impromptu_op.90_D.899_3,train,Kociuban10M,kong,disklavier,0.7674,0.2058,0.7266
Schubert,Impromptu_op.90_D.899_3,train,LEE_K04M,oaf,maestro,0.938,0.4258,0.9516
Schubert,Impromptu_op.90_D.899_3,train,LEE_K04M,kong,maestro,0.7836,0.2377,0.7254
Schubert,Impromptu_op.90_D.899_3,train,LEE_K04M,T5,maestro,0.5992,0.1545,0.6136
Schubert,Impromptu_op.90_D.899_3,train,LEE_K04M,T5,disklavier,0.6604,0.1595,0.5992
Schubert,Impromptu_op.90_D.899_3,train,LEE_K04M,oaf,disklavier,0.7784,0.226,0.7996
Schubert,Impromptu_op.90_D.899_3,train,LEE_K04M,kong,disklavier,0.7729,0.2302,0.7984
Schubert,Impromptu_op.90_D.899_3,train,LeeSH08M,oaf,maestro,0.9475,0.4621,0.9555
Schubert,Impromptu_op.90_D.899_3,train,LeeSH08M,T5,maestro,0.6987,0.1789,0.6902
Schubert,Impromptu_op.90_D.899_3,train,LeeSH08M,kong,maestro,0.9361,0.4652,0.9563
Schubert,Impromptu_op.90_D.899_3,train,LeeSH08M,kong,disklavier,0.7756,0.2064,0.8112
Schubert,Impromptu_op.90_D.899_3,train,LeeSH08M,oaf,disklavier,0.7836,0.1991,0.8103
Schubert,Impromptu_op.90_D.899_3,train,LeeSH08M,T5,disklavier,0.673,0.1383,0.6273
Schubert,Impromptu_op.90_D.899_3,train,Mizumoto07M,kong,maestro,0.8112,0.2468,0.667
Schubert,Impromptu_op.90_D.899_3,train,Mizumoto07M,oaf,maestro,0.9394,0.4087,0.9438
Schubert,Impromptu_op.90_D.899_3,train,Mizumoto07M,T5,maestro,0.6945,0.1768,0.5181
Schubert,Impromptu_op.90_D.899_3,train,Mizumoto07M,T5,disklavier,0.5757,0.167,0.5675
Schubert,Impromptu_op.90_D.899_3,train,Mizumoto07M,kong,disklavier,0.7933,0.2177,0.681
Schubert,Impromptu_op.90_D.899_3,train,Mizumoto07M,oaf,disklavier,0.7256,0.1644,-0.0985
Schubert,Impromptu_op.90_D.899_3,train,Woo10M,oaf,maestro,0.9599,0.4245,0.9499
Schubert,Impromptu_op.90_D.899_3,train,Woo10M,kong,maestro,0.9853,0.9726,0.9217
Schubert,Impromptu_op.90_D.899_3,train,Woo10M,T5,maestro,0.741,0.1648,0.6258
Schubert,Impromptu_op.90_D.899_3,train,Woo10M,kong,disklavier,0.7906,0.2275,0.6398
Schubert,Impromptu_op.90_D.899_3,train,Woo10M,oaf,disklavier,0.7993,0.2221,0.6924
Schubert,Impromptu_op.90_D.899_3,train,Woo10M,T5,disklavier,0.6126,0.1514,0.53
Schubert,Impromptu_op.90_D.899_3,train,WuuE10M,oaf,maestro,0.9872,0.9387,0.9881
Schubert,Impromptu_op.90_D.899_3,train,WuuE10M,kong,maestro,0.8058,0.1508,0.7464
Schubert,Impromptu_op.90_D.899_3,train,WuuE10M,T5,maestro,0.4994,0.1427,0.5968
Schubert,Impromptu_op.90_D.899_3,train,WuuE10M,oaf,disklavier,0.8205,0.1447,0.7337
Schubert,Impromptu_op.90_D.899_3,train,WuuE10M,T5,disklavier,0.636,0.2298,0.3631
Schubert,Impromptu_op.90_D.899_3,train,WuuE10M,kong,disklavier,0.8265,0.1713,0.6727
Schubert,Impromptu_op.90_D.899_3,train,ZhangW07M,kong,maestro,0.9952,0.9756,0.9953
Schubert,Impromptu_op.90_D.899_3,train,ZhangW07M,oaf,maestro,0.9934,0.944,0.9866
Schubert,Impromptu_op.90_D.899_3,train,ZhangW07M,T5,maestro,0.6335,0.827,0.7445
Schubert,Impromptu_op.90_D.899_3,train,ZhangW07M,T5,disklavier,0.728,0.1479,0.226
Schubert,Impromptu_op.90_D.899_3,train,ZhangW07M,oaf,disklavier,0.8066,0.1679,0.6489
Schubert,Impromptu_op.90_D.899_3,train,ZhangW07M,kong,disklavier,0.7924,0.187,0.6531
Schubert,Impromptu_op.90_D.899_3,train,ZhaoK10M,kong,maestro,0.781,0.2565,0.6905
Schubert,Impromptu_op.90_D.899_3,train,ZhaoK10M,T5,maestro,0.5658,0.1572,0.6081
Schubert,Impromptu_op.90_D.899_3,train,ZhaoK10M,oaf,maestro,0.9397,0.419,0.9528
Schubert,Impromptu_op.90_D.899_3,train,ZhaoK10M,oaf,disklavier,0.7788,0.2239,0.6881
Schubert,Impromptu_op.90_D.899_3,train,ZhaoK10M,kong,disklavier,0.7822,0.2532,0.6911
Schubert,Impromptu_op.90_D.899_3,train,ZhaoK10M,T5,disklavier,0.5959,0.1201,-0.2441
Scriabin,Sonatas_5,train,FaB05M,T5,maestro,0.3725,0.0964,0.4354
Scriabin,Sonatas_5,train,FaB05M,oaf,maestro,0.7992,0.5693,0.2641
Scriabin,Sonatas_5,train,FaB05M,kong,maestro,0.4515,0.1732,-0.5872
Scriabin,Sonatas_5,train,FaB05M,kong,disklavier,0.4285,0.1219,0.4801
Scriabin,Sonatas_5,train,FaB05M,T5,disklavier,0.4011,0.0475,0.4805
Scriabin,Sonatas_5,train,FaB05M,oaf,disklavier,0.7554,0.2374,0.2352
Scriabin,Sonatas_5,train,GarritsonL06M,T5,maestro,0.7126,0.1493,-0.6472
Scriabin,Sonatas_5,train,GarritsonL06M,oaf,maestro,0.8192,0.5196,-0.7935
Scriabin,Sonatas_5,train,GarritsonL06M,kong,maestro,0.8294,0.601,-0.7967
Scriabin,Sonatas_5,train,GarritsonL06M,T5,disklavier,0.5255,0.1137,-0.5723
Scriabin,Sonatas_5,train,GarritsonL06M,oaf,disklavier,0.7943,0.1755,-0.7701
Scriabin,Sonatas_5,train,GarritsonL06M,kong,disklavier,0.7993,0.192,-0.7399
Scriabin,Sonatas_5,train,Ko07M,T5,maestro,0.8329,0.4441,0.2077
Scriabin,Sonatas_5,train,Ko07M,oaf,maestro,0.7851,0.5226,0.8153
Scriabin,Sonatas_5,train,Ko07M,kong,maestro,0.5421,0.2975,-0.63
Scriabin,Sonatas_5,train,Ko07M,oaf,disklavier,0.7211,0.2101,0.7414
Scriabin,Sonatas_5,train,Ko07M,T5,disklavier,0.2023,0.0723,0.4745
Scriabin,Sonatas_5,train,Ko07M,kong,disklavier,0.5369,0.1026,-0.6216
Scriabin,Sonatas_5,train,Na07M,kong,maestro,0.9054,0.7892,0.9493
Scriabin,Sonatas_5,train,Na07M,oaf,maestro,0.4478,0.2518,-0.1253
Scriabin,Sonatas_5,train,Na07M,T5,maestro,0.6376,0.1388,-0.3785
Scriabin,Sonatas_5,train,Na07M,oaf,disklavier,0.7763,0.1611,0.8304
Scriabin,Sonatas_5,train,Na07M,T5,disklavier,0.6101,0.0716,0.565
Scriabin,Sonatas_5,train,Na07M,kong,disklavier,0.7854,0.1509,0.826
Scriabin,Sonatas_5,train,Yeletskiy07M,T5,maestro,0.7482,0.4018,0.7811
Scriabin,Sonatas_5,train,Yeletskiy07M,kong,maestro,0.8838,0.6087,0.9018
Scriabin,Sonatas_5,train,Yeletskiy07M,oaf,maestro,0.5583,0.337,0.3566
Scriabin,Sonatas_5,train,Yeletskiy07M,kong,disklavier,0.7468,0.2126,0.8449
Scriabin,Sonatas_5,train,Yeletskiy07M,T5,disklavier,0.4499,0.0779,-0.4379
Scriabin,Sonatas_5,train,Yeletskiy07M,oaf,disklavier,0.4987,0.162,0.29
Beethoven,Piano_Sonatas_11-1,validation,LiC03M,oaf,maestro,0.8454,0.3772,0.7891
Beethoven,Piano_Sonatas_11-1,validation,LiC03M,kong,maestro,0.7621,0.1075,0.6962
Beethoven,Piano_Sonatas_11-1,validation,LiC03M,T5,maestro,0.5309,0.059,0.1011
Beethoven,Piano_Sonatas_11-1,validation,LiC03M,kong,disklavier,0.7314,0.1076,0.3368
Beethoven,Piano_Sonatas_11-1,validation,LiC03M,T5,disklavier,0.5535,0.1086,0.2625
Beethoven,Piano_Sonatas_11-1,validation,LiC03M,oaf,disklavier,0.7427,0.1148,0.3325
Beethoven,Piano_Sonatas_11-1,validation,LiYZ03M,kong,maestro,0.7929,0.1498,0.5314
Beethoven,Piano_Sonatas_11-1,validation,LiYZ03M,T5,maestro,0.566,0.0647,0.191
Beethoven,Piano_Sonatas_11-1,validation,LiYZ03M,oaf,maestro,0.7494,0.3089,0.4062
Beethoven,Piano_Sonatas_11-1,validation,LiYZ03M,T5,disklavier,0.7344,0.0796,0.2918
Beethoven,Piano_Sonatas_11-1,validation,LiYZ03M,kong,disklavier,0.7862,0.1478,0.5369
Beethoven,Piano_Sonatas_11-1,validation,LiYZ03M,oaf,disklavier,0.6804,0.1403,0.3611
Beethoven,Piano_Sonatas_11-1,validation,MaximovI02M,oaf,maestro,0.9484,0.9333,0.9669
Beethoven,Piano_Sonatas_11-1,validation,MaximovI02M,kong,maestro,0.7678,0.1084,0.4778
Beethoven,Piano_Sonatas_11-1,validation,MaximovI02M,T5,maestro,0.7373,0.0983,0.2485
Beethoven,Piano_Sonatas_11-1,validation,MaximovI02M,kong,disklavier,0.758,0.1071,0.4752
Beethoven,Piano_Sonatas_11-1,validation,MaximovI02M,oaf,disklavier,0.7441,0.0982,0.4837
Beethoven,Piano_Sonatas_11-1,validation,MaximovI02M,T5,disklavier,0.5689,0.0988,0.1126
Beethoven,Piano_Sonatas_11-1,validation,ZhaoK02M,kong,maestro,0.7663,0.3289,0.3982
Beethoven,Piano_Sonatas_11-1,validation,ZhaoK02M,T5,maestro,0.6651,0.2474,0.1328
Beethoven,Piano_Sonatas_11-1,validation,ZhaoK02M,oaf,maestro,0.8396,0.3799,0.5748
Beethoven,Piano_Sonatas_11-1,validation,ZhaoK02M,oaf,disklavier,0.6956,0.097,0.1066
Beethoven,Piano_Sonatas_11-1,validation,ZhaoK02M,kong,disklavier,0.6923,0.1012,0.3633
Beethoven,Piano_Sonatas_11-1,validation,ZhaoK02M,T5,disklavier,0.6687,0.0983,0.2276
Beethoven,Piano_Sonatas_27-1,validation,GiacomelliN04M,kong,maestro,0.8609,0.3554,0.6785
Beethoven,Piano_Sonatas_27-1,validation,GiacomelliN04M,oaf,maestro,0.8189,0.3588,0.6697
Beethoven,Piano_Sonatas_27-1,validation,GiacomelliN04M,T5,maestro,0.7438,0.2387,0.4979
Beethoven,Piano_Sonatas_27-1,validation,GiacomelliN04M,oaf,disklavier,0.6732,0.1272,0.5875
Beethoven,Piano_Sonatas_27-1,validation,GiacomelliN04M,T5,disklavier,0.533,0.0933,0.3419
Beethoven,Piano_Sonatas_27-1,validation,GiacomelliN04M,kong,disklavier,0.6819,0.1445,0.6067
Beethoven,Piano_Sonatas_27-1,validation,Ko05M,kong,maestro,0.7568,0.217,0.6491
Beethoven,Piano_Sonatas_27-1,validation,Ko05M,T5,maestro,0.5578,0.1281,0.2104
Beethoven,Piano_Sonatas_27-1,validation,Ko05M,oaf,maestro,0.812,0.7089,0.7738
Beethoven,Piano_Sonatas_27-1,validation,Ko05M,kong,disklavier,0.6327,0.1841,0.5547
Beethoven,Piano_Sonatas_27-1,validation,Ko05M,T5,disklavier,0.4756,0.1282,-0.2657
Beethoven,Piano_Sonatas_27-1,validation,Ko05M,oaf,disklavier,0.6413,0.1733,0.5329
Beethoven,Piano_Sonatas_27-1,validation,MiyashitaM02M,oaf,maestro,0.8899,0.4685,0.7672
Beethoven,Piano_Sonatas_27-1,validation,MiyashitaM02M,T5,maestro,0.6858,0.1192,0.3773
Beethoven,Piano_Sonatas_27-1,validation,MiyashitaM02M,kong,maestro,0.7529,0.2246,0.7002
Beethoven,Piano_Sonatas_27-1,validation,MiyashitaM02M,kong,disklavier,0.7388,0.1799,0.6936
Beethoven,Piano_Sonatas_27-1,validation,MiyashitaM02M,T5,disklavier,0.6425,0.1079,0.3889
Beethoven,Piano_Sonatas_27-1,validation,MiyashitaM02M,oaf,disklavier,0.745,0.2211,0.6934
Chopin,Scherzos_20,validation,Kurz04M,T5,maestro,0.4404,0.0513,0.1883
Chopin,Scherzos_20,validation,Kurz04M,oaf,maestro,0.7533,0.3245,0.2731
Chopin,Scherzos_20,validation,Kurz04M,kong,maestro,0.965,0.9387,0.9635
Chopin,Scherzos_20,validation,Kurz04M,T5,disklavier,0.2868,0.0797,0.2292
Chopin,Scherzos_20,validation,Kurz04M,oaf,disklavier,0.6649,0.05,0.2109
Chopin,Scherzos_20,validation,Kurz04M,kong,disklavier,0.8466,0.0763,0.5378
Chopin,Scherzos_20,validation,ZhangYunling04M,kong,maestro,0.8529,0.1171,0.5873
Chopin,Scherzos_20,validation,ZhangYunling04M,oaf,maestro,0.7043,0.3167,0.2887
Chopin,Scherzos_20,validation,ZhangYunling04M,T5,maestro,0.6954,0.0754,0.3137
Chopin,Scherzos_20,validation,ZhangYunling04M,oaf,disklavier,0.643,0.1038,0.2653
Chopin,Scherzos_20,validation,ZhangYunling04M,T5,disklavier,0.6723,0.0883,0.1826
Chopin,Scherzos_20,validation,ZhangYunling04M,kong,disklavier,0.8581,0.1077,0.5252
Haydn,Keyboard_Sonatas_39-1,validation,Yarden07M,oaf,maestro,0.6994,0.2076,0.6485
Haydn,Keyboard_Sonatas_39-1,validation,Yarden07M,T5,maestro,0.7218,0.1465,0.3265
Haydn,Keyboard_Sonatas_39-1,validation,Yarden07M,kong,maestro,0.9768,0.8424,0.9808
Haydn,Keyboard_Sonatas_39-1,validation,Yarden07M,T5,disklavier,0.5948,0.1128,0.4263
Haydn,Keyboard_Sonatas_39-1,validation,Yarden07M,kong,disklavier,0.6773,0.1004,0.6709
Haydn,Keyboard_Sonatas_39-1,validation,Yarden07M,oaf,disklavier,0.6656,0.1039,0.6658
Haydn,Keyboard_Sonatas_39-3,validation,Yarden07M,kong,maestro,0.6664,0.091,0.4537
Haydn,Keyboard_Sonatas_39-3,validation,Yarden07M,T5,maestro,0.8689,0.2304,0.0686
Haydn,Keyboard_Sonatas_39-3,validation,Yarden07M,oaf,maestro,0.7764,0.1382,0.5278
Haydn,Keyboard_Sonatas_39-3,validation,Yarden07M,kong,disklavier,0.6443,0.1024,0.4625
Haydn,Keyboard_Sonatas_39-3,validation,Yarden07M,T5,disklavier,0.4241,0.0918,0.5579
Haydn,Keyboard_Sonatas_39-3,validation,Yarden07M,oaf,disklavier,0.6206,0.0906,0.4393
