composer,title,split,performer,model,recording,melody_ioi_corr,acc_ioi_corr,ratio_ioi_corr,melody_ioi_dtw_dist,acc_ioi_dtw_dist,melody_ioi_hist_kld,acc_ioi_hist_kld
Beethoven,Piano_Sonatas_18-1,test,ChenGuang03M,kong,maestro,0.6173,0.32,0.0,391.0,1066.0,0.0867,0.1605
Beethoven,Piano_Sonatas_18-1,test,ChenGuang03M,T5,maestro,0.3268,0.4135,0.0,1789.0,5251.0,0.4243,0.0666
Beethoven,Piano_Sonatas_18-1,test,ChenGuang03M,oaf,maestro,0.3477,0.2952,0.0,572.0,1894.0,1.3905,4.1713
Beethoven,Piano_Sonatas_18-1,test,ChenGuang03M,oaf,disklavier,0.7193,0.7083,0.0,548.0,1891.0,1.2372,3.1015
Beethoven,Piano_Sonatas_18-1,test,ChenGuang03M,T5,disklavier,0.174,0.3997,0.0,1481.0,6775.0,2.2789,1.0904
Beethoven,Piano_Sonatas_18-1,test,ChenGuang03M,kong,disklavier,0.6813,0.3784,0.0,424.0,1335.0,0.774,1.1306
Beethoven,Piano_Sonatas_18-1,test,KOLESO06M,kong,maestro,0.7534,0.3937,0.0,400.0,1018.0,0.1452,0.1146
Beethoven,Piano_Sonatas_18-1,test,KOLESO06M,oaf,maestro,0.4375,0.2489,0.0,539.0,1557.0,1.8423,4.2872
Beethoven,Piano_Sonatas_18-1,test,KOLESO06M,T5,maestro,0.1426,0.4982,0.0,2257.0,7378.0,0.2986,0.0753
Beethoven,Piano_Sonatas_18-1,test,KOLESO06M,T5,disklavier,0.232,0.4016,0.0,3487.0,4808.0,1.4086,0.9457
Beethoven,Piano_Sonatas_18-1,test,KOLESO06M,oaf,disklavier,0.7806,0.6758,0.0,603.0,1923.0,0.9046,3.1757
Beethoven,Piano_Sonatas_18-1,test,KOLESO06M,kong,disklavier,0.6239,0.3202,0.0,411.0,1237.0,1.2283,0.8642
Beethoven,Piano_Sonatas_18-1,test,LeungR02M,kong,maestro,0.6021,0.371,0.0,380.0,722.0,0.4543,0.1231
Beethoven,Piano_Sonatas_18-1,test,LeungR02M,T5,maestro,0.3445,0.4707,0.0,2968.0,4789.0,0.4765,0.0662
Beethoven,Piano_Sonatas_18-1,test,LeungR02M,oaf,maestro,0.3331,0.1596,0.0,557.0,1212.0,1.1479,4.0908
Beethoven,Piano_Sonatas_18-1,test,LeungR02M,kong,disklavier,0.7008,0.4086,0.0,465.0,1168.0,1.419,0.9848
Beethoven,Piano_Sonatas_18-1,test,LeungR02M,oaf,disklavier,0.7285,0.6893,0.0,654.0,1582.0,1.5155,2.8152
Beethoven,Piano_Sonatas_18-1,test,LeungR02M,T5,disklavier,0.3505,0.4154,0.0,1578.0,6253.0,2.419,0.9359
Beethoven,Piano_Sonatas_18-1,test,Levitsky05M,oaf,maestro,0.411,0.1957,0.0,538.0,1623.0,2.0392,4.6847
Beethoven,Piano_Sonatas_18-1,test,Levitsky05M,kong,maestro,0.7387,0.3503,0.0,355.0,1069.0,0.1028,0.1567
Beethoven,Piano_Sonatas_18-1,test,Levitsky05M,T5,maestro,0.0739,0.4159,0.0,3320.0,4981.0,0.1937,0.0942
Beethoven,Piano_Sonatas_18-1,test,Levitsky05M,kong,disklavier,0.7629,0.4334,0.0,455.0,1339.0,1.3013,0.9645
Beethoven,Piano_Sonatas_18-1,test,Levitsky05M,oaf,disklavier,0.7348,0.697,0.0,550.0,1934.0,1.5104,3.9832
Beethoven,Piano_Sonatas_18-1,test,Levitsky05M,T5,disklavier,0.3331,0.3902,0.0,1447.0,5817.0,1.2067,1.0342
Beethoven,Piano_Sonatas_18-1,test,ZhangH05M,T5,maestro,0.3733,0.5172,0.0,2234.0,4525.0,0.1238,0.043
Beethoven,Piano_Sonatas_18-1,test,ZhangH05M,kong,maestro,0.6441,0.5019,0.0,369.0,1158.0,0.1051,0.1315
Beethoven,Piano_Sonatas_18-1,test,ZhangH05M,oaf,maestro,0.3391,0.2404,0.0,637.0,1604.0,1.4928,4.1454
Beethoven,Piano_Sonatas_18-1,test,ZhangH05M,kong,disklavier,0.7673,0.4324,0.0,371.0,1370.0,0.6965,1.0069
Beethoven,Piano_Sonatas_18-1,test,ZhangH05M,T5,disklavier,0.4193,0.4286,0.0,1906.0,3214.0,1.1462,0.7842
Beethoven,Piano_Sonatas_18-1,test,ZhangH05M,oaf,disklavier,0.759,0.7359,0.0,578.0,1693.0,0.9235,3.4221
Beethoven,Piano_Sonatas_18-4,test,ChenGuang06M,oaf,maestro,0.2095,0.1494,0.0,556.0,1469.0,2.3336,4.1638
Beethoven,Piano_Sonatas_18-4,test,ChenGuang06M,kong,maestro,0.5637,0.3878,0.0,346.0,882.0,0.2946,0.1166
Beethoven,Piano_Sonatas_18-4,test,ChenGuang06M,T5,maestro,0.2915,0.4421,0.0,1128.0,3487.0,0.2486,0.0596
Beethoven,Piano_Sonatas_18-4,test,ChenGuang06M,T5,disklavier,0.5074,0.3603,0.0,945.0,3243.0,1.6858,0.4111
Beethoven,Piano_Sonatas_18-4,test,ChenGuang06M,oaf,disklavier,0.525,0.5014,0.0,523.0,1513.0,2.1307,3.4006
Beethoven,Piano_Sonatas_18-4,test,ChenGuang06M,kong,disklavier,0.6956,0.3666,0.0,390.0,1075.0,1.0104,0.6023
Beethoven,Piano_Sonatas_18-4,test,KOLESO06M,oaf,maestro,0.1021,0.1916,0.0,518.0,1629.0,2.5761,3.8429
Beethoven,Piano_Sonatas_18-4,test,KOLESO06M,T5,maestro,0.4151,0.4693,0.0,777.0,3769.0,0.2633,0.054
Beethoven,Piano_Sonatas_18-4,test,KOLESO06M,kong,maestro,0.4037,0.2279,0.0,323.0,1059.0,0.0198,0.167
Beethoven,Piano_Sonatas_18-4,test,KOLESO06M,T5,disklavier,0.4303,0.3178,0.0,609.0,2470.0,1.1871,0.3928
Beethoven,Piano_Sonatas_18-4,test,KOLESO06M,oaf,disklavier,0.5202,0.4421,0.0,565.0,1736.0,1.5425,2.8815
Beethoven,Piano_Sonatas_18-4,test,KOLESO06M,kong,disklavier,0.5438,0.2827,0.0,344.0,1024.0,1.5593,0.5084
Chopin,Polonaises_53,test,Chon08M,T5,maestro,0.4252,0.4676,0.0,1330.0,12364.0,0.2631,0.0746
Chopin,Polonaises_53,test,Chon08M,oaf,maestro,0.1594,0.1693,0.0,1632.0,6344.0,3.2282,6.1989
Chopin,Polonaises_53,test,Chon08M,kong,maestro,0.4579,0.3069,0.0,1239.0,4782.0,0.1305,0.2663
Chopin,Polonaises_53,test,Chon08M,kong,disklavier,0.4563,0.1483,0.0,1608.0,5685.0,1.7909,1.2798
Chopin,Polonaises_53,test,Chon08M,oaf,disklavier,0.485,0.3342,0.0,1617.0,6332.0,1.7723,4.6611
Chopin,Polonaises_53,test,Chon08M,T5,disklavier,0.0367,0.2135,0.0,3538.0,12170.0,2.5441,0.8839
Chopin,Polonaises_53,test,YeF11M,kong,maestro,0.5402,0.2336,0.0,1007.0,3744.0,0.1293,0.171
Chopin,Polonaises_53,test,YeF11M,T5,maestro,0.1719,0.4336,0.0,2402.0,9847.0,0.1592,0.0576
Chopin,Polonaises_53,test,YeF11M,oaf,maestro,0.2446,0.036,0.0,1339.0,5670.0,2.1297,6.1611
Chopin,Polonaises_53,test,YeF11M,oaf,disklavier,0.4767,0.2814,0.0,1513.0,6139.0,2.5023,4.9513
Chopin,Polonaises_53,test,YeF11M,T5,disklavier,0.1093,0.1986,0.0,5373.0,14393.0,0.752,0.7263
Chopin,Polonaises_53,test,YeF11M,kong,disklavier,0.5177,0.1559,0.0,1572.0,4818.0,1.4008,0.9389
Chopin,Sonata_2_4th,test,KaszoS16M,kong,maestro,0.403,0.0959,0.0,386.0,1219.0,0.0882,0.1626
Chopin,Sonata_2_4th,test,KaszoS16M,T5,maestro,0.2647,-0.1102,0.0,456.0,1610.0,0.1263,0.1454
Chopin,Sonata_2_4th,test,KaszoS16M,oaf,maestro,0.1719,0.2887,0.0,478.0,1610.0,4.5817,5.8717
Chopin,Sonata_2_4th,test,KaszoS16M,oaf,disklavier,0.353,-0.1033,0.0,516.0,1056.0,4.2588,5.5781
Chopin,Sonata_2_4th,test,KaszoS16M,T5,disklavier,0.1697,-0.0715,0.0,638.0,1741.0,0.3286,0.2788
Chopin,Sonata_2_4th,test,KaszoS16M,kong,disklavier,0.1944,-0.0438,0.0,431.0,931.0,0.254,0.3127
Debussy,Pour_le_Piano_1,test,MunA12M,kong,maestro,0.5954,0.4491,0.0,458.0,1796.0,2.0222,0.1057
Debussy,Pour_le_Piano_1,test,MunA12M,T5,maestro,0.1862,0.3442,0.0,1344.0,7696.0,1.4896,0.0746
Debussy,Pour_le_Piano_1,test,MunA12M,oaf,maestro,0.3714,0.1576,0.0,968.0,3686.0,0.9505,4.7179
Debussy,Pour_le_Piano_1,test,MunA12M,oaf,disklavier,0.4925,0.5229,0.0,1055.0,3844.0,2.6962,4.5805
Debussy,Pour_le_Piano_1,test,MunA12M,kong,disklavier,0.7087,0.3592,0.0,608.0,2580.0,2.2005,0.3924
Debussy,Pour_le_Piano_1,test,MunA12M,T5,disklavier,0.255,0.397,0.0,1646.0,5922.0,3.2261,0.3565
Liszt,Transcendental_Etudes_10,test,LeungM06M,oaf,maestro,0.2465,0.2152,0.0,940.0,3624.0,3.1381,5.7649
Liszt,Transcendental_Etudes_10,test,LeungM06M,kong,maestro,0.4199,0.2854,0.0,797.0,2502.0,0.0956,0.1658
Liszt,Transcendental_Etudes_10,test,LeungM06M,T5,maestro,0.4473,0.492,0.0,2965.0,7501.0,0.698,0.1096
Liszt,Transcendental_Etudes_10,test,LeungM06M,oaf,disklavier,0.4827,0.1171,0.0,788.0,3197.0,2.9393,5.3978
Liszt,Transcendental_Etudes_10,test,LeungM06M,T5,disklavier,0.35,0.0308,0.0,3008.0,8503.0,0.8057,0.4952
Liszt,Transcendental_Etudes_10,test,LeungM06M,kong,disklavier,0.4855,0.041,0.0,756.0,2508.0,0.5442,0.416
Liszt,Transcendental_Etudes_11,test,Huang18M,kong,maestro,0.5965,0.5511,0.0,1185.0,6606.0,0.702,0.137
Liszt,Transcendental_Etudes_11,test,Huang18M,T5,maestro,0.2052,0.5715,0.0,6567.0,38179.0,1.0464,0.0458
Liszt,Transcendental_Etudes_11,test,Huang18M,oaf,maestro,0.448,0.1945,0.0,1858.0,8794.0,1.5872,5.4337
Liszt,Transcendental_Etudes_11,test,Huang18M,oaf,disklavier,0.7745,0.7748,0.0,1895.0,14723.0,2.0545,4.0898
Liszt,Transcendental_Etudes_11,test,Huang18M,kong,disklavier,0.7486,0.7187,0.0,1857.0,12915.0,1.9256,0.6723
Liszt,Transcendental_Etudes_11,test,Huang18M,T5,disklavier,0.1079,0.6342,0.0,6966.0,38150.0,4.5894,0.6592
Rachmaninoff,Preludes_op_23_6,test,Nikiforov14M,kong,maestro,0.6362,0.1521,0.0,425.0,1256.0,0.1135,0.152
Rachmaninoff,Preludes_op_23_6,test,Nikiforov14M,T5,maestro,0.3366,0.1483,0.0,1927.0,7752.0,0.4182,0.1781
Rachmaninoff,Preludes_op_23_6,test,Nikiforov14M,oaf,maestro,0.1656,0.3104,0.0,499.0,1850.0,0.1382,4.5115
Rachmaninoff,Preludes_op_23_6,test,Nikiforov14M,T5,disklavier,0.4002,0.0232,0.0,1731.0,6992.0,1.7127,1.0817
Rachmaninoff,Preludes_op_23_6,test,Nikiforov14M,oaf,disklavier,0.4304,0.0443,0.0,386.0,2045.0,0.1589,2.9804
Rachmaninoff,Preludes_op_23_6,test,Nikiforov14M,kong,disklavier,0.5442,0.0584,0.0,461.0,1659.0,0.147,0.7798
Schubert,Impromptu_op.90_D.899_4,test,Huang10M,oaf,maestro,0.0984,-0.0047,0.0,987.0,3860.0,0.1469,4.7346
Schubert,Impromptu_op.90_D.899_4,test,Huang10M,T5,maestro,0.2475,0.3346,0.0,6556.0,7617.0,0.4442,0.0599
Schubert,Impromptu_op.90_D.899_4,test,Huang10M,kong,maestro,0.2487,0.3827,0.0,904.0,2836.0,0.2787,0.199
Schubert,Impromptu_op.90_D.899_4,test,Huang10M,T5,disklavier,0.0084,0.1408,0.0,5235.0,14732.0,3.0551,0.7111
Schubert,Impromptu_op.90_D.899_4,test,Huang10M,kong,disklavier,0.3237,0.1457,0.0,1083.0,3790.0,1.6712,0.6683
Schubert,Impromptu_op.90_D.899_4,test,Huang10M,oaf,disklavier,0.3443,0.2559,0.0,1023.0,4002.0,0.6194,3.2601
Schubert,Impromptu_op.90_D.899_4,test,Lin11M,oaf,maestro,0.1423,0.0271,0.0,733.0,2598.0,1.8196,5.6621
Schubert,Impromptu_op.90_D.899_4,test,Lin11M,kong,maestro,0.476,0.3867,0.0,435.0,1968.0,0.3162,0.1893
Schubert,Impromptu_op.90_D.899_4,test,Lin11M,T5,maestro,0.357,0.3379,0.0,2341.0,8074.0,0.5219,0.0597
Schubert,Impromptu_op.90_D.899_4,test,Lin11M,oaf,disklavier,0.4636,0.1975,0.0,716.0,3149.0,2.5076,4.6682
Schubert,Impromptu_op.90_D.899_4,test,Lin11M,T5,disklavier,0.3062,0.0528,0.0,4974.0,12069.0,3.5461,0.7389
Schubert,Impromptu_op.90_D.899_4,test,Lin11M,kong,disklavier,0.479,0.0855,0.0,739.0,2885.0,3.9422,0.8381
Schubert,Impromptu_op.90_D.899_4,test,LuoJ09M,T5,maestro,-0.0096,0.3989,0.0,5858.0,10158.0,0.3006,0.1094
Schubert,Impromptu_op.90_D.899_4,test,LuoJ09M,kong,maestro,0.1157,0.2391,0.0,568.0,1873.0,1.0244,0.141
Schubert,Impromptu_op.90_D.899_4,test,LuoJ09M,oaf,maestro,0.0639,0.168,0.0,800.0,2906.0,1.9221,5.2459
Schubert,Impromptu_op.90_D.899_4,test,LuoJ09M,T5,disklavier,0.3408,0.0831,0.0,3815.0,15043.0,3.6667,1.1528
Schubert,Impromptu_op.90_D.899_4,test,LuoJ09M,oaf,disklavier,0.3488,0.2316,0.0,879.0,3266.0,0.7215,4.5826
Schubert,Impromptu_op.90_D.899_4,test,LuoJ09M,kong,disklavier,0.406,0.0766,0.0,568.0,2781.0,2.2963,1.1584
Schubert,Impromptu_op.90_D.899_4,test,WongWY08M,T5,maestro,0.6272,0.4033,0.0,7458.0,13985.0,1.5383,0.0693
Schubert,Impromptu_op.90_D.899_4,test,WongWY08M,oaf,maestro,0.26,0.0751,0.0,801.0,2897.0,1.3255,5.8284
Schubert,Impromptu_op.90_D.899_4,test,WongWY08M,kong,maestro,0.4951,0.3028,0.0,505.0,1720.0,1.086,0.1254
Schubert,Impromptu_op.90_D.899_4,test,WongWY08M,kong,disklavier,0.7547,0.124,0.0,631.0,3058.0,1.7226,0.8202
Schubert,Impromptu_op.90_D.899_4,test,WongWY08M,oaf,disklavier,0.5327,0.2953,0.0,918.0,3894.0,1.2303,5.0571
Schubert,Impromptu_op.90_D.899_4,test,WongWY08M,T5,disklavier,0.3008,0.1303,0.0,3808.0,17616.0,2.4331,0.7929
Schubert,Piano_Sonatas_664-1,test,BuiJL06M,oaf,maestro,0.0561,0.0146,0.0,862.0,2793.0,0.1756,4.0861
Schubert,Piano_Sonatas_664-1,test,BuiJL06M,kong,maestro,0.4348,0.2212,0.0,431.0,1761.0,0.2046,0.1165
Schubert,Piano_Sonatas_664-1,test,BuiJL06M,T5,maestro,0.0905,0.308,0.0,2106.0,6317.0,0.2361,0.0817
Schubert,Piano_Sonatas_664-1,test,BuiJL06M,T5,disklavier,0.1191,0.3041,0.0,3439.0,10852.0,0.9138,1.4028
Schubert,Piano_Sonatas_664-1,test,BuiJL06M,kong,disklavier,0.4821,0.3325,0.0,912.0,3819.0,0.8257,1.5382
Schubert,Piano_Sonatas_664-1,test,BuiJL06M,oaf,disklavier,0.4255,0.5286,0.0,983.0,4346.0,0.2111,2.0004
Schubert,Piano_Sonatas_664-1,test,KabuliL10M,T5,maestro,0.0753,0.462,0.0,2797.0,9528.0,0.7475,0.1143
Schubert,Piano_Sonatas_664-1,test,KabuliL10M,oaf,maestro,0.0417,0.0383,0.0,1081.0,3324.0,0.6099,4.33
Schubert,Piano_Sonatas_664-1,test,KabuliL10M,kong,maestro,0.3557,0.3198,0.0,794.0,2273.0,0.1953,0.2248
Schubert,Piano_Sonatas_664-1,test,KabuliL10M,T5,disklavier,-0.0015,0.2311,0.0,3830.0,8968.0,1.3046,0.9495
Schubert,Piano_Sonatas_664-1,test,KabuliL10M,oaf,disklavier,0.3596,0.4376,0.0,990.0,3927.0,0.3747,2.2896
Schubert,Piano_Sonatas_664-1,test,KabuliL10M,kong,disklavier,0.4264,0.2425,0.0,869.0,3316.0,1.3761,1.1612
Bach,Fugue_bwv_848,train,Denisova06M,oaf,maestro,0.1031,0.0153,0.0,224.0,321.0,0.5821,2.783
Bach,Fugue_bwv_848,train,Denisova06M,kong,maestro,0.5487,0.2515,0.0,116.0,172.0,0.0435,0.2091
Bach,Fugue_bwv_848,train,Denisova06M,T5,maestro,0.0772,0.0368,0.0,958.0,898.0,0.382,0.2322
Bach,Fugue_bwv_848,train,Denisova06M,oaf,disklavier,0.1823,-0.1314,0.0,213.0,309.0,0.6433,3.0316
Bach,Fugue_bwv_848,train,Denisova06M,T5,disklavier,0.1352,-0.095,0.0,229.0,1020.0,0.7543,0.5667
Bach,Fugue_bwv_848,train,Denisova06M,kong,disklavier,0.2439,-0.046,0.0,104.0,160.0,0.3746,0.5932
Bach,Fugue_bwv_848,train,Lin04M,oaf,maestro,0.0719,0.0255,0.0,206.0,331.0,1.845,3.6927
Bach,Fugue_bwv_848,train,Lin04M,kong,maestro,0.4848,0.2966,0.0,106.0,175.0,0.719,0.2483
Bach,Fugue_bwv_848,train,Lin04M,T5,maestro,0.1886,0.2002,0.0,445.0,400.0,0.6934,0.1253
Bach,Fugue_bwv_848,train,Lin04M,T5,disklavier,0.1731,-0.0195,0.0,342.0,462.0,2.0422,0.6803
Bach,Fugue_bwv_848,train,Lin04M,kong,disklavier,0.3662,0.0076,0.0,127.0,200.0,0.8323,0.7842
Bach,Fugue_bwv_848,train,Lin04M,oaf,disklavier,0.3179,-0.0205,0.0,203.0,324.0,1.8365,1.9519
Bach,Fugue_bwv_848,train,Lou01M,kong,maestro,0.5556,0.2386,0.0,113.0,174.0,0.8543,0.2538
Bach,Fugue_bwv_848,train,Lou01M,T5,maestro,0.2174,-0.0127,0.0,646.0,1096.0,0.2574,0.459
Bach,Fugue_bwv_848,train,Lou01M,oaf,maestro,0.1057,0.1888,0.0,227.0,340.0,0.3468,5.4694
Bach,Fugue_bwv_848,train,Lou01M,T5,disklavier,0.2582,-0.1242,0.0,1462.0,794.0,0.5016,1.1707
Bach,Fugue_bwv_848,train,Lou01M,oaf,disklavier,0.4977,-0.1665,0.0,203.0,444.0,1.263,2.3319
Bach,Fugue_bwv_848,train,Lou01M,kong,disklavier,0.27,-0.0918,0.0,137.0,281.0,0.6876,4.2912
Bach,Fugue_bwv_848,train,MiyashitaM01M,oaf,maestro,0.1153,0.088,0.0,234.0,327.0,0.7587,3.0409
Bach,Fugue_bwv_848,train,MiyashitaM01M,T5,maestro,0.2139,0.2952,0.0,824.0,417.0,0.2303,0.0616
Bach,Fugue_bwv_848,train,MiyashitaM01M,kong,maestro,0.5007,0.2861,0.0,87.0,198.0,0.4744,0.3441
Bach,Fugue_bwv_848,train,MiyashitaM01M,oaf,disklavier,0.453,-0.0974,0.0,252.0,387.0,0.6766,2.1597
Bach,Fugue_bwv_848,train,MiyashitaM01M,T5,disklavier,0.1163,0.183,0.0,568.0,1244.0,0.7451,1.9322
Bach,Fugue_bwv_848,train,MiyashitaM01M,kong,disklavier,0.4947,-0.1143,0.0,180.0,268.0,0.5543,2.252
Bach,Fugue_bwv_848,train,Mizumoto03M,kong,maestro,0.3345,0.0781,0.0,109.0,267.0,0.0578,0.3615
Bach,Fugue_bwv_848,train,Mizumoto03M,T5,maestro,0.0056,0.1756,0.0,1261.0,1159.0,0.3038,0.25
Bach,Fugue_bwv_848,train,Mizumoto03M,oaf,maestro,0.1276,-0.1525,0.0,194.0,325.0,0.3725,3.1067
Bach,Fugue_bwv_848,train,Mizumoto03M,kong,disklavier,0.469,-0.0407,0.0,145.0,227.0,0.5202,1.8275
Bach,Fugue_bwv_848,train,Mizumoto03M,T5,disklavier,0.1818,0.1426,0.0,322.0,610.0,1.3323,1.2387
Bach,Fugue_bwv_848,train,Mizumoto03M,oaf,disklavier,0.4439,0.0024,0.0,183.0,337.0,0.9954,4.6625
Bach,Fugue_bwv_848,train,SunY01M,T5,maestro,0.0929,0.0845,0.0,396.0,602.0,0.3249,0.0835
Bach,Fugue_bwv_848,train,SunY01M,oaf,maestro,0.2041,0.268,0.0,186.0,328.0,0.7285,3.8029
Bach,Fugue_bwv_848,train,SunY01M,kong,maestro,0.2101,0.2545,0.0,128.0,270.0,1.0441,0.2375
Bach,Fugue_bwv_848,train,SunY01M,kong,disklavier,0.2691,-0.1025,0.0,146.0,238.0,0.687,1.9976
Bach,Fugue_bwv_848,train,SunY01M,T5,disklavier,-0.0103,-0.1253,0.0,292.0,632.0,1.5945,1.39
Bach,Fugue_bwv_848,train,SunY01M,oaf,disklavier,0.5608,-0.1894,0.0,179.0,347.0,0.8749,4.2097
Bach,Fugue_bwv_848,train,Zhou01M,T5,maestro,0.2006,0.0109,0.0,923.0,1719.0,0.0238,0.1719
Bach,Fugue_bwv_848,train,Zhou01M,oaf,maestro,0.1752,0.0337,0.0,224.0,353.0,0.4023,3.1113
Bach,Fugue_bwv_848,train,Zhou01M,kong,maestro,0.5377,0.0057,0.0,114.0,199.0,0.7273,0.3405
Bach,Fugue_bwv_848,train,Zhou01M,kong,disklavier,0.4214,-0.0718,0.0,142.0,253.0,0.5701,1.7231
Bach,Fugue_bwv_848,train,Zhou01M,oaf,disklavier,0.4598,-0.0839,0.0,208.0,375.0,0.6118,3.2384
Bach,Fugue_bwv_848,train,Zhou01M,T5,disklavier,0.0729,-0.0625,0.0,441.0,733.0,1.2114,1.667
Beethoven,Piano_Sonatas_21-1,train,GonzalezJ06M,T5,maestro,0.4109,0.4773,0.0,1443.0,5408.0,0.0734,0.0709
Beethoven,Piano_Sonatas_21-1,train,GonzalezJ06M,kong,maestro,0.6745,0.3365,0.0,851.0,2021.0,0.1421,0.1654
Beethoven,Piano_Sonatas_21-1,train,GonzalezJ06M,oaf,maestro,0.3309,0.2784,0.0,1118.0,2883.0,2.6078,4.8378
Beethoven,Piano_Sonatas_21-1,train,GonzalezJ06M,oaf,disklavier,0.7037,0.6104,0.0,1191.0,3830.0,2.2268,4.4856
Beethoven,Piano_Sonatas_21-1,train,GonzalezJ06M,T5,disklavier,0.4431,0.3869,0.0,2268.0,8605.0,0.705,0.5236
Beethoven,Piano_Sonatas_21-1,train,GonzalezJ06M,kong,disklavier,0.6401,0.3908,0.0,1127.0,3948.0,0.555,0.5086
Beethoven,Piano_Sonatas_21-1,train,KimSY02M,oaf,maestro,0.4542,0.2018,0.0,1372.0,4313.0,3.6748,5.4836
Beethoven,Piano_Sonatas_21-1,train,KimSY02M,kong,maestro,0.7254,0.4887,0.0,611.0,1619.0,0.1443,0.171
Beethoven,Piano_Sonatas_21-1,train,KimSY02M,T5,maestro,0.263,0.5556,0.0,2114.0,10385.0,0.081,0.0977
Beethoven,Piano_Sonatas_21-1,train,KimSY02M,T5,disklavier,0.2688,0.4149,0.0,2886.0,11292.0,0.6481,0.5137
Beethoven,Piano_Sonatas_21-1,train,KimSY02M,oaf,disklavier,0.6243,0.6139,0.0,1208.0,3202.0,2.705,5.1617
Beethoven,Piano_Sonatas_21-1,train,KimSY02M,kong,disklavier,0.6866,0.4309,0.0,1056.0,2588.0,0.4404,0.4982
Beethoven,Piano_Sonatas_21-1,train,LeeN02M,T5,maestro,0.2816,0.5641,0.0,2458.0,7476.0,0.2778,0.0725
Beethoven,Piano_Sonatas_21-1,train,LeeN02M,kong,maestro,0.7316,0.5272,0.0,1080.0,3268.0,0.0383,0.1955
Beethoven,Piano_Sonatas_21-1,train,LeeN02M,oaf,maestro,0.4788,0.345,0.0,1034.0,3193.0,2.7301,5.0817
Beethoven,Piano_Sonatas_21-1,train,LeeN02M,kong,disklavier,0.7464,0.489,0.0,1155.0,4353.0,0.2708,0.4727
Beethoven,Piano_Sonatas_21-1,train,LeeN02M,T5,disklavier,0.2064,0.4159,0.0,3781.0,9357.0,0.5665,0.5217
Beethoven,Piano_Sonatas_21-1,train,LeeN02M,oaf,disklavier,0.7075,0.6643,0.0,1326.0,4347.0,2.4124,4.8137
Beethoven,Piano_Sonatas_21-1,train,RichardsonC02M,oaf,maestro,0.4605,0.2879,0.0,1476.0,3892.0,2.8992,4.6528
Beethoven,Piano_Sonatas_21-1,train,RichardsonC02M,kong,maestro,0.6482,0.3878,0.0,691.0,1837.0,0.059,0.172
Beethoven,Piano_Sonatas_21-1,train,RichardsonC02M,T5,maestro,0.0421,0.4941,0.0,5355.0,5814.0,0.1236,0.1131
Beethoven,Piano_Sonatas_21-1,train,RichardsonC02M,kong,disklavier,0.688,0.4911,0.0,1350.0,4318.0,0.5429,0.495
Beethoven,Piano_Sonatas_21-1,train,RichardsonC02M,T5,disklavier,0.3011,0.4282,0.0,3707.0,9693.0,0.8348,0.5392
Beethoven,Piano_Sonatas_21-1,train,RichardsonC02M,oaf,disklavier,0.6278,0.7247,0.0,1687.0,4677.0,2.5675,4.3058
Beethoven,Piano_Sonatas_21-1,train,Shychko02M,T5,maestro,0.1158,0.4481,0.0,2307.0,5050.0,0.0529,0.065
Beethoven,Piano_Sonatas_21-1,train,Shychko02M,kong,maestro,0.5745,0.3619,0.0,677.0,2068.0,0.303,0.1634
Beethoven,Piano_Sonatas_21-1,train,Shychko02M,oaf,maestro,0.3702,0.2038,0.0,1292.0,2794.0,1.7722,4.3138
Beethoven,Piano_Sonatas_21-1,train,Shychko02M,kong,disklavier,0.7057,0.3596,0.0,1559.0,2714.0,0.3855,0.7852
Beethoven,Piano_Sonatas_21-1,train,Shychko02M,oaf,disklavier,0.6682,0.5612,0.0,1466.0,3091.0,1.4818,3.6591
Beethoven,Piano_Sonatas_21-1,train,Shychko02M,T5,disklavier,0.1909,0.3598,0.0,5653.0,9693.0,1.2477,0.9517
Beethoven,Piano_Sonatas_21-1,train,Sladek02M,oaf,maestro,0.4663,0.4112,0.0,1328.0,4217.0,3.2499,5.1019
Beethoven,Piano_Sonatas_21-1,train,Sladek02M,kong,maestro,0.7504,0.5576,0.0,703.0,1727.0,0.0481,0.1675
Beethoven,Piano_Sonatas_21-1,train,Sladek02M,T5,maestro,0.2334,0.6109,0.0,2799.0,6493.0,0.0641,0.0378
Beethoven,Piano_Sonatas_21-1,train,Sladek02M,oaf,disklavier,0.5793,0.6581,0.0,1472.0,3507.0,2.9842,4.7019
Beethoven,Piano_Sonatas_21-1,train,Sladek02M,T5,disklavier,0.3175,0.4296,0.0,2437.0,7772.0,0.6015,0.4284
Beethoven,Piano_Sonatas_21-1,train,Sladek02M,kong,disklavier,0.7222,0.4382,0.0,1520.0,2964.0,0.399,0.4813
Beethoven,Piano_Sonatas_21-1,train,Song03M,oaf,maestro,0.4397,0.2966,0.0,1328.0,2818.0,2.7454,4.713
Beethoven,Piano_Sonatas_21-1,train,Song03M,kong,maestro,0.6912,0.4446,0.0,1046.0,3431.0,0.0845,0.1755
Beethoven,Piano_Sonatas_21-1,train,Song03M,T5,maestro,0.3399,0.6669,0.0,1508.0,9726.0,0.0844,0.0732
Beethoven,Piano_Sonatas_21-1,train,Song03M,T5,disklavier,0.4576,0.4357,0.0,3233.0,14612.0,1.1916,0.8282
Beethoven,Piano_Sonatas_21-1,train,Song03M,kong,disklavier,0.7425,0.5045,0.0,1626.0,4267.0,0.9944,1.0403
Beethoven,Piano_Sonatas_21-1,train,Song03M,oaf,disklavier,0.6994,0.7164,0.0,1572.0,4476.0,2.157,3.9575
Beethoven,Piano_Sonatas_21-1,train,SunY02M,T5,maestro,0.1803,0.6478,0.0,2559.0,5633.0,0.1562,0.1184
Beethoven,Piano_Sonatas_21-1,train,SunY02M,oaf,maestro,0.4765,0.3158,0.0,1311.0,3915.0,3.7254,5.3266
Beethoven,Piano_Sonatas_21-1,train,SunY02M,kong,maestro,0.6809,0.3887,0.0,608.0,1639.0,0.0624,0.1188
Beethoven,Piano_Sonatas_21-1,train,SunY02M,oaf,disklavier,0.5736,0.7219,0.0,1342.0,3443.0,3.1374,5.0643
Beethoven,Piano_Sonatas_21-1,train,SunY02M,kong,disklavier,0.6906,0.4471,0.0,1254.0,3347.0,0.2524,0.5904
Beethoven,Piano_Sonatas_21-1,train,SunY02M,T5,disklavier,0.0631,0.4231,0.0,3832.0,9676.0,0.5529,0.6364
Beethoven,Piano_Sonatas_21-1,train,Tetzloff05M,T5,maestro,0.5258,0.5243,0.0,1394.0,6508.0,0.1052,0.0846
Beethoven,Piano_Sonatas_21-1,train,Tetzloff05M,oaf,maestro,0.4277,0.3103,0.0,1257.0,4292.0,3.2016,5.3709
Beethoven,Piano_Sonatas_21-1,train,Tetzloff05M,kong,maestro,0.7973,0.5531,0.0,723.0,3582.0,0.0406,0.1345
Beethoven,Piano_Sonatas_21-1,train,Tetzloff05M,T5,disklavier,0.1695,0.4861,0.0,5827.0,11083.0,0.4154,0.4783
Beethoven,Piano_Sonatas_21-1,train,Tetzloff05M,oaf,disklavier,0.6479,0.6103,0.0,1736.0,3984.0,2.7823,4.9455
Beethoven,Piano_Sonatas_21-1,train,Tetzloff05M,kong,disklavier,0.6802,0.4963,0.0,1434.0,3389.0,0.5305,0.4465
Beethoven,Piano_Sonatas_21-1,train,ToA02M,oaf,maestro,0.4639,0.2986,0.0,1146.0,2567.0,2.7056,4.8193
Beethoven,Piano_Sonatas_21-1,train,ToA02M,kong,maestro,0.7845,0.4014,0.0,631.0,1437.0,0.056,0.1079
Beethoven,Piano_Sonatas_21-1,train,ToA02M,T5,maestro,0.1199,0.5156,0.0,4766.0,6466.0,0.1284,0.1243
Beethoven,Piano_Sonatas_21-1,train,ToA02M,oaf,disklavier,0.6063,0.6887,0.0,1429.0,3058.0,2.4831,4.4273
Beethoven,Piano_Sonatas_21-1,train,ToA02M,T5,disklavier,0.3532,0.4479,0.0,3540.0,12974.0,0.9844,0.6639
Beethoven,Piano_Sonatas_21-1,train,ToA02M,kong,disklavier,0.7404,0.4712,0.0,1171.0,2587.0,0.6259,0.6942
Beethoven,Piano_Sonatas_21-1,train,TongB03M,oaf,maestro,0.5613,0.1967,0.0,1070.0,2589.0,3.3719,5.1958
Beethoven,Piano_Sonatas_21-1,train,TongB03M,kong,maestro,0.6937,0.4811,0.0,557.0,1516.0,0.0386,0.1564
Beethoven,Piano_Sonatas_21-1,train,TongB03M,T5,maestro,0.3855,0.6187,0.0,2562.0,6043.0,0.1144,0.125
Beethoven,Piano_Sonatas_21-1,train,TongB03M,oaf,disklavier,0.6364,0.7314,0.0,1516.0,3388.0,2.8176,4.9487
Beethoven,Piano_Sonatas_21-1,train,TongB03M,T5,disklavier,0.3705,0.5123,0.0,5034.0,12294.0,0.7893,0.515
Beethoven,Piano_Sonatas_21-1,train,TongB03M,kong,disklavier,0.7281,0.5238,0.0,1351.0,3178.0,0.2682,0.4701
Beethoven,Piano_Sonatas_21-1,train,WangA02M,T5,maestro,0.6951,0.5251,0.0,1851.0,5193.0,0.1767,0.0929
Beethoven,Piano_Sonatas_21-1,train,WangA02M,oaf,maestro,0.4691,0.2676,0.0,1434.0,3736.0,3.6305,5.2166
Beethoven,Piano_Sonatas_21-1,train,WangA02M,kong,maestro,0.5747,0.4823,0.0,769.0,1694.0,0.0642,0.149
Beethoven,Piano_Sonatas_21-1,train,WangA02M,oaf,disklavier,0.6511,0.5973,0.0,1293.0,3956.0,3.2961,4.7744
Beethoven,Piano_Sonatas_21-1,train,WangA02M,kong,disklavier,0.6175,0.4453,0.0,1133.0,4078.0,0.2729,0.5549
Beethoven,Piano_Sonatas_21-1,train,WangA02M,T5,disklavier,0.1724,0.407,0.0,5591.0,12263.0,0.7078,0.6885
Beethoven,Piano_Sonatas_21-1,train,YeZ02M,kong,maestro,0.6736,0.3801,0.0,821.0,1827.0,0.0863,0.2112
Beethoven,Piano_Sonatas_21-1,train,YeZ02M,oaf,maestro,0.3365,0.3913,0.0,1368.0,3815.0,2.3812,4.1198
Beethoven,Piano_Sonatas_21-1,train,YeZ02M,T5,maestro,0.3616,0.6009,0.0,2347.0,3355.0,0.1268,0.066
Beethoven,Piano_Sonatas_21-1,train,YeZ02M,T5,disklavier,0.3129,0.4225,0.0,4359.0,14490.0,0.7884,0.7888
Beethoven,Piano_Sonatas_21-1,train,YeZ02M,oaf,disklavier,0.5977,0.6885,0.0,1397.0,4472.0,1.836,3.4425
Beethoven,Piano_Sonatas_21-1,train,YeZ02M,kong,disklavier,0.6439,0.425,0.0,1246.0,4460.0,1.0096,0.7412
Beethoven,Piano_Sonatas_21-1,train,ZhangW01M,T5,maestro,0.6601,0.6899,0.0,1413.0,6075.0,0.0906,0.0855
Beethoven,Piano_Sonatas_21-1,train,ZhangW01M,oaf,maestro,0.444,0.2956,0.0,1402.0,3643.0,3.5292,5.2217
Beethoven,Piano_Sonatas_21-1,train,ZhangW01M,kong,maestro,0.6281,0.4853,0.0,850.0,2006.0,0.0543,0.1365
Beethoven,Piano_Sonatas_21-1,train,ZhangW01M,kong,disklavier,0.6898,0.4413,0.0,1317.0,3371.0,0.5665,0.5038
Beethoven,Piano_Sonatas_21-1,train,ZhangW01M,oaf,disklavier,0.674,0.6881,0.0,1500.0,3530.0,2.7441,4.9369
Beethoven,Piano_Sonatas_21-1,train,ZhangW01M,T5,disklavier,0.3681,0.4752,0.0,4357.0,9044.0,0.5385,0.5091
Chopin,Scherzos_31,train,ChenW04M,oaf,maestro,0.368,0.3051,0.0,1487.0,5020.0,2.4658,5.1291
Chopin,Scherzos_31,train,ChenW04M,kong,maestro,0.5771,0.308,0.0,1166.0,3327.0,0.1942,0.1096
Chopin,Scherzos_31,train,ChenW04M,T5,maestro,0.5655,0.5204,0.0,1982.0,12232.0,0.1148,0.0618
Chopin,Scherzos_31,train,ChenW04M,kong,disklavier,0.67,0.5503,0.0,2132.0,6080.0,1.8904,0.6836
Chopin,Scherzos_31,train,ChenW04M,T5,disklavier,0.4696,0.3937,0.0,4457.0,22459.0,1.1755,0.6353
Chopin,Scherzos_31,train,ChenW04M,oaf,disklavier,0.7701,0.7525,0.0,1525.0,5947.0,1.74,4.5982
Chopin,Scherzos_31,train,HuNY08M,kong,maestro,0.4843,0.3797,0.0,985.0,3004.0,0.1012,0.1364
Chopin,Scherzos_31,train,HuNY08M,T5,maestro,0.1224,0.5697,0.0,3705.0,11727.0,0.1896,0.0644
Chopin,Scherzos_31,train,HuNY08M,oaf,maestro,0.2108,0.2941,0.0,1327.0,3875.0,2.5807,4.937
Chopin,Scherzos_31,train,HuNY08M,kong,disklavier,0.6766,0.4175,0.0,1404.0,4810.0,1.1345,0.683
Chopin,Scherzos_31,train,HuNY08M,T5,disklavier,0.2572,0.412,0.0,3667.0,20279.0,1.1378,0.6382
Chopin,Scherzos_31,train,HuNY08M,oaf,disklavier,0.6899,0.6075,0.0,1337.0,4558.0,1.481,4.1474
Chopin,Scherzos_31,train,Jussow11M,oaf,maestro,0.4185,0.3373,0.0,1510.0,4136.0,2.7007,5.4345
Chopin,Scherzos_31,train,Jussow11M,kong,maestro,0.6404,0.5238,0.0,996.0,3010.0,0.1104,0.1733
Chopin,Scherzos_31,train,Jussow11M,T5,maestro,0.3598,0.613,0.0,2514.0,8988.0,0.1261,0.0537
Chopin,Scherzos_31,train,Jussow11M,oaf,disklavier,0.6834,0.6225,0.0,1604.0,5292.0,1.6161,4.6091
Chopin,Scherzos_31,train,Jussow11M,T5,disklavier,0.3056,0.4577,0.0,4834.0,21008.0,0.6293,0.4989
Chopin,Scherzos_31,train,Jussow11M,kong,disklavier,0.7137,0.4806,0.0,1465.0,4419.0,1.3952,0.5383
Chopin,Scherzos_31,train,LeeN04M,oaf,maestro,0.221,0.2853,0.0,1232.0,3946.0,2.7877,5.0495
Chopin,Scherzos_31,train,LeeN04M,T5,maestro,0.5019,0.609,0.0,1545.0,6899.0,0.4071,0.065
Chopin,Scherzos_31,train,LeeN04M,kong,maestro,0.5487,0.4499,0.0,964.0,2915.0,0.0963,0.1324
Chopin,Scherzos_31,train,LeeN04M,T5,disklavier,0.2463,0.4198,0.0,5231.0,16371.0,1.7264,0.6708
Chopin,Scherzos_31,train,LeeN04M,kong,disklavier,0.6781,0.4452,0.0,1568.0,5011.0,0.6488,0.6665
Chopin,Scherzos_31,train,LeeN04M,oaf,disklavier,0.6505,0.6093,0.0,1438.0,5106.0,1.8466,4.2963
Chopin,Scherzos_31,train,LinTami06M,T5,maestro,0.3861,0.5283,0.0,1962.0,12327.0,0.126,0.0644
Chopin,Scherzos_31,train,LinTami06M,kong,maestro,0.4501,0.4257,0.0,1120.0,3447.0,0.1291,0.1426
Chopin,Scherzos_31,train,LinTami06M,oaf,maestro,0.1888,0.2648,0.0,1421.0,4338.0,2.9595,5.382
Chopin,Scherzos_31,train,LinTami06M,kong,disklavier,0.6566,0.5047,0.0,1380.0,4715.0,1.0678,0.5911
Chopin,Scherzos_31,train,LinTami06M,oaf,disklavier,0.6979,0.6919,0.0,1607.0,5314.0,2.122,4.479
Chopin,Scherzos_31,train,LinTami06M,T5,disklavier,0.383,0.522,0.0,4424.0,11939.0,1.8754,0.5244
Chopin,Scherzos_31,train,LuoJ12M,T5,maestro,0.2242,0.6771,0.0,3741.0,14203.0,0.2047,0.0773
Chopin,Scherzos_31,train,LuoJ12M,kong,maestro,0.6207,0.4646,0.0,1049.0,2634.0,0.2053,0.1342
Chopin,Scherzos_31,train,LuoJ12M,oaf,maestro,0.1881,0.3504,0.0,1407.0,3809.0,2.4611,5.2609
Chopin,Scherzos_31,train,LuoJ12M,oaf,disklavier,0.6849,0.648,0.0,1514.0,4696.0,1.0721,4.6548
Chopin,Scherzos_31,train,LuoJ12M,kong,disklavier,0.6895,0.4319,0.0,1441.0,4262.0,0.8949,0.7121
Chopin,Scherzos_31,train,LuoJ12M,T5,disklavier,0.3473,0.4407,0.0,4403.0,13944.0,1.1782,0.6305
Chopin,Scherzos_31,train,SunD04M,kong,maestro,0.4665,0.3725,0.0,1073.0,2738.0,0.0696,0.0787
Chopin,Scherzos_31,train,SunD04M,oaf,maestro,0.2379,0.3647,0.0,1432.0,4200.0,2.6074,5.3377
Chopin,Scherzos_31,train,SunD04M,T5,maestro,0.5637,0.5129,0.0,2197.0,6999.0,0.1304,0.0459
Chopin,Scherzos_31,train,SunD04M,kong,disklavier,0.5326,0.434,0.0,1517.0,4733.0,1.4696,0.5314
Chopin,Scherzos_31,train,SunD04M,T5,disklavier,0.2206,0.4045,0.0,3369.0,22728.0,0.821,0.5964
Chopin,Scherzos_31,train,SunD04M,oaf,disklavier,0.5584,0.5984,0.0,1391.0,5116.0,2.1455,4.6227
Chopin,Scherzos_31,train,TongB04M,kong,maestro,0.5646,0.4493,0.0,1032.0,2765.0,0.0814,0.1062
Chopin,Scherzos_31,train,TongB04M,T5,maestro,0.1025,0.5682,0.0,4645.0,13836.0,0.155,0.0508
Chopin,Scherzos_31,train,TongB04M,oaf,maestro,0.2676,0.3207,0.0,1214.0,3696.0,2.5854,5.2343
Chopin,Scherzos_31,train,TongB04M,oaf,disklavier,0.643,0.6131,0.0,1425.0,5297.0,1.6128,4.5929
Chopin,Scherzos_31,train,TongB04M,kong,disklavier,0.6583,0.453,0.0,1692.0,4924.0,1.1583,0.6234
Chopin,Scherzos_31,train,TongB04M,T5,disklavier,-0.0075,0.414,0.0,8557.0,25131.0,2.0239,0.618
Chopin,Scherzos_31,train,TuanS05M,kong,maestro,0.531,0.3119,0.0,994.0,2695.0,0.0913,0.1097
Chopin,Scherzos_31,train,TuanS05M,oaf,maestro,0.2955,0.2741,0.0,1519.0,3984.0,2.5897,5.0024
Chopin,Scherzos_31,train,TuanS05M,T5,maestro,0.212,0.5983,0.0,4285.0,8509.0,0.0892,0.0727
Chopin,Scherzos_31,train,TuanS05M,T5,disklavier,0.4844,0.3999,0.0,4581.0,21697.0,1.4478,0.6279
Chopin,Scherzos_31,train,TuanS05M,oaf,disklavier,0.6979,0.5747,0.0,1520.0,4707.0,2.3276,4.1102
Chopin,Scherzos_31,train,TuanS05M,kong,disklavier,0.6464,0.4366,0.0,1689.0,4708.0,1.1159,0.7249
Chopin,Scherzos_31,train,ZhangW04M,T5,maestro,0.4735,0.5239,0.0,1638.0,6452.0,0.181,0.0649
Chopin,Scherzos_31,train,ZhangW04M,oaf,maestro,0.2844,0.3522,0.0,1456.0,3648.0,2.8992,4.9888
Chopin,Scherzos_31,train,ZhangW04M,kong,maestro,0.564,0.3243,0.0,1068.0,2651.0,0.0292,0.1312
Chopin,Scherzos_31,train,ZhangW04M,oaf,disklavier,0.7184,0.6179,0.0,1583.0,4791.0,2.2372,4.2585
Chopin,Scherzos_31,train,ZhangW04M,kong,disklavier,0.7035,0.4373,0.0,1454.0,4781.0,0.6124,0.59
Chopin,Scherzos_31,train,ZhangW04M,T5,disklavier,0.2569,0.4431,0.0,4537.0,19004.0,1.4669,0.5216
Debussy,Images_Book_1_1_Reflets_dans_lEau,train,Kleisen11M,kong,maestro,0.6676,0.2561,0.0,741.0,2567.0,0.9264,0.1144
Debussy,Images_Book_1_1_Reflets_dans_lEau,train,Kleisen11M,oaf,maestro,0.3686,0.1397,0.0,1020.0,3739.0,1.1462,5.3454
Debussy,Images_Book_1_1_Reflets_dans_lEau,train,Kleisen11M,T5,maestro,0.1311,0.4824,0.0,3093.0,12418.0,3.4266,0.1041
Debussy,Images_Book_1_1_Reflets_dans_lEau,train,Kleisen11M,T5,disklavier,0.0834,0.4183,0.0,3596.0,24274.0,4.6394,0.6525
Debussy,Images_Book_1_1_Reflets_dans_lEau,train,Kleisen11M,kong,disklavier,0.6053,0.3935,0.0,1310.0,6219.0,0.7247,0.6264
Debussy,Images_Book_1_1_Reflets_dans_lEau,train,Kleisen11M,oaf,disklavier,0.5566,0.6374,0.0,1147.0,7160.0,0.5823,4.6578
Debussy,Images_Book_1_1_Reflets_dans_lEau,train,ParkJH13M,T5,maestro,0.1048,0.4471,0.0,2407.0,15935.0,1.6561,0.0809
Debussy,Images_Book_1_1_Reflets_dans_lEau,train,ParkJH13M,kong,maestro,0.5113,0.3444,0.0,740.0,3251.0,2.4006,0.1207
Debussy,Images_Book_1_1_Reflets_dans_lEau,train,ParkJH13M,oaf,maestro,0.3767,0.249,0.0,801.0,4581.0,0.4168,5.1317
Debussy,Images_Book_1_1_Reflets_dans_lEau,train,ParkJH13M,T5,disklavier,-0.0048,0.4143,0.0,3786.0,22550.0,2.046,0.6308
Debussy,Images_Book_1_1_Reflets_dans_lEau,train,ParkJH13M,kong,disklavier,0.6561,0.465,0.0,1001.0,4234.0,1.1875,0.6819
Debussy,Images_Book_1_1_Reflets_dans_lEau,train,ParkJH13M,oaf,disklavier,0.7192,0.6047,0.0,836.0,5553.0,1.3213,4.6408
Glinka,The_Lark,train,Denisova10M,oaf,maestro,0.3639,0.4267,0.0,1113.0,3115.0,0.9641,5.5361
Glinka,The_Lark,train,Denisova10M,kong,maestro,0.5992,0.6023,0.0,460.0,2006.0,1.0926,0.1344
Glinka,The_Lark,train,Denisova10M,T5,maestro,0.506,0.664,0.0,1633.0,7031.0,0.3838,0.0492
Glinka,The_Lark,train,Denisova10M,oaf,disklavier,0.7353,0.7834,0.0,1150.0,4168.0,2.1126,4.6438
Glinka,The_Lark,train,Denisova10M,T5,disklavier,0.4625,0.6015,0.0,1507.0,11007.0,2.141,0.6064
Glinka,The_Lark,train,Denisova10M,kong,disklavier,0.6979,0.65,0.0,1014.0,2476.0,1.5323,0.6112
Glinka,The_Lark,train,Kleisen07M,oaf,maestro,0.2717,0.3854,0.0,1693.0,4489.0,0.7136,5.4772
Glinka,The_Lark,train,Kleisen07M,kong,maestro,0.4175,0.5524,0.0,950.0,2715.0,0.547,0.1382
Glinka,The_Lark,train,Kleisen07M,T5,maestro,0.089,0.5,0.0,4351.0,10920.0,1.1105,0.096
Glinka,The_Lark,train,Kleisen07M,oaf,disklavier,0.5798,0.7697,0.0,1427.0,7147.0,0.6027,4.6793
Glinka,The_Lark,train,Kleisen07M,kong,disklavier,0.6234,0.6402,0.0,1221.0,4700.0,1.382,0.4519
Glinka,The_Lark,train,Kleisen07M,T5,disklavier,0.4116,0.6336,0.0,3521.0,16355.0,1.5943,0.4834
Haydn,Keyboard_Sonatas_50-1,train,GalantM02M,oaf,maestro,0.3348,0.4288,0.0,542.0,1080.0,1.9771,3.9961
Haydn,Keyboard_Sonatas_50-1,train,GalantM02M,kong,maestro,0.629,0.4294,0.0,406.0,742.0,0.0933,0.2433
Haydn,Keyboard_Sonatas_50-1,train,GalantM02M,T5,maestro,0.3574,0.5598,0.0,1632.0,4301.0,0.1602,0.1068
Haydn,Keyboard_Sonatas_50-1,train,GalantM02M,kong,disklavier,0.587,0.2544,0.0,564.0,1759.0,0.2859,0.4697
Haydn,Keyboard_Sonatas_50-1,train,GalantM02M,T5,disklavier,0.476,0.354,0.0,1634.0,3988.0,0.3258,0.3258
Haydn,Keyboard_Sonatas_50-1,train,GalantM02M,oaf,disklavier,0.4644,0.5262,0.0,769.0,2014.0,1.4998,3.0548
Haydn,Keyboard_Sonatas_50-1,train,HamSY02M,oaf,maestro,0.3179,0.4176,0.0,664.0,1307.0,1.7036,4.2995
Haydn,Keyboard_Sonatas_50-1,train,HamSY02M,kong,maestro,0.4428,0.4189,0.0,452.0,933.0,0.1078,0.189
Haydn,Keyboard_Sonatas_50-1,train,HamSY02M,T5,maestro,0.4905,0.7083,0.0,1405.0,3713.0,0.0942,0.0726
Haydn,Keyboard_Sonatas_50-1,train,HamSY02M,T5,disklavier,0.1435,0.4525,0.0,1582.0,4688.0,0.3238,0.5545
Haydn,Keyboard_Sonatas_50-1,train,HamSY02M,oaf,disklavier,0.737,0.5012,0.0,648.0,1322.0,1.0813,3.3514
Haydn,Keyboard_Sonatas_50-1,train,HamSY02M,kong,disklavier,0.7061,0.3432,0.0,478.0,991.0,0.422,0.7251
Haydn,Keyboard_Sonatas_50-1,train,Huang05M,T5,maestro,0.1327,0.5062,0.0,1402.0,3933.0,0.2585,0.0543
Haydn,Keyboard_Sonatas_50-1,train,Huang05M,kong,maestro,0.6001,0.5854,0.0,433.0,817.0,0.1245,0.1909
Haydn,Keyboard_Sonatas_50-1,train,Huang05M,oaf,maestro,0.2899,0.2612,0.0,621.0,1248.0,1.6375,4.1476
Haydn,Keyboard_Sonatas_50-1,train,Huang05M,T5,disklavier,0.3366,0.4058,0.0,1377.0,4295.0,0.4602,0.3853
Haydn,Keyboard_Sonatas_50-1,train,Huang05M,kong,disklavier,0.6733,0.36,0.0,447.0,984.0,0.4172,0.4717
Haydn,Keyboard_Sonatas_50-1,train,Huang05M,oaf,disklavier,0.6415,0.5603,0.0,746.0,1413.0,1.7528,3.7221
Haydn,Keyboard_Sonatas_50-1,train,JeonH03M,oaf,maestro,0.2713,0.3276,0.0,500.0,907.0,1.2976,4.0833
Haydn,Keyboard_Sonatas_50-1,train,JeonH03M,kong,maestro,0.6264,0.3759,0.0,384.0,713.0,0.0459,0.133
Haydn,Keyboard_Sonatas_50-1,train,JeonH03M,T5,maestro,0.1263,0.5845,0.0,1290.0,4890.0,0.1249,0.0737
Haydn,Keyboard_Sonatas_50-1,train,JeonH03M,oaf,disklavier,0.7173,0.5434,0.0,586.0,1247.0,1.3423,3.3582
Haydn,Keyboard_Sonatas_50-1,train,JeonH03M,kong,disklavier,0.672,0.3307,0.0,490.0,904.0,0.2182,0.4475
Haydn,Keyboard_Sonatas_50-1,train,JeonH03M,T5,disklavier,-0.0158,0.3583,0.0,3217.0,5061.0,1.888,0.4387
Haydn,Keyboard_Sonatas_50-1,train,KARYAG06M,oaf,maestro,0.4187,0.367,0.0,651.0,1326.0,1.6602,3.7742
Haydn,Keyboard_Sonatas_50-1,train,KARYAG06M,T5,maestro,0.3165,0.5657,0.0,1029.0,4900.0,0.3688,0.1167
Haydn,Keyboard_Sonatas_50-1,train,KARYAG06M,kong,maestro,0.577,0.4803,0.0,421.0,828.0,0.0771,0.2316
Haydn,Keyboard_Sonatas_50-1,train,KARYAG06M,oaf,disklavier,0.5112,0.4984,0.0,872.0,2185.0,1.4817,3.1795
Haydn,Keyboard_Sonatas_50-1,train,KARYAG06M,kong,disklavier,0.5365,0.3192,0.0,696.0,1922.0,0.4606,0.6576
Haydn,Keyboard_Sonatas_50-1,train,KARYAG06M,T5,disklavier,0.2735,0.3166,0.0,2426.0,4555.0,0.9118,0.6163
Haydn,Keyboard_Sonatas_50-1,train,Shi07M,T5,maestro,0.1615,0.6509,0.0,1228.0,3663.0,0.2188,0.0662
Haydn,Keyboard_Sonatas_50-1,train,Shi07M,kong,maestro,0.6244,0.5,0.0,319.0,644.0,0.4529,0.1522
Haydn,Keyboard_Sonatas_50-1,train,Shi07M,oaf,maestro,0.3326,0.2964,0.0,557.0,1140.0,1.4881,4.2412
Haydn,Keyboard_Sonatas_50-1,train,Shi07M,oaf,disklavier,0.6575,0.4689,0.0,569.0,1229.0,1.1111,3.5333
Haydn,Keyboard_Sonatas_50-1,train,Shi07M,T5,disklavier,0.5047,0.4054,0.0,1567.0,3508.0,1.2831,0.389
Haydn,Keyboard_Sonatas_50-1,train,Shi07M,kong,disklavier,0.6476,0.2805,0.0,346.0,736.0,0.9091,0.5304
Haydn,Keyboard_Sonatas_50-1,train,YoungS02M,T5,maestro,0.0873,0.6102,0.0,2061.0,2192.0,0.264,0.0861
Haydn,Keyboard_Sonatas_50-1,train,YoungS02M,kong,maestro,0.6606,0.4164,0.0,355.0,545.0,0.0607,0.2114
Haydn,Keyboard_Sonatas_50-1,train,YoungS02M,oaf,maestro,0.2498,0.1925,0.0,559.0,940.0,1.5589,4.3125
Haydn,Keyboard_Sonatas_50-1,train,YoungS02M,T5,disklavier,0.5266,0.3512,0.0,932.0,2253.0,0.8568,0.4554
Haydn,Keyboard_Sonatas_50-1,train,YoungS02M,kong,disklavier,0.6649,0.2917,0.0,477.0,841.0,0.3016,0.647
Haydn,Keyboard_Sonatas_50-1,train,YoungS02M,oaf,disklavier,0.6545,0.5129,0.0,589.0,1082.0,1.6964,3.7035
Liszt,Gran_Etudes_de_Paganini_2_La_campanella,train,BuiJL03M,kong,maestro,0.2861,0.4346,0.0,554.0,1487.0,0.2223,0.1212
Liszt,Gran_Etudes_de_Paganini_2_La_campanella,train,BuiJL03M,oaf,maestro,0.2754,0.1602,0.0,722.0,2084.0,1.497,5.1215
Liszt,Gran_Etudes_de_Paganini_2_La_campanella,train,BuiJL03M,T5,maestro,0.3387,0.4154,0.0,2783.0,4612.0,0.1591,0.0903
Liszt,Gran_Etudes_de_Paganini_2_La_campanella,train,BuiJL03M,T5,disklavier,0.3744,0.3331,0.0,1446.0,5523.0,0.9267,0.3605
Liszt,Gran_Etudes_de_Paganini_2_La_campanella,train,BuiJL03M,kong,disklavier,0.5482,0.227,0.0,764.0,3359.0,0.6574,0.5114
Liszt,Gran_Etudes_de_Paganini_2_La_campanella,train,BuiJL03M,oaf,disklavier,0.2007,0.3249,0.0,761.0,3507.0,0.7854,4.588
Liszt,Gran_Etudes_de_Paganini_2_La_campanella,train,LeungR04M,kong,maestro,0.198,0.4071,0.0,480.0,1264.0,0.3145,0.1889
Liszt,Gran_Etudes_de_Paganini_2_La_campanella,train,LeungR04M,T5,maestro,0.1486,0.4321,0.0,802.0,5666.0,0.2302,0.0982
Liszt,Gran_Etudes_de_Paganini_2_La_campanella,train,LeungR04M,oaf,maestro,0.0664,0.2407,0.0,762.0,1835.0,1.4976,4.6962
Liszt,Gran_Etudes_de_Paganini_2_La_campanella,train,LeungR04M,T5,disklavier,0.1855,0.3273,0.0,1139.0,7083.0,1.2712,0.5371
Liszt,Gran_Etudes_de_Paganini_2_La_campanella,train,LeungR04M,oaf,disklavier,0.2341,0.4109,0.0,805.0,2199.0,1.4431,4.1572
Liszt,Gran_Etudes_de_Paganini_2_La_campanella,train,LeungR04M,kong,disklavier,0.1758,0.3124,0.0,669.0,2309.0,1.5804,0.5397
Liszt,Gran_Etudes_de_Paganini_2_La_campanella,train,Levitsky06M,kong,maestro,0.5867,0.2995,0.0,540.0,1460.0,0.302,0.2191
Liszt,Gran_Etudes_de_Paganini_2_La_campanella,train,Levitsky06M,oaf,maestro,0.2987,0.2155,0.0,738.0,2312.0,1.3832,5.5571
Liszt,Gran_Etudes_de_Paganini_2_La_campanella,train,Levitsky06M,T5,maestro,0.3537,0.3161,0.0,805.0,3993.0,0.2171,0.0622
Liszt,Gran_Etudes_de_Paganini_2_La_campanella,train,Levitsky06M,T5,disklavier,0.1648,0.2617,0.0,1505.0,7164.0,0.7384,0.337
Liszt,Gran_Etudes_de_Paganini_2_La_campanella,train,Levitsky06M,kong,disklavier,0.324,0.0492,0.0,678.0,3502.0,0.7147,0.4394
Liszt,Gran_Etudes_de_Paganini_2_La_campanella,train,Levitsky06M,oaf,disklavier,0.401,0.1852,0.0,713.0,3155.0,1.1343,4.8232
Liszt,Gran_Etudes_de_Paganini_2_La_campanella,train,Lin07M,kong,maestro,0.0398,0.5157,0.0,803.0,2328.0,0.1917,0.2065
Liszt,Gran_Etudes_de_Paganini_2_La_campanella,train,Lin07M,oaf,maestro,0.0061,0.1497,0.0,1079.0,3426.0,1.6884,5.1058
Liszt,Gran_Etudes_de_Paganini_2_La_campanella,train,Lin07M,T5,maestro,0.1441,0.3945,0.0,663.0,2650.0,0.3395,0.0889
Liszt,Gran_Etudes_de_Paganini_2_La_campanella,train,Lin07M,T5,disklavier,0.1664,0.411,0.0,1390.0,7459.0,0.5577,0.3149
Liszt,Gran_Etudes_de_Paganini_2_La_campanella,train,Lin07M,oaf,disklavier,0.2044,0.4588,0.0,1107.0,4218.0,1.7201,4.4276
Liszt,Gran_Etudes_de_Paganini_2_La_campanella,train,Lin07M,kong,disklavier,0.1654,0.3887,0.0,1044.0,3565.0,0.6135,0.3729
Liszt,Gran_Etudes_de_Paganini_2_La_campanella,train,LiuC05M,T5,maestro,0.56,0.5792,0.0,2219.0,2205.0,0.2053,0.0748
Liszt,Gran_Etudes_de_Paganini_2_La_campanella,train,LiuC05M,kong,maestro,0.531,0.537,0.0,676.0,1669.0,0.1461,0.1176
Liszt,Gran_Etudes_de_Paganini_2_La_campanella,train,LiuC05M,oaf,maestro,0.5028,0.2073,0.0,903.0,2361.0,1.938,4.7188
Liszt,Gran_Etudes_de_Paganini_2_La_campanella,train,LiuC05M,oaf,disklavier,0.509,0.4766,0.0,1079.0,2812.0,1.4434,4.0007
Liszt,Gran_Etudes_de_Paganini_2_La_campanella,train,LiuC05M,kong,disklavier,0.4568,0.408,0.0,898.0,2481.0,1.0654,0.6355
Liszt,Gran_Etudes_de_Paganini_2_La_campanella,train,LiuC05M,T5,disklavier,0.3753,0.4169,0.0,1498.0,5710.0,0.7941,0.4984
Liszt,Gran_Etudes_de_Paganini_2_La_campanella,train,LiuY03M,T5,maestro,0.3965,0.5001,0.0,1011.0,5005.0,0.3674,0.0884
Liszt,Gran_Etudes_de_Paganini_2_La_campanella,train,LiuY03M,oaf,maestro,0.2949,0.1694,0.0,1241.0,2685.0,1.8102,5.1336
Liszt,Gran_Etudes_de_Paganini_2_La_campanella,train,LiuY03M,kong,maestro,0.6773,0.3358,0.0,594.0,1643.0,0.2149,0.1455
Liszt,Gran_Etudes_de_Paganini_2_La_campanella,train,LiuY03M,kong,disklavier,0.5471,0.3566,0.0,828.0,3093.0,1.3992,0.5942
Liszt,Gran_Etudes_de_Paganini_2_La_campanella,train,LiuY03M,T5,disklavier,0.509,0.4295,0.0,1441.0,11675.0,1.6312,0.4707
Liszt,Gran_Etudes_de_Paganini_2_La_campanella,train,LiuY03M,oaf,disklavier,0.4931,0.4018,0.0,829.0,4619.0,1.4164,4.618
Liszt,Gran_Etudes_de_Paganini_2_La_campanella,train,MunA08M,T5,maestro,0.0909,0.6106,0.0,1370.0,3252.0,0.0819,0.0896
Liszt,Gran_Etudes_de_Paganini_2_La_campanella,train,MunA08M,kong,maestro,0.2459,0.5204,0.0,610.0,1747.0,0.3491,0.1171
Liszt,Gran_Etudes_de_Paganini_2_La_campanella,train,MunA08M,oaf,maestro,0.0145,0.2223,0.0,881.0,2640.0,1.4852,5.2812
Liszt,Gran_Etudes_de_Paganini_2_La_campanella,train,MunA08M,oaf,disklavier,0.139,0.3902,0.0,947.0,3312.0,1.1814,4.7306
Liszt,Gran_Etudes_de_Paganini_2_La_campanella,train,MunA08M,kong,disklavier,0.4956,0.3505,0.0,851.0,4402.0,0.7401,0.4448
Liszt,Gran_Etudes_de_Paganini_2_La_campanella,train,MunA08M,T5,disklavier,0.4447,0.3567,0.0,1731.0,8965.0,0.9411,0.3205
Liszt,Gran_Etudes_de_Paganini_2_La_campanella,train,VuV06M,T5,maestro,0.0135,0.5456,0.0,2273.0,9879.0,0.3277,0.0704
Liszt,Gran_Etudes_de_Paganini_2_La_campanella,train,VuV06M,oaf,maestro,0.1607,0.1911,0.0,775.0,2806.0,1.1421,4.957
Liszt,Gran_Etudes_de_Paganini_2_La_campanella,train,VuV06M,kong,maestro,0.4311,0.3879,0.0,619.0,1370.0,0.2169,0.159
Liszt,Gran_Etudes_de_Paganini_2_La_campanella,train,VuV06M,oaf,disklavier,0.4157,0.4039,0.0,765.0,3165.0,1.215,4.1829
Liszt,Gran_Etudes_de_Paganini_2_La_campanella,train,VuV06M,kong,disklavier,0.5167,0.3368,0.0,750.0,2917.0,0.5162,0.4492
Liszt,Gran_Etudes_de_Paganini_2_La_campanella,train,VuV06M,T5,disklavier,0.2678,0.3408,0.0,1151.0,7368.0,0.7467,0.4263
Liszt,Gran_Etudes_de_Paganini_2_La_campanella,train,Yang05M,T5,maestro,0.0905,0.4768,0.0,1829.0,3864.0,0.2382,0.0822
Liszt,Gran_Etudes_de_Paganini_2_La_campanella,train,Yang05M,kong,maestro,0.5111,0.3857,0.0,727.0,1749.0,0.2278,0.1841
Liszt,Gran_Etudes_de_Paganini_2_La_campanella,train,Yang05M,oaf,maestro,0.1643,0.224,0.0,962.0,2661.0,2.3524,5.3652
Liszt,Gran_Etudes_de_Paganini_2_La_campanella,train,Yang05M,kong,disklavier,0.5319,0.3368,0.0,844.0,3747.0,0.743,0.5706
Liszt,Gran_Etudes_de_Paganini_2_La_campanella,train,Yang05M,oaf,disklavier,0.519,0.3648,0.0,919.0,3198.0,1.6965,4.6659
Liszt,Gran_Etudes_de_Paganini_2_La_campanella,train,Yang05M,T5,disklavier,0.4569,0.3796,0.0,1125.0,6595.0,0.6424,0.4326
Liszt,Gran_Etudes_de_Paganini_2_La_campanella,train,ZhangH07M,T5,maestro,0.0366,0.4251,0.0,2485.0,13109.0,0.0893,0.0797
Liszt,Gran_Etudes_de_Paganini_2_La_campanella,train,ZhangH07M,kong,maestro,0.7042,0.5465,0.0,969.0,4679.0,0.4696,0.1464
Liszt,Gran_Etudes_de_Paganini_2_La_campanella,train,ZhangH07M,oaf,maestro,-0.021,0.3293,0.0,1337.0,6377.0,0.9552,5.6594
Liszt,Gran_Etudes_de_Paganini_2_La_campanella,train,ZhangH07M,oaf,disklavier,0.0092,0.4329,0.0,1422.0,9004.0,1.028,5.2821
Liszt,Gran_Etudes_de_Paganini_2_La_campanella,train,ZhangH07M,kong,disklavier,0.2862,0.349,0.0,1008.0,5217.0,0.6142,0.4078
Liszt,Gran_Etudes_de_Paganini_2_La_campanella,train,ZhangH07M,T5,disklavier,0.5358,0.4455,0.0,1568.0,12487.0,1.983,0.3294
Mozart,Piano_Sonatas_12-1,train,MunA03M,oaf,maestro,0.2283,0.1735,0.0,408.0,867.0,1.4927,4.6602
Mozart,Piano_Sonatas_12-1,train,MunA03M,T5,maestro,0.0939,0.4346,0.0,913.0,1973.0,0.1535,0.0856
Mozart,Piano_Sonatas_12-1,train,MunA03M,kong,maestro,0.7162,0.4104,0.0,143.0,499.0,0.39,0.1271
Mozart,Piano_Sonatas_12-1,train,MunA03M,oaf,disklavier,0.5443,0.4556,0.0,362.0,1009.0,1.7252,3.0415
Mozart,Piano_Sonatas_12-1,train,MunA03M,T5,disklavier,0.2555,0.2971,0.0,828.0,3791.0,1.6162,1.1078
Mozart,Piano_Sonatas_12-1,train,MunA03M,kong,disklavier,0.5426,0.2912,0.0,265.0,705.0,1.5639,1.1933
Mozart,Piano_Sonatas_12-1,train,WuuE02M,oaf,maestro,0.1419,0.2128,0.0,401.0,866.0,0.6902,4.1621
Mozart,Piano_Sonatas_12-1,train,WuuE02M,T5,maestro,0.6057,0.5992,0.0,343.0,1759.0,0.5026,0.0519
Mozart,Piano_Sonatas_12-1,train,WuuE02M,kong,maestro,0.3753,0.3687,0.0,167.0,432.0,0.058,0.1214
Mozart,Piano_Sonatas_12-1,train,WuuE02M,T5,disklavier,0.0782,0.2859,0.0,1358.0,3502.0,1.9672,1.4233
Mozart,Piano_Sonatas_12-1,train,WuuE02M,oaf,disklavier,0.538,0.3844,0.0,451.0,1149.0,1.1958,2.3729
Mozart,Piano_Sonatas_12-1,train,WuuE02M,kong,disklavier,0.3383,0.2154,0.0,276.0,734.0,1.2413,1.4323
Rachmaninoff,Preludes_op_23_4,train,ChenGuang12M,kong,maestro,0.5775,0.5636,0.0,353.0,1523.0,0.0547,0.1543
Rachmaninoff,Preludes_op_23_4,train,ChenGuang12M,T5,maestro,0.3555,0.36,0.0,2824.0,5666.0,1.2222,0.0595
Rachmaninoff,Preludes_op_23_4,train,ChenGuang12M,oaf,maestro,0.2411,0.102,0.0,589.0,1946.0,0.1302,4.1962
Rachmaninoff,Preludes_op_23_4,train,ChenGuang12M,kong,disklavier,0.5933,0.2746,0.0,670.0,2509.0,1.8215,1.235
Rachmaninoff,Preludes_op_23_4,train,ChenGuang12M,T5,disklavier,0.3239,0.2907,0.0,1723.0,8923.0,1.8695,1.4404
Rachmaninoff,Preludes_op_23_4,train,ChenGuang12M,oaf,disklavier,0.5026,0.48,0.0,584.0,2827.0,0.94,2.9705
Rachmaninoff,Preludes_op_23_4,train,WuuE07M,T5,maestro,0.4618,0.1995,0.0,1006.0,2570.0,0.8532,0.1396
Rachmaninoff,Preludes_op_23_4,train,WuuE07M,kong,maestro,0.6937,0.1751,0.0,415.0,1121.0,0.0205,0.1646
Rachmaninoff,Preludes_op_23_4,train,WuuE07M,oaf,maestro,0.2834,0.1375,0.0,572.0,1639.0,1.0039,3.8531
Rachmaninoff,Preludes_op_23_4,train,WuuE07M,T5,disklavier,-0.0589,0.0215,0.0,2647.0,11385.0,2.2178,1.039
Rachmaninoff,Preludes_op_23_4,train,WuuE07M,oaf,disklavier,-0.0869,0.0077,0.0,1001.0,3295.0,0.2616,3.0147
Rachmaninoff,Preludes_op_23_4,train,WuuE07M,kong,disklavier,-0.0769,0.0285,0.0,863.0,2894.0,0.7566,1.1973
Schubert,Impromptu_op.90_D.899_3,train,Hou06M,oaf,maestro,0.1364,0.1607,0.0,403.0,1962.0,0.2865,3.4979
Schubert,Impromptu_op.90_D.899_3,train,Hou06M,kong,maestro,0.3955,0.4376,0.0,361.0,1539.0,0.0596,0.0827
Schubert,Impromptu_op.90_D.899_3,train,Hou06M,T5,maestro,0.1704,0.2006,0.0,579.0,7445.0,0.0622,0.0426
Schubert,Impromptu_op.90_D.899_3,train,Hou06M,T5,disklavier,0.1514,-0.0507,0.0,4197.0,9720.0,2.1909,0.6623
Schubert,Impromptu_op.90_D.899_3,train,Hou06M,kong,disklavier,0.6077,0.0709,0.0,494.0,3051.0,0.4344,0.6283
Schubert,Impromptu_op.90_D.899_3,train,Hou06M,oaf,disklavier,0.4599,-0.075,0.0,642.0,3236.0,0.4571,2.6013
Schubert,Impromptu_op.90_D.899_3,train,JeonH06M,oaf,maestro,-0.0166,0.072,0.0,478.0,1819.0,0.3438,2.6239
Schubert,Impromptu_op.90_D.899_3,train,JeonH06M,T5,maestro,0.5661,0.1284,0.0,466.0,7614.0,0.0484,0.0759
Schubert,Impromptu_op.90_D.899_3,train,JeonH06M,kong,maestro,0.4638,0.3045,0.0,352.0,1105.0,0.5939,0.0938
Schubert,Impromptu_op.90_D.899_3,train,JeonH06M,kong,disklavier,0.628,0.0004,0.0,488.0,2434.0,0.8578,0.8912
Schubert,Impromptu_op.90_D.899_3,train,JeonH06M,oaf,disklavier,0.5454,0.0032,0.0,550.0,2392.0,0.8153,1.5647
Schubert,Impromptu_op.90_D.899_3,train,JeonH06M,T5,disklavier,0.1628,0.0195,0.0,3171.0,7302.0,1.583,0.8175
Schubert,Impromptu_op.90_D.899_3,train,Ko08M,oaf,maestro,-0.0362,0.2157,0.0,320.0,1594.0,0.0844,2.5349
Schubert,Impromptu_op.90_D.899_3,train,Ko08M,kong,maestro,0.3309,0.2057,0.0,373.0,1082.0,0.0356,0.1367
Schubert,Impromptu_op.90_D.899_3,train,Ko08M,T5,maestro,0.2848,0.0557,0.0,516.0,3030.0,0.0403,0.0684
Schubert,Impromptu_op.90_D.899_3,train,Ko08M,kong,disklavier,0.654,-0.0606,0.0,365.0,2043.0,0.6924,0.6124
Schubert,Impromptu_op.90_D.899_3,train,Ko08M,T5,disklavier,0.1538,-0.0591,0.0,2822.0,8539.0,1.2644,0.9346
Schubert,Impromptu_op.90_D.899_3,train,Ko08M,oaf,disklavier,0.6752,-0.0687,0.0,310.0,2152.0,0.3814,1.833
Schubert,Impromptu_op.90_D.899_3,train,Kociuban10M,oaf,maestro,0.0048,0.0747,0.0,486.0,1883.0,0.0307,3.0102
Schubert,Impromptu_op.90_D.899_3,train,Kociuban10M,kong,maestro,0.3797,0.2401,0.0,260.0,1062.0,0.0377,0.1117
Schubert,Impromptu_op.90_D.899_3,train,Kociuban10M,T5,maestro,0.3757,0.2326,0.0,1439.0,3655.0,0.0355,0.0458
Schubert,Impromptu_op.90_D.899_3,train,Kociuban10M,oaf,disklavier,0.3848,-0.0222,0.0,1090.0,4188.0,0.739,1.9145
Schubert,Impromptu_op.90_D.899_3,train,Kociuban10M,T5,disklavier,0.1322,-0.0281,0.0,5893.0,11797.0,0.7443,0.8554
Schubert,Impromptu_op.90_D.899_3,train,Kociuban10M,kong,disklavier,0.3322,-0.0318,0.0,898.0,3812.0,0.4528,0.8959
Schubert,Impromptu_op.90_D.899_3,train,LEE_K04M,oaf,maestro,0.1416,0.1213,0.0,658.0,2719.0,0.0653,2.8681
Schubert,Impromptu_op.90_D.899_3,train,LEE_K04M,kong,maestro,0.4471,0.3373,0.0,662.0,1955.0,0.0914,0.138
Schubert,Impromptu_op.90_D.899_3,train,LEE_K04M,T5,maestro,0.2159,0.1479,0.0,765.0,8740.0,0.1039,0.0774
Schubert,Impromptu_op.90_D.899_3,train,LEE_K04M,T5,disklavier,0.15,-0.0935,0.0,2892.0,12589.0,1.0258,1.4643
Schubert,Impromptu_op.90_D.899_3,train,LEE_K04M,oaf,disklavier,0.502,0.2052,0.0,578.0,2819.0,0.2858,2.3638
Schubert,Impromptu_op.90_D.899_3,train,LEE_K04M,kong,disklavier,0.4735,-0.0901,0.0,517.0,2907.0,0.7435,0.5758
Schubert,Impromptu_op.90_D.899_3,train,LeeSH08M,oaf,maestro,0.087,0.0341,0.0,382.0,1659.0,0.0459,2.5494
Schubert,Impromptu_op.90_D.899_3,train,LeeSH08M,T5,maestro,0.1706,0.0106,0.0,938.0,3104.0,0.0578,0.0942
Schubert,Impromptu_op.90_D.899_3,train,LeeSH08M,kong,maestro,0.1866,0.1357,0.0,530.0,1269.0,0.0342,0.1574
Schubert,Impromptu_op.90_D.899_3,train,LeeSH08M,kong,disklavier,0.5805,-0.0699,0.0,383.0,2243.0,0.3232,0.6246
Schubert,Impromptu_op.90_D.899_3,train,LeeSH08M,oaf,disklavier,0.5825,-0.0874,0.0,342.0,2164.0,0.8375,1.917
Schubert,Impromptu_op.90_D.899_3,train,LeeSH08M,T5,disklavier,0.0523,-0.0535,0.0,4303.0,15470.0,2.742,0.8174
Schubert,Impromptu_op.90_D.899_3,train,Mizumoto07M,kong,maestro,0.3711,0.4144,0.0,298.0,1208.0,0.5332,0.1451
Schubert,Impromptu_op.90_D.899_3,train,Mizumoto07M,oaf,maestro,0.1197,0.1703,0.0,450.0,2061.0,0.5287,3.6928
Schubert,Impromptu_op.90_D.899_3,train,Mizumoto07M,T5,maestro,0.218,0.3519,0.0,1417.0,5518.0,0.3833,0.0523
Schubert,Impromptu_op.90_D.899_3,train,Mizumoto07M,T5,disklavier,0.0947,0.1487,0.0,2156.0,9140.0,1.3233,0.4833
Schubert,Impromptu_op.90_D.899_3,train,Mizumoto07M,kong,disklavier,0.4442,0.1834,0.0,640.0,2935.0,0.8701,0.4523
Schubert,Impromptu_op.90_D.899_3,train,Mizumoto07M,oaf,disklavier,0.6608,0.1461,0.0,551.0,2856.0,0.413,3.1079
Schubert,Impromptu_op.90_D.899_3,train,Woo10M,oaf,maestro,0.0287,0.3255,0.0,452.0,2015.0,0.0918,3.828
Schubert,Impromptu_op.90_D.899_3,train,Woo10M,kong,maestro,0.5738,0.2525,0.0,348.0,1332.0,0.2935,0.1032
Schubert,Impromptu_op.90_D.899_3,train,Woo10M,T5,maestro,0.2076,0.2788,0.0,611.0,4220.0,0.3419,0.0483
Schubert,Impromptu_op.90_D.899_3,train,Woo10M,kong,disklavier,0.6148,-0.0296,0.0,555.0,2650.0,0.691,0.4859
Schubert,Impromptu_op.90_D.899_3,train,Woo10M,oaf,disklavier,0.5049,-0.0039,0.0,595.0,2789.0,1.6064,3.2695
Schubert,Impromptu_op.90_D.899_3,train,Woo10M,T5,disklavier,0.0547,-0.039,0.0,2804.0,7069.0,2.2788,0.5138
Schubert,Impromptu_op.90_D.899_3,train,WuuE10M,oaf,maestro,0.1235,0.3248,0.0,494.0,1933.0,0.0802,2.3737
Schubert,Impromptu_op.90_D.899_3,train,WuuE10M,kong,maestro,0.3617,0.1531,0.0,406.0,1170.0,0.0721,0.1219
Schubert,Impromptu_op.90_D.899_3,train,WuuE10M,T5,maestro,0.3858,0.0133,0.0,586.0,4715.0,0.0499,0.0581
Schubert,Impromptu_op.90_D.899_3,train,WuuE10M,oaf,disklavier,0.4551,0.037,0.0,565.0,2301.0,0.4768,1.6132
Schubert,Impromptu_op.90_D.899_3,train,WuuE10M,T5,disklavier,0.267,0.2417,0.0,3418.0,6983.0,1.3152,0.7515
Schubert,Impromptu_op.90_D.899_3,train,WuuE10M,kong,disklavier,0.4445,0.012,0.0,586.0,2775.0,0.472,0.68
Schubert,Impromptu_op.90_D.899_3,train,ZhangW07M,kong,maestro,0.3682,0.0269,0.0,346.0,1127.0,0.273,0.0982
Schubert,Impromptu_op.90_D.899_3,train,ZhangW07M,oaf,maestro,0.2196,0.3125,0.0,522.0,1828.0,0.1299,2.8787
Schubert,Impromptu_op.90_D.899_3,train,ZhangW07M,T5,maestro,0.2928,0.2105,0.0,598.0,6309.0,0.9323,0.0721
Schubert,Impromptu_op.90_D.899_3,train,ZhangW07M,T5,disklavier,0.09,0.0306,0.0,2443.0,8540.0,1.6201,0.4782
Schubert,Impromptu_op.90_D.899_3,train,ZhangW07M,oaf,disklavier,0.3792,0.0386,0.0,558.0,2869.0,2.3915,2.3945
Schubert,Impromptu_op.90_D.899_3,train,ZhangW07M,kong,disklavier,0.3554,0.0535,0.0,603.0,2925.0,1.9287,0.4309
Schubert,Impromptu_op.90_D.899_3,train,ZhaoK10M,kong,maestro,0.4209,0.3292,0.0,385.0,1182.0,0.0874,0.136
Schubert,Impromptu_op.90_D.899_3,train,ZhaoK10M,T5,maestro,0.1942,0.2166,0.0,188.0,4427.0,0.0358,0.0886
Schubert,Impromptu_op.90_D.899_3,train,ZhaoK10M,oaf,maestro,0.1368,0.1257,0.0,359.0,1628.0,0.3381,2.5951
Schubert,Impromptu_op.90_D.899_3,train,ZhaoK10M,oaf,disklavier,0.357,0.4486,0.0,374.0,2379.0,0.3771,2.0176
Schubert,Impromptu_op.90_D.899_3,train,ZhaoK10M,kong,disklavier,0.3126,0.0753,0.0,391.0,2309.0,0.6818,0.5791
Schubert,Impromptu_op.90_D.899_3,train,ZhaoK10M,T5,disklavier,0.2427,0.0594,0.0,822.0,7594.0,1.3307,0.6292
Scriabin,Sonatas_5,train,FaB05M,T5,maestro,0.2591,0.6383,0.0,5531.0,37555.0,0.0963,0.056
Scriabin,Sonatas_5,train,FaB05M,oaf,maestro,0.2802,0.3993,0.0,4153.0,23583.0,1.9522,5.3022
Scriabin,Sonatas_5,train,FaB05M,kong,maestro,0.3104,0.6533,0.0,2332.0,12472.0,0.1537,0.1821
Scriabin,Sonatas_5,train,FaB05M,kong,disklavier,0.3806,0.4711,0.0,3737.0,25906.0,0.407,0.7259
Scriabin,Sonatas_5,train,FaB05M,T5,disklavier,0.1402,0.4905,0.0,9648.0,47502.0,1.1781,0.6182
Scriabin,Sonatas_5,train,FaB05M,oaf,disklavier,0.372,0.5929,0.0,3749.0,27745.0,1.2204,4.3992
Scriabin,Sonatas_5,train,GarritsonL06M,T5,maestro,0.2308,0.5637,0.0,8315.0,26444.0,0.5798,0.0696
Scriabin,Sonatas_5,train,GarritsonL06M,oaf,maestro,0.4402,0.2382,0.0,2559.0,11197.0,2.3508,5.3565
Scriabin,Sonatas_5,train,GarritsonL06M,kong,maestro,0.7433,0.4614,0.0,1779.0,9015.0,0.2364,0.2255
Scriabin,Sonatas_5,train,GarritsonL06M,T5,disklavier,0.2876,0.4662,0.0,6572.0,35432.0,0.9982,0.5423
Scriabin,Sonatas_5,train,GarritsonL06M,oaf,disklavier,0.6583,0.5638,0.0,2455.0,11431.0,2.2571,4.7576
Scriabin,Sonatas_5,train,GarritsonL06M,kong,disklavier,0.6456,0.475,0.0,2221.0,10761.0,1.1636,0.6673
Scriabin,Sonatas_5,train,Ko07M,T5,maestro,0.5206,0.5936,0.0,2416.0,12728.0,0.0345,0.0555
Scriabin,Sonatas_5,train,Ko07M,oaf,maestro,0.436,0.306,0.0,2155.0,9497.0,1.9634,5.6205
Scriabin,Sonatas_5,train,Ko07M,kong,maestro,0.6594,0.5023,0.0,1799.0,6879.0,0.15,0.2346
Scriabin,Sonatas_5,train,Ko07M,oaf,disklavier,0.705,0.4664,0.0,1928.0,8699.0,1.699,4.7307
Scriabin,Sonatas_5,train,Ko07M,T5,disklavier,0.2247,0.3335,0.0,6782.0,26187.0,0.7352,0.5482
Scriabin,Sonatas_5,train,Ko07M,kong,disklavier,0.6821,0.3394,0.0,2045.0,8093.0,0.5175,0.7502
Scriabin,Sonatas_5,train,Na07M,kong,maestro,0.6095,0.5209,0.0,2326.0,7579.0,0.193,0.2121
Scriabin,Sonatas_5,train,Na07M,oaf,maestro,0.3456,0.2902,0.0,2993.0,10447.0,2.1444,5.5081
Scriabin,Sonatas_5,train,Na07M,T5,maestro,0.1373,0.6122,0.0,6459.0,24532.0,0.1456,0.0649
Scriabin,Sonatas_5,train,Na07M,oaf,disklavier,0.6612,0.5033,0.0,3007.0,12242.0,2.2021,4.4438
Scriabin,Sonatas_5,train,Na07M,T5,disklavier,0.1324,0.4408,0.0,9474.0,41512.0,2.1281,0.624
Scriabin,Sonatas_5,train,Na07M,kong,disklavier,0.647,0.4217,0.0,2883.0,12566.0,0.9171,0.7693
Scriabin,Sonatas_5,train,Yeletskiy07M,T5,maestro,0.0772,0.5613,0.0,6461.0,17514.0,0.1519,0.0475
Scriabin,Sonatas_5,train,Yeletskiy07M,kong,maestro,0.1288,0.4848,0.0,2010.0,7833.0,0.1436,0.2426
Scriabin,Sonatas_5,train,Yeletskiy07M,oaf,maestro,0.3312,0.303,0.0,2844.0,11603.0,1.8603,5.2159
Scriabin,Sonatas_5,train,Yeletskiy07M,kong,disklavier,0.3234,0.4303,0.0,2848.0,14179.0,1.6546,0.7447
Scriabin,Sonatas_5,train,Yeletskiy07M,T5,disklavier,0.5107,0.434,0.0,8365.0,39383.0,1.6223,0.574
Scriabin,Sonatas_5,train,Yeletskiy07M,oaf,disklavier,0.3435,0.5228,0.0,3320.0,14570.0,2.2221,4.5815
Beethoven,Piano_Sonatas_11-1,validation,LiC03M,oaf,maestro,0.3962,0.2427,0.0,632.0,1556.0,1.897,4.2417
Beethoven,Piano_Sonatas_11-1,validation,LiC03M,kong,maestro,0.6344,0.1861,0.0,405.0,864.0,0.0514,0.1088
Beethoven,Piano_Sonatas_11-1,validation,LiC03M,T5,maestro,0.0938,0.5205,0.0,1976.0,5581.0,0.1394,0.101
Beethoven,Piano_Sonatas_11-1,validation,LiC03M,kong,disklavier,0.6256,0.2746,0.0,693.0,1509.0,0.7095,0.8902
Beethoven,Piano_Sonatas_11-1,validation,LiC03M,T5,disklavier,0.4437,0.287,0.0,1068.0,3870.0,1.3149,0.8554
Beethoven,Piano_Sonatas_11-1,validation,LiC03M,oaf,disklavier,0.5646,0.4703,0.0,695.0,1609.0,1.9574,3.4507
Beethoven,Piano_Sonatas_11-1,validation,LiYZ03M,kong,maestro,0.6173,0.4281,0.0,442.0,1486.0,0.0787,0.0789
Beethoven,Piano_Sonatas_11-1,validation,LiYZ03M,T5,maestro,0.2278,0.5751,0.0,2138.0,6233.0,0.1303,0.0727
Beethoven,Piano_Sonatas_11-1,validation,LiYZ03M,oaf,maestro,0.3774,0.125,0.0,711.0,1611.0,1.6782,4.0178
Beethoven,Piano_Sonatas_11-1,validation,LiYZ03M,T5,disklavier,0.0925,0.3266,0.0,4866.0,5991.0,1.0569,0.7436
Beethoven,Piano_Sonatas_11-1,validation,LiYZ03M,kong,disklavier,0.6855,0.3489,0.0,540.0,1547.0,0.9232,0.838
Beethoven,Piano_Sonatas_11-1,validation,LiYZ03M,oaf,disklavier,0.6543,0.5592,0.0,777.0,1837.0,1.2071,3.5112
Beethoven,Piano_Sonatas_11-1,validation,MaximovI02M,oaf,maestro,0.2898,0.1793,0.0,770.0,1756.0,2.2114,4.5465
Beethoven,Piano_Sonatas_11-1,validation,MaximovI02M,kong,maestro,0.5176,0.2541,0.0,511.0,1339.0,0.2121,0.1277
Beethoven,Piano_Sonatas_11-1,validation,MaximovI02M,T5,maestro,0.5098,0.4672,0.0,1661.0,3559.0,0.2375,0.0782
Beethoven,Piano_Sonatas_11-1,validation,MaximovI02M,kong,disklavier,0.6295,0.3077,0.0,530.0,1341.0,0.4522,1.0032
Beethoven,Piano_Sonatas_11-1,validation,MaximovI02M,oaf,disklavier,0.6077,0.5066,0.0,745.0,1532.0,2.1069,4.4046
Beethoven,Piano_Sonatas_11-1,validation,MaximovI02M,T5,disklavier,0.1766,0.3233,0.0,1256.0,6867.0,0.765,0.7329
Beethoven,Piano_Sonatas_11-1,validation,ZhaoK02M,kong,maestro,0.5461,0.3198,0.0,530.0,1078.0,0.2353,0.1068
Beethoven,Piano_Sonatas_11-1,validation,ZhaoK02M,T5,maestro,0.1493,0.4581,0.0,2398.0,5344.0,0.1592,0.0899
Beethoven,Piano_Sonatas_11-1,validation,ZhaoK02M,oaf,maestro,0.2465,0.1344,0.0,795.0,1592.0,2.4467,4.0926
Beethoven,Piano_Sonatas_11-1,validation,ZhaoK02M,oaf,disklavier,0.6183,0.5463,0.0,824.0,2128.0,1.9763,3.3976
Beethoven,Piano_Sonatas_11-1,validation,ZhaoK02M,kong,disklavier,0.6107,0.3127,0.0,657.0,1517.0,1.1816,0.9002
Beethoven,Piano_Sonatas_11-1,validation,ZhaoK02M,T5,disklavier,0.159,0.3156,0.0,2161.0,3971.0,1.468,0.8742
Beethoven,Piano_Sonatas_27-1,validation,GiacomelliN04M,kong,maestro,0.6918,0.4121,0.0,614.0,1638.0,0.6486,0.1948
Beethoven,Piano_Sonatas_27-1,validation,GiacomelliN04M,oaf,maestro,0.4568,0.3076,0.0,900.0,2667.0,1.0386,5.6416
Beethoven,Piano_Sonatas_27-1,validation,GiacomelliN04M,T5,maestro,0.2685,0.5149,0.0,1824.0,6390.0,0.9168,0.0818
Beethoven,Piano_Sonatas_27-1,validation,GiacomelliN04M,oaf,disklavier,0.617,0.6732,0.0,727.0,2331.0,0.751,4.9703
Beethoven,Piano_Sonatas_27-1,validation,GiacomelliN04M,T5,disklavier,0.5645,0.4319,0.0,1366.0,8608.0,2.8219,0.9061
Beethoven,Piano_Sonatas_27-1,validation,GiacomelliN04M,kong,disklavier,0.6717,0.4425,0.0,561.0,1954.0,1.5498,0.9286
Beethoven,Piano_Sonatas_27-1,validation,Ko05M,kong,maestro,0.6862,0.348,0.0,566.0,1653.0,0.2718,0.2407
Beethoven,Piano_Sonatas_27-1,validation,Ko05M,T5,maestro,0.0757,0.4151,0.0,3337.0,5921.0,0.398,0.0577
Beethoven,Piano_Sonatas_27-1,validation,Ko05M,oaf,maestro,0.4306,0.3138,0.0,737.0,2146.0,1.2556,5.607
Beethoven,Piano_Sonatas_27-1,validation,Ko05M,kong,disklavier,0.6863,0.4626,0.0,631.0,1864.0,1.1429,0.6581
Beethoven,Piano_Sonatas_27-1,validation,Ko05M,T5,disklavier,0.3176,0.4587,0.0,1840.0,10629.0,1.6876,0.6249
Beethoven,Piano_Sonatas_27-1,validation,Ko05M,oaf,disklavier,0.6462,0.6722,0.0,757.0,2230.0,0.3938,4.3256
Beethoven,Piano_Sonatas_27-1,validation,MiyashitaM02M,oaf,maestro,0.3359,0.2215,0.0,518.0,1899.0,1.1994,4.8513
Beethoven,Piano_Sonatas_27-1,validation,MiyashitaM02M,T5,maestro,0.2289,0.5728,0.0,1468.0,4734.0,0.1633,0.0371
Beethoven,Piano_Sonatas_27-1,validation,MiyashitaM02M,kong,maestro,0.7446,0.3589,0.0,353.0,1289.0,0.7565,0.2275
Beethoven,Piano_Sonatas_27-1,validation,MiyashitaM02M,kong,disklavier,0.6257,0.4768,0.0,537.0,1894.0,2.1019,0.6658
Beethoven,Piano_Sonatas_27-1,validation,MiyashitaM02M,T5,disklavier,0.2474,0.4832,0.0,2107.0,6715.0,2.896,0.6394
Beethoven,Piano_Sonatas_27-1,validation,MiyashitaM02M,oaf,disklavier,0.6278,0.7273,0.0,561.0,1891.0,1.0464,3.3644
Chopin,Scherzos_20,validation,Kurz04M,T5,maestro,0.1825,0.5324,0.0,3739.0,10430.0,0.2711,0.066
Chopin,Scherzos_20,validation,Kurz04M,oaf,maestro,0.3441,0.3704,0.0,1870.0,5903.0,3.5758,5.6257
Chopin,Scherzos_20,validation,Kurz04M,kong,maestro,0.5091,0.4913,0.0,1091.0,3761.0,0.0406,0.1244
Chopin,Scherzos_20,validation,Kurz04M,T5,disklavier,0.3034,0.4413,0.0,5140.0,16330.0,0.3424,0.4798
Chopin,Scherzos_20,validation,Kurz04M,oaf,disklavier,0.7253,0.6716,0.0,1707.0,6048.0,2.4226,5.0642
Chopin,Scherzos_20,validation,Kurz04M,kong,disklavier,0.6139,0.4505,0.0,1416.0,5199.0,0.4164,0.5361
Chopin,Scherzos_20,validation,ZhangYunling04M,kong,maestro,0.6029,0.4127,0.0,843.0,2648.0,0.0788,0.0831
Chopin,Scherzos_20,validation,ZhangYunling04M,oaf,maestro,0.34,0.3051,0.0,1568.0,4660.0,2.4745,5.2698
Chopin,Scherzos_20,validation,ZhangYunling04M,T5,maestro,0.2847,0.4801,0.0,2218.0,11339.0,0.4401,0.0771
Chopin,Scherzos_20,validation,ZhangYunling04M,oaf,disklavier,0.6808,0.6148,0.0,1514.0,4535.0,1.9784,4.771
Chopin,Scherzos_20,validation,ZhangYunling04M,T5,disklavier,0.4052,0.4861,0.0,2469.0,12526.0,0.7772,0.4773
Chopin,Scherzos_20,validation,ZhangYunling04M,kong,disklavier,0.6881,0.4362,0.0,1170.0,3713.0,0.5013,0.4822
Haydn,Keyboard_Sonatas_39-1,validation,Yarden07M,oaf,maestro,0.3143,0.0628,0.0,314.0,826.0,1.7939,5.0037
Haydn,Keyboard_Sonatas_39-1,validation,Yarden07M,T5,maestro,0.0749,0.4491,0.0,1018.0,1208.0,0.3255,0.0436
Haydn,Keyboard_Sonatas_39-1,validation,Yarden07M,kong,maestro,0.5439,0.3272,0.0,149.0,509.0,0.2245,0.2378
Haydn,Keyboard_Sonatas_39-1,validation,Yarden07M,T5,disklavier,0.2016,0.3105,0.0,576.0,1298.0,0.8985,0.958
Haydn,Keyboard_Sonatas_39-1,validation,Yarden07M,kong,disklavier,0.5663,0.1504,0.0,183.0,568.0,0.8963,1.1226
Haydn,Keyboard_Sonatas_39-1,validation,Yarden07M,oaf,disklavier,0.5592,0.2653,0.0,268.0,628.0,1.2546,3.5534
Haydn,Keyboard_Sonatas_39-3,validation,Yarden07M,kong,maestro,0.4699,0.3443,0.0,304.0,808.0,0.1712,0.1265
Haydn,Keyboard_Sonatas_39-3,validation,Yarden07M,T5,maestro,0.0637,0.44,0.0,1512.0,2571.0,0.2198,0.0955
Haydn,Keyboard_Sonatas_39-3,validation,Yarden07M,oaf,maestro,0.2692,0.1429,0.0,591.0,1290.0,2.352,4.9863
Haydn,Keyboard_Sonatas_39-3,validation,Yarden07M,kong,disklavier,0.3952,0.1862,0.0,533.0,849.0,0.4521,0.3906
Haydn,Keyboard_Sonatas_39-3,validation,Yarden07M,T5,disklavier,0.0223,0.1673,0.0,1034.0,2394.0,0.5526,0.4506
Haydn,Keyboard_Sonatas_39-3,validation,Yarden07M,oaf,disklavier,0.3792,0.261,0.0,589.0,1312.0,1.9209,4.1687
