composer,title,split,performer,model,recording,melody_kor_corr_64,bass_kor_corr_64,ratio_kor_corr_64,melody_kor_corr_127,bass_kor_corr_127,ratio_kor_corr_127
Beethoven,Piano_Sonatas_18-1,test,ChenGuang03M,T5,maestro,0.2195,0.1205,0.1782,0.2195,0.1205,0.1782
Beethoven,Piano_Sonatas_18-1,test,ChenGuang03M,oaf,maestro,0.1641,0.1787,0.2276,0.1641,0.1787,0.2276
Beethoven,Piano_Sonatas_18-1,test,ChenGuang03M,kong,maestro,0.439,0.4466,0.4866,0.4292,0.4482,0.4852
Beethoven,Piano_Sonatas_18-1,test,ChenGuang03M,oaf,disklavier,0.0167,0.1756,0.0662,0.0167,0.1756,0.0662
Beethoven,Piano_Sonatas_18-1,test,ChenGuang03M,T5,disklavier,0.0142,0.0855,0.0302,0.0142,0.0855,0.0302
Beethoven,Piano_Sonatas_18-1,test,ChenGuang03M,kong,disklavier,0.0205,0.2819,0.0581,0.0199,0.2785,0.0575
Beethoven,Piano_Sonatas_18-1,test,KOLESO06M,T5,maestro,0.2202,0.1733,0.1263,0.2202,0.1733,0.1263
Beethoven,Piano_Sonatas_18-1,test,KOLESO06M,oaf,maestro,0.4663,0.1837,0.4192,0.4663,0.1837,0.4192
Beethoven,Piano_Sonatas_18-1,test,KOLESO06M,kong,maestro,0.3889,0.3947,0.4038,0.3883,0.3918,0.4055
Beethoven,Piano_Sonatas_18-1,test,KOLESO06M,T5,disklavier,0.0365,0.1112,-0.0037,0.0365,0.1112,-0.0037
Beethoven,Piano_Sonatas_18-1,test,KOLESO06M,oaf,disklavier,0.1406,0.2347,0.0636,0.1406,0.2347,0.0636
Beethoven,Piano_Sonatas_18-1,test,KOLESO06M,kong,disklavier,0.0924,0.3984,0.0111,0.0907,0.3969,0.0097
Beethoven,Piano_Sonatas_18-1,test,LeungR02M,T5,maestro,0.1558,0.2723,0.1982,0.1558,0.2723,0.1982
Beethoven,Piano_Sonatas_18-1,test,LeungR02M,kong,maestro,0.5701,0.7671,0.569,0.5683,0.7667,0.5691
Beethoven,Piano_Sonatas_18-1,test,LeungR02M,oaf,maestro,0.1783,0.2688,0.2412,0.1783,0.2688,0.2412
Beethoven,Piano_Sonatas_18-1,test,LeungR02M,T5,disklavier,-0.0115,0.1337,0.0264,-0.0115,0.1337,0.0264
Beethoven,Piano_Sonatas_18-1,test,LeungR02M,oaf,disklavier,0.0414,0.333,0.0213,0.0414,0.333,0.0213
Beethoven,Piano_Sonatas_18-1,test,LeungR02M,kong,disklavier,0.0279,0.4958,0.0535,0.0271,0.4918,0.0522
Beethoven,Piano_Sonatas_18-1,test,Levitsky05M,T5,maestro,0.1844,0.2446,0.1596,0.1844,0.2446,0.1596
Beethoven,Piano_Sonatas_18-1,test,Levitsky05M,oaf,maestro,0.2892,0.0899,0.2355,0.2892,0.0899,0.2355
Beethoven,Piano_Sonatas_18-1,test,Levitsky05M,kong,maestro,0.4602,0.2233,0.4361,0.46,0.2217,0.4363
Beethoven,Piano_Sonatas_18-1,test,Levitsky05M,T5,disklavier,0.0897,0.0451,0.0375,0.0897,0.0451,0.0375
Beethoven,Piano_Sonatas_18-1,test,Levitsky05M,kong,disklavier,0.1154,0.1298,0.0393,0.1146,0.1178,0.039
Beethoven,Piano_Sonatas_18-1,test,Levitsky05M,oaf,disklavier,0.1357,0.0785,0.0583,0.1357,0.0785,0.0583
Beethoven,Piano_Sonatas_18-1,test,ZhangH05M,oaf,maestro,0.3453,0.091,0.2899,0.3453,0.091,0.2899
Beethoven,Piano_Sonatas_18-1,test,ZhangH05M,T5,maestro,0.1628,0.1493,0.1457,0.1628,0.1493,0.1457
Beethoven,Piano_Sonatas_18-1,test,ZhangH05M,kong,maestro,0.4156,0.2493,0.449,0.4153,0.2489,0.4491
Beethoven,Piano_Sonatas_18-1,test,ZhangH05M,oaf,disklavier,0.0756,0.2233,0.1067,0.0756,0.2233,0.1067
Beethoven,Piano_Sonatas_18-1,test,ZhangH05M,T5,disklavier,0.0213,0.1825,0.0073,0.0213,0.1825,0.0073
Beethoven,Piano_Sonatas_18-1,test,ZhangH05M,kong,disklavier,0.0962,0.3196,0.0888,0.096,0.3131,0.0882
Beethoven,Piano_Sonatas_18-4,test,ChenGuang06M,kong,maestro,0.7085,0.686,0.7265,0.7116,0.6871,0.732
Beethoven,Piano_Sonatas_18-4,test,ChenGuang06M,T5,maestro,0.3288,0.4666,0.4847,0.3288,0.4666,0.4847
Beethoven,Piano_Sonatas_18-4,test,ChenGuang06M,oaf,maestro,0.7136,0.4851,0.7609,0.7136,0.4851,0.7609
Beethoven,Piano_Sonatas_18-4,test,ChenGuang06M,T5,disklavier,0.107,0.0686,0.1427,0.107,0.0686,0.1427
Beethoven,Piano_Sonatas_18-4,test,ChenGuang06M,oaf,disklavier,0.2456,0.2946,0.1885,0.2456,0.2946,0.1885
Beethoven,Piano_Sonatas_18-4,test,ChenGuang06M,kong,disklavier,0.3015,0.3467,0.1138,0.2121,0.3407,0.0943
Beethoven,Piano_Sonatas_18-4,test,KOLESO06M,oaf,maestro,0.4707,0.3936,0.3154,0.4707,0.3936,0.3154
Beethoven,Piano_Sonatas_18-4,test,KOLESO06M,kong,maestro,0.7333,0.6491,0.2003,0.7365,0.6509,0.2069
Beethoven,Piano_Sonatas_18-4,test,KOLESO06M,T5,maestro,0.2697,0.3014,0.1642,0.2697,0.3014,0.1642
Beethoven,Piano_Sonatas_18-4,test,KOLESO06M,oaf,disklavier,0.1775,0.3453,0.0475,0.1775,0.3453,0.0475
Beethoven,Piano_Sonatas_18-4,test,KOLESO06M,kong,disklavier,0.3336,0.3334,0.121,0.3137,0.333,0.1226
Beethoven,Piano_Sonatas_18-4,test,KOLESO06M,T5,disklavier,0.0996,0.0861,0.0385,0.0996,0.0861,0.0385
Chopin,Polonaises_53,test,Chon08M,T5,maestro,0.3004,0.2116,0.2671,0.3004,0.2116,0.2671
Chopin,Polonaises_53,test,Chon08M,kong,maestro,0.4361,0.5873,0.3516,0.4427,0.5833,0.347
Chopin,Polonaises_53,test,Chon08M,oaf,maestro,0.2996,0.2954,0.202,0.2996,0.2954,0.202
Chopin,Polonaises_53,test,Chon08M,kong,disklavier,0.1347,0.0987,0.0486,0.1332,0.094,0.0473
Chopin,Polonaises_53,test,Chon08M,T5,disklavier,0.0197,0.02,0.0087,0.0197,0.02,0.0087
Chopin,Polonaises_53,test,Chon08M,oaf,disklavier,0.1103,0.0943,0.0829,0.1103,0.0943,0.0829
Chopin,Polonaises_53,test,YeF11M,oaf,maestro,0.2828,0.1762,0.2108,0.2828,0.1762,0.2108
Chopin,Polonaises_53,test,YeF11M,T5,maestro,0.148,0.3028,0.1024,0.148,0.3028,0.1024
Chopin,Polonaises_53,test,YeF11M,kong,maestro,0.4523,0.6011,0.3391,0.4409,0.5825,0.322
Chopin,Polonaises_53,test,YeF11M,T5,disklavier,0.0108,0.2621,0.0099,0.0108,0.2621,0.0099
Chopin,Polonaises_53,test,YeF11M,oaf,disklavier,0.0882,0.1005,0.0916,0.0882,0.1005,0.0916
Chopin,Polonaises_53,test,YeF11M,kong,disklavier,0.103,0.251,0.079,0.1035,0.2549,0.078
Chopin,Sonata_2_4th,test,KaszoS16M,kong,maestro,0.6795,0.477,0.3739,0.6804,0.5,0.3712
Chopin,Sonata_2_4th,test,KaszoS16M,oaf,maestro,0.6832,0.2695,0.3569,0.6832,0.2695,0.3569
Chopin,Sonata_2_4th,test,KaszoS16M,T5,maestro,0.6464,0.3577,0.3694,0.6464,0.3577,0.3694
Chopin,Sonata_2_4th,test,KaszoS16M,oaf,disklavier,0.301,0.0948,0.2074,0.301,0.0948,0.2074
Chopin,Sonata_2_4th,test,KaszoS16M,T5,disklavier,0.27,0.0394,0.1603,0.27,0.0394,0.1603
Chopin,Sonata_2_4th,test,KaszoS16M,kong,disklavier,0.3865,0.1361,0.2188,0.4021,0.1532,0.2279
Debussy,Pour_le_Piano_1,test,MunA12M,kong,maestro,0.8109,0.6982,0.7643,0.7568,0.6336,0.7046
Debussy,Pour_le_Piano_1,test,MunA12M,T5,maestro,0.6849,0.4246,0.6441,0.6849,0.4246,0.6441
Debussy,Pour_le_Piano_1,test,MunA12M,oaf,maestro,0.7608,0.694,0.726,0.7608,0.694,0.726
Debussy,Pour_le_Piano_1,test,MunA12M,T5,disklavier,0.1758,0.0396,0.1637,0.1758,0.0396,0.1637
Debussy,Pour_le_Piano_1,test,MunA12M,oaf,disklavier,0.2755,0.0253,0.1661,0.2755,0.0253,0.1661
Debussy,Pour_le_Piano_1,test,MunA12M,kong,disklavier,0.207,0.0909,0.1789,0.2111,0.1331,0.1691
Liszt,Transcendental_Etudes_10,test,LeungM06M,oaf,maestro,0.3943,0.3309,0.2519,0.3943,0.3309,0.2519
Liszt,Transcendental_Etudes_10,test,LeungM06M,T5,maestro,0.2309,0.2077,0.1379,0.2309,0.2077,0.1379
Liszt,Transcendental_Etudes_10,test,LeungM06M,kong,maestro,0.5548,0.5805,0.3962,0.5565,0.5733,0.4025
Liszt,Transcendental_Etudes_10,test,LeungM06M,T5,disklavier,0.106,0.0602,0.1295,0.106,0.0602,0.1295
Liszt,Transcendental_Etudes_10,test,LeungM06M,oaf,disklavier,0.2046,0.2074,0.1352,0.2046,0.2074,0.1352
Liszt,Transcendental_Etudes_10,test,LeungM06M,kong,disklavier,0.2186,0.2448,0.12,0.2296,0.2506,0.2034
Liszt,Transcendental_Etudes_11,test,Huang18M,T5,maestro,0.3557,0.2139,0.4695,0.3557,0.2139,0.4695
Liszt,Transcendental_Etudes_11,test,Huang18M,kong,maestro,0.5478,0.5341,0.6115,0.4931,0.5134,0.5438
Liszt,Transcendental_Etudes_11,test,Huang18M,oaf,maestro,0.4003,0.199,0.497,0.4003,0.199,0.497
Liszt,Transcendental_Etudes_11,test,Huang18M,kong,disklavier,0.145,0.1793,0.2221,0.1097,0.1678,0.17
Liszt,Transcendental_Etudes_11,test,Huang18M,T5,disklavier,0.047,0.0125,0.0753,0.047,0.0125,0.0753
Liszt,Transcendental_Etudes_11,test,Huang18M,oaf,disklavier,0.0601,0.1396,0.1394,0.0601,0.1396,0.1394
Rachmaninoff,Preludes_op_23_6,test,Nikiforov14M,oaf,maestro,0.4859,0.2088,0.5664,0.4859,0.2088,0.5664
Rachmaninoff,Preludes_op_23_6,test,Nikiforov14M,T5,maestro,0.2542,0.2501,0.3959,0.2542,0.2501,0.3959
Rachmaninoff,Preludes_op_23_6,test,Nikiforov14M,kong,maestro,0.5605,0.3619,0.5487,0.5491,0.2449,0.5099
Rachmaninoff,Preludes_op_23_6,test,Nikiforov14M,oaf,disklavier,0.0598,0.0534,0.1052,0.0598,0.0534,0.1052
Rachmaninoff,Preludes_op_23_6,test,Nikiforov14M,kong,disklavier,0.109,0.1634,0.1744,0.1081,0.1572,0.1736
Rachmaninoff,Preludes_op_23_6,test,Nikiforov14M,T5,disklavier,0.0193,0.0064,0.0153,0.0193,0.0064,0.0153
Schubert,Impromptu_op.90_D.899_4,test,Huang10M,kong,maestro,0.4123,0.3117,0.419,0.4412,0.3249,0.45
Schubert,Impromptu_op.90_D.899_4,test,Huang10M,T5,maestro,0.1573,0.1251,0.1791,0.1573,0.1251,0.1791
Schubert,Impromptu_op.90_D.899_4,test,Huang10M,oaf,maestro,0.2362,0.0758,0.2464,0.2362,0.0758,0.2464
Schubert,Impromptu_op.90_D.899_4,test,Huang10M,kong,disklavier,0.0096,-0.0073,0.0325,0.0081,-0.0073,0.0321
Schubert,Impromptu_op.90_D.899_4,test,Huang10M,T5,disklavier,0.044,0.0025,0.0593,0.044,0.0025,0.0593
Schubert,Impromptu_op.90_D.899_4,test,Huang10M,oaf,disklavier,0.0117,0.0123,0.032,0.0117,0.0123,0.032
Schubert,Impromptu_op.90_D.899_4,test,Lin11M,T5,maestro,0.2759,0.1404,0.3356,0.2759,0.1404,0.3356
Schubert,Impromptu_op.90_D.899_4,test,Lin11M,oaf,maestro,0.5093,0.085,0.609,0.5093,0.085,0.609
Schubert,Impromptu_op.90_D.899_4,test,Lin11M,kong,maestro,0.5222,0.3523,0.5376,0.5172,0.3612,0.5354
Schubert,Impromptu_op.90_D.899_4,test,Lin11M,kong,disklavier,-0.0,0.0624,-0.0362,-0.0021,0.0648,-0.0398
Schubert,Impromptu_op.90_D.899_4,test,Lin11M,T5,disklavier,0.0129,0.0165,-0.0166,0.0129,0.0165,-0.0166
Schubert,Impromptu_op.90_D.899_4,test,Lin11M,oaf,disklavier,0.0017,0.0486,-0.0315,0.0017,0.0486,-0.0315
Schubert,Impromptu_op.90_D.899_4,test,LuoJ09M,T5,maestro,0.3048,0.0995,0.3549,0.3048,0.0995,0.3549
Schubert,Impromptu_op.90_D.899_4,test,LuoJ09M,oaf,maestro,0.6317,0.1112,0.6844,0.6317,0.1112,0.6844
Schubert,Impromptu_op.90_D.899_4,test,LuoJ09M,kong,maestro,0.7928,0.4668,0.8033,0.79,0.4785,0.7993
Schubert,Impromptu_op.90_D.899_4,test,LuoJ09M,oaf,disklavier,0.0083,0.0481,0.0014,0.0083,0.0481,0.0014
Schubert,Impromptu_op.90_D.899_4,test,LuoJ09M,kong,disklavier,0.0194,0.1016,0.0034,0.0204,0.0961,0.0063
Schubert,Impromptu_op.90_D.899_4,test,LuoJ09M,T5,disklavier,-0.0135,0.0142,-0.0178,-0.0135,0.0142,-0.0178
Schubert,Impromptu_op.90_D.899_4,test,WongWY08M,oaf,maestro,0.5149,0.0909,0.5579,0.5149,0.0909,0.5579
Schubert,Impromptu_op.90_D.899_4,test,WongWY08M,T5,maestro,0.2549,0.3038,0.3104,0.2549,0.3038,0.3104
Schubert,Impromptu_op.90_D.899_4,test,WongWY08M,kong,maestro,0.6418,0.6143,0.6279,0.6353,0.6447,0.6146
Schubert,Impromptu_op.90_D.899_4,test,WongWY08M,kong,disklavier,-0.0324,0.1082,-0.0121,-0.0339,0.1036,-0.0139
Schubert,Impromptu_op.90_D.899_4,test,WongWY08M,oaf,disklavier,-0.0247,0.0461,-0.0084,-0.0247,0.0461,-0.0084
Schubert,Impromptu_op.90_D.899_4,test,WongWY08M,T5,disklavier,-0.0247,0.0163,-0.0065,-0.0247,0.0163,-0.0065
Schubert,Piano_Sonatas_664-1,test,BuiJL06M,T5,maestro,0.3032,0.1958,0.3089,0.3032,0.1958,0.3089
Schubert,Piano_Sonatas_664-1,test,BuiJL06M,kong,maestro,0.4518,0.4042,0.4366,0.4544,0.4007,0.4377
Schubert,Piano_Sonatas_664-1,test,BuiJL06M,oaf,maestro,0.3136,0.1112,0.3467,0.3136,0.1112,0.3467
Schubert,Piano_Sonatas_664-1,test,BuiJL06M,kong,disklavier,0.0473,0.0517,0.1214,0.0415,0.0528,0.1058
Schubert,Piano_Sonatas_664-1,test,BuiJL06M,T5,disklavier,0.0501,0.0181,0.0894,0.0501,0.0181,0.0894
Schubert,Piano_Sonatas_664-1,test,BuiJL06M,oaf,disklavier,0.0359,0.0535,0.0735,0.0359,0.0535,0.0735
Schubert,Piano_Sonatas_664-1,test,KabuliL10M,kong,maestro,0.5584,0.4545,0.5255,0.5786,0.455,0.5377
Schubert,Piano_Sonatas_664-1,test,KabuliL10M,oaf,maestro,0.2791,0.1557,0.3353,0.2791,0.1557,0.3353
Schubert,Piano_Sonatas_664-1,test,KabuliL10M,T5,maestro,0.1886,0.1252,0.2391,0.1886,0.1252,0.2391
Schubert,Piano_Sonatas_664-1,test,KabuliL10M,oaf,disklavier,0.0216,0.0992,0.0574,0.0216,0.0992,0.0574
Schubert,Piano_Sonatas_664-1,test,KabuliL10M,kong,disklavier,0.0006,0.0879,0.0594,-0.0005,0.0799,0.0624
Schubert,Piano_Sonatas_664-1,test,KabuliL10M,T5,disklavier,0.0169,0.0229,0.0597,0.0169,0.0229,0.0597
Bach,Fugue_bwv_848,train,Denisova06M,oaf,maestro,0.5616,0.6509,0.587,0.5616,0.6509,0.587
Bach,Fugue_bwv_848,train,Denisova06M,kong,maestro,0.6273,0.8521,0.7182,0.6273,0.8499,0.7215
Bach,Fugue_bwv_848,train,Denisova06M,T5,maestro,0.1289,0.2773,0.1878,0.1289,0.2773,0.1878
Bach,Fugue_bwv_848,train,Denisova06M,kong,disklavier,0.0341,0.3504,0.2905,0.0341,0.353,0.2868
Bach,Fugue_bwv_848,train,Denisova06M,oaf,disklavier,0.0355,0.3547,0.2869,0.0355,0.3547,0.2869
Bach,Fugue_bwv_848,train,Denisova06M,T5,disklavier,-0.0296,0.0565,0.2104,-0.0296,0.0565,0.2104
Bach,Fugue_bwv_848,train,Lin04M,T5,maestro,0.1815,0.6672,0.206,0.1815,0.6672,0.206
Bach,Fugue_bwv_848,train,Lin04M,kong,maestro,0.6458,0.6905,0.6902,0.6459,0.6902,0.6902
Bach,Fugue_bwv_848,train,Lin04M,oaf,maestro,0.4356,0.1796,0.585,0.4356,0.1796,0.585
Bach,Fugue_bwv_848,train,Lin04M,kong,disklavier,0.1167,0.2926,0.2709,0.1175,0.2926,0.2718
Bach,Fugue_bwv_848,train,Lin04M,oaf,disklavier,0.1715,0.2838,0.279,0.1715,0.2838,0.279
Bach,Fugue_bwv_848,train,Lin04M,T5,disklavier,0.0032,0.1173,0.0465,0.0032,0.1173,0.0465
Bach,Fugue_bwv_848,train,Lou01M,kong,maestro,0.6319,0.8402,0.6944,0.6319,0.8412,0.694
Bach,Fugue_bwv_848,train,Lou01M,oaf,maestro,0.4959,0.6123,0.5371,0.4959,0.6123,0.5371
Bach,Fugue_bwv_848,train,Lou01M,T5,maestro,0.2057,0.3573,0.2135,0.2057,0.3573,0.2135
Bach,Fugue_bwv_848,train,Lou01M,T5,disklavier,0.0031,0.0748,0.0181,0.0031,0.0748,0.0181
Bach,Fugue_bwv_848,train,Lou01M,oaf,disklavier,0.0055,0.26,0.2093,0.0055,0.26,0.2093
Bach,Fugue_bwv_848,train,Lou01M,kong,disklavier,0.0006,0.2885,0.233,0.0014,0.2893,0.2327
Bach,Fugue_bwv_848,train,MiyashitaM01M,kong,maestro,0.9533,0.9073,0.9804,0.9533,0.9075,0.9804
Bach,Fugue_bwv_848,train,MiyashitaM01M,oaf,maestro,0.9357,0.7057,0.9651,0.9357,0.7057,0.9651
Bach,Fugue_bwv_848,train,MiyashitaM01M,T5,maestro,0.322,0.4049,0.5596,0.322,0.4049,0.5596
Bach,Fugue_bwv_848,train,MiyashitaM01M,T5,disklavier,0.0269,0.0089,0.0397,0.0269,0.0089,0.0397
Bach,Fugue_bwv_848,train,MiyashitaM01M,oaf,disklavier,0.1644,0.3972,0.3896,0.1644,0.3972,0.3896
Bach,Fugue_bwv_848,train,MiyashitaM01M,kong,disklavier,0.1885,0.3907,0.43,0.1885,0.3923,0.4298
Bach,Fugue_bwv_848,train,Mizumoto03M,T5,maestro,0.2197,0.8101,0.2651,0.2197,0.8101,0.2651
Bach,Fugue_bwv_848,train,Mizumoto03M,oaf,maestro,0.5962,0.7082,0.7301,0.5962,0.7082,0.7301
Bach,Fugue_bwv_848,train,Mizumoto03M,kong,maestro,0.6738,0.8505,0.7438,0.6751,0.8505,0.744
Bach,Fugue_bwv_848,train,Mizumoto03M,T5,disklavier,-0.0147,0.2511,0.0918,-0.0147,0.2511,0.0918
Bach,Fugue_bwv_848,train,Mizumoto03M,kong,disklavier,0.1525,0.4043,0.4336,0.1526,0.4062,0.4329
Bach,Fugue_bwv_848,train,Mizumoto03M,oaf,disklavier,0.157,0.4171,0.4449,0.157,0.4171,0.4449
Bach,Fugue_bwv_848,train,SunY01M,oaf,maestro,0.5532,0.595,0.5003,0.5532,0.595,0.5003
Bach,Fugue_bwv_848,train,SunY01M,kong,maestro,0.6983,0.7859,0.7353,0.6973,0.7862,0.735
Bach,Fugue_bwv_848,train,SunY01M,T5,maestro,0.1692,0.3955,0.2069,0.1692,0.3955,0.2069
Bach,Fugue_bwv_848,train,SunY01M,T5,disklavier,0.0832,0.1297,0.2298,0.0832,0.1297,0.2298
Bach,Fugue_bwv_848,train,SunY01M,oaf,disklavier,0.0968,0.3239,0.2394,0.0968,0.3239,0.2394
Bach,Fugue_bwv_848,train,SunY01M,kong,disklavier,0.0985,0.3599,0.2675,0.0973,0.3601,0.2707
Bach,Fugue_bwv_848,train,Zhou01M,kong,maestro,0.8047,0.7987,0.8467,0.8047,0.7987,0.8467
Bach,Fugue_bwv_848,train,Zhou01M,T5,maestro,0.1896,0.1235,0.2789,0.1896,0.1235,0.2789
Bach,Fugue_bwv_848,train,Zhou01M,oaf,maestro,0.7954,0.7462,0.8534,0.7954,0.7462,0.8534
Bach,Fugue_bwv_848,train,Zhou01M,T5,disklavier,0.0074,0.0494,0.038,0.0074,0.0494,0.038
Bach,Fugue_bwv_848,train,Zhou01M,oaf,disklavier,0.1899,0.2322,0.1205,0.1899,0.2322,0.1205
Bach,Fugue_bwv_848,train,Zhou01M,kong,disklavier,0.2465,0.2532,0.1412,0.2465,0.2533,0.1412
Beethoven,Piano_Sonatas_21-1,train,GonzalezJ06M,T5,maestro,0.3164,0.4816,0.3174,0.3164,0.4816,0.3174
Beethoven,Piano_Sonatas_21-1,train,GonzalezJ06M,kong,maestro,0.6834,0.8051,0.7236,0.6742,0.8054,0.7216
Beethoven,Piano_Sonatas_21-1,train,GonzalezJ06M,oaf,maestro,0.407,0.3473,0.643,0.407,0.3473,0.643
Beethoven,Piano_Sonatas_21-1,train,GonzalezJ06M,oaf,disklavier,0.2684,0.0279,0.2861,0.2684,0.0279,0.2861
Beethoven,Piano_Sonatas_21-1,train,GonzalezJ06M,T5,disklavier,0.1106,0.024,0.0887,0.1106,0.024,0.0887
Beethoven,Piano_Sonatas_21-1,train,GonzalezJ06M,kong,disklavier,0.2596,0.0009,0.2604,0.2767,-0.0002,0.2735
Beethoven,Piano_Sonatas_21-1,train,KimSY02M,T5,maestro,0.3213,0.3561,0.2177,0.3213,0.3561,0.2177
Beethoven,Piano_Sonatas_21-1,train,KimSY02M,kong,maestro,0.7302,0.5609,0.6296,0.7276,0.5606,0.6292
Beethoven,Piano_Sonatas_21-1,train,KimSY02M,oaf,maestro,0.3916,0.2873,0.4591,0.3916,0.2873,0.4591
Beethoven,Piano_Sonatas_21-1,train,KimSY02M,T5,disklavier,0.1641,0.0917,0.1204,0.1641,0.0917,0.1204
Beethoven,Piano_Sonatas_21-1,train,KimSY02M,oaf,disklavier,0.2739,0.1357,0.2788,0.2739,0.1357,0.2788
Beethoven,Piano_Sonatas_21-1,train,KimSY02M,kong,disklavier,0.2885,0.0737,0.2695,0.3081,0.0755,0.2726
Beethoven,Piano_Sonatas_21-1,train,LeeN02M,T5,maestro,0.1878,0.3532,0.2332,0.1878,0.3532,0.2332
Beethoven,Piano_Sonatas_21-1,train,LeeN02M,oaf,maestro,0.4975,0.3167,0.5315,0.4975,0.3167,0.5315
Beethoven,Piano_Sonatas_21-1,train,LeeN02M,kong,maestro,0.6884,0.8244,0.6409,0.6919,0.8241,0.6448
Beethoven,Piano_Sonatas_21-1,train,LeeN02M,kong,disklavier,0.2803,0.1132,0.2125,0.2718,0.1109,0.2038
Beethoven,Piano_Sonatas_21-1,train,LeeN02M,T5,disklavier,0.1431,0.0313,0.081,0.1431,0.0313,0.081
Beethoven,Piano_Sonatas_21-1,train,LeeN02M,oaf,disklavier,0.2324,0.1531,0.182,0.2324,0.1531,0.182
Beethoven,Piano_Sonatas_21-1,train,RichardsonC02M,kong,maestro,0.6295,0.7637,0.6091,0.6321,0.764,0.6127
Beethoven,Piano_Sonatas_21-1,train,RichardsonC02M,oaf,maestro,0.4127,0.3085,0.357,0.4127,0.3085,0.357
Beethoven,Piano_Sonatas_21-1,train,RichardsonC02M,T5,maestro,0.244,0.4721,0.2218,0.244,0.4721,0.2218
Beethoven,Piano_Sonatas_21-1,train,RichardsonC02M,oaf,disklavier,0.2491,0.134,0.2172,0.2491,0.134,0.2172
Beethoven,Piano_Sonatas_21-1,train,RichardsonC02M,T5,disklavier,0.1211,0.031,0.099,0.1211,0.031,0.099
Beethoven,Piano_Sonatas_21-1,train,RichardsonC02M,kong,disklavier,0.2403,0.0894,0.2061,0.2738,0.0891,0.2207
Beethoven,Piano_Sonatas_21-1,train,Shychko02M,T5,maestro,0.4539,0.3215,0.3694,0.4539,0.3215,0.3694
Beethoven,Piano_Sonatas_21-1,train,Shychko02M,oaf,maestro,0.6379,0.2827,0.6363,0.6379,0.2827,0.6363
Beethoven,Piano_Sonatas_21-1,train,Shychko02M,kong,maestro,0.774,0.6621,0.693,0.776,0.6585,0.6958
Beethoven,Piano_Sonatas_21-1,train,Shychko02M,oaf,disklavier,0.2154,0.1535,0.2134,0.2154,0.1535,0.2134
Beethoven,Piano_Sonatas_21-1,train,Shychko02M,T5,disklavier,0.0555,0.019,0.0516,0.0555,0.019,0.0516
Beethoven,Piano_Sonatas_21-1,train,Shychko02M,kong,disklavier,0.2238,0.1035,0.2097,0.2414,0.104,0.21
Beethoven,Piano_Sonatas_21-1,train,Sladek02M,T5,maestro,0.2556,0.5945,0.2394,0.2556,0.5945,0.2394
Beethoven,Piano_Sonatas_21-1,train,Sladek02M,oaf,maestro,0.3992,0.4879,0.4142,0.3992,0.4879,0.4142
Beethoven,Piano_Sonatas_21-1,train,Sladek02M,kong,maestro,0.6693,0.8271,0.6986,0.6969,0.827,0.7001
Beethoven,Piano_Sonatas_21-1,train,Sladek02M,oaf,disklavier,0.2819,0.0869,0.2246,0.2819,0.0869,0.2246
Beethoven,Piano_Sonatas_21-1,train,Sladek02M,kong,disklavier,0.3002,0.0807,0.2039,0.2988,0.0779,0.2001
Beethoven,Piano_Sonatas_21-1,train,Sladek02M,T5,disklavier,0.1395,0.0269,0.1074,0.1395,0.0269,0.1074
Beethoven,Piano_Sonatas_21-1,train,Song03M,kong,maestro,0.6218,0.893,0.614,0.6295,0.8942,0.6148
Beethoven,Piano_Sonatas_21-1,train,Song03M,oaf,maestro,0.3311,0.3349,0.4205,0.3311,0.3349,0.4205
Beethoven,Piano_Sonatas_21-1,train,Song03M,T5,maestro,0.3338,0.4338,0.3061,0.3338,0.4338,0.3061
Beethoven,Piano_Sonatas_21-1,train,Song03M,kong,disklavier,0.2683,0.0836,0.3327,0.2687,0.0813,0.3144
Beethoven,Piano_Sonatas_21-1,train,Song03M,T5,disklavier,0.0685,0.0157,0.0607,0.0685,0.0157,0.0607
Beethoven,Piano_Sonatas_21-1,train,Song03M,oaf,disklavier,0.2187,0.1275,0.2478,0.2187,0.1275,0.2478
Beethoven,Piano_Sonatas_21-1,train,SunY02M,T5,maestro,0.2311,0.4906,0.1999,0.2311,0.4906,0.1999
Beethoven,Piano_Sonatas_21-1,train,SunY02M,kong,maestro,0.6849,0.8436,0.7258,0.6859,0.8437,0.7295
Beethoven,Piano_Sonatas_21-1,train,SunY02M,oaf,maestro,0.4633,0.4613,0.4527,0.4633,0.4613,0.4527
Beethoven,Piano_Sonatas_21-1,train,SunY02M,kong,disklavier,0.2847,0.0607,0.3027,0.2798,0.0594,0.2962
Beethoven,Piano_Sonatas_21-1,train,SunY02M,T5,disklavier,0.074,0.0052,0.0801,0.074,0.0052,0.0801
Beethoven,Piano_Sonatas_21-1,train,SunY02M,oaf,disklavier,0.2955,0.0765,0.2703,0.2955,0.0765,0.2703
Beethoven,Piano_Sonatas_21-1,train,Tetzloff05M,oaf,maestro,0.4082,0.3474,0.427,0.4082,0.3474,0.427
Beethoven,Piano_Sonatas_21-1,train,Tetzloff05M,T5,maestro,0.4077,0.476,0.3724,0.4077,0.476,0.3724
Beethoven,Piano_Sonatas_21-1,train,Tetzloff05M,kong,maestro,0.6788,0.7527,0.6581,0.6849,0.7625,0.6647
Beethoven,Piano_Sonatas_21-1,train,Tetzloff05M,kong,disklavier,0.2753,0.0495,0.2407,0.2731,0.0505,0.2404
Beethoven,Piano_Sonatas_21-1,train,Tetzloff05M,T5,disklavier,0.1001,0.0169,0.0371,0.1001,0.0169,0.0371
Beethoven,Piano_Sonatas_21-1,train,Tetzloff05M,oaf,disklavier,0.268,0.0825,0.2299,0.268,0.0825,0.2299
Beethoven,Piano_Sonatas_21-1,train,ToA02M,oaf,maestro,0.4023,0.3668,0.5568,0.4023,0.3668,0.5568
Beethoven,Piano_Sonatas_21-1,train,ToA02M,T5,maestro,0.4102,0.3181,0.3849,0.4102,0.3181,0.3849
Beethoven,Piano_Sonatas_21-1,train,ToA02M,kong,maestro,0.6972,0.7756,0.6885,0.7008,0.7735,0.6962
Beethoven,Piano_Sonatas_21-1,train,ToA02M,T5,disklavier,0.0931,-0.0013,0.0586,0.0931,-0.0013,0.0586
Beethoven,Piano_Sonatas_21-1,train,ToA02M,oaf,disklavier,0.2891,0.0527,0.2184,0.2891,0.0527,0.2184
Beethoven,Piano_Sonatas_21-1,train,ToA02M,kong,disklavier,0.3325,0.0639,0.2677,0.3276,0.0519,0.2638
Beethoven,Piano_Sonatas_21-1,train,TongB03M,oaf,maestro,0.5651,0.254,0.4886,0.5651,0.254,0.4886
Beethoven,Piano_Sonatas_21-1,train,TongB03M,T5,maestro,0.2489,0.4422,0.2135,0.2489,0.4422,0.2135
Beethoven,Piano_Sonatas_21-1,train,TongB03M,kong,maestro,0.8083,0.5884,0.7219,0.7675,0.5899,0.7262
Beethoven,Piano_Sonatas_21-1,train,TongB03M,kong,disklavier,0.2354,0.1122,0.1429,0.2332,0.1109,0.1591
Beethoven,Piano_Sonatas_21-1,train,TongB03M,T5,disklavier,0.1271,0.0553,0.0814,0.1271,0.0553,0.0814
Beethoven,Piano_Sonatas_21-1,train,TongB03M,oaf,disklavier,0.21,0.0879,0.133,0.21,0.0879,0.133
Beethoven,Piano_Sonatas_21-1,train,WangA02M,T5,maestro,0.3986,0.4157,0.3882,0.3986,0.4157,0.3882
Beethoven,Piano_Sonatas_21-1,train,WangA02M,kong,maestro,0.7302,0.7811,0.6939,0.7307,0.8048,0.6952
Beethoven,Piano_Sonatas_21-1,train,WangA02M,oaf,maestro,0.4978,0.3121,0.6165,0.4978,0.3121,0.6165
Beethoven,Piano_Sonatas_21-1,train,WangA02M,T5,disklavier,0.0888,0.0147,0.0574,0.0888,0.0147,0.0574
Beethoven,Piano_Sonatas_21-1,train,WangA02M,oaf,disklavier,0.2303,0.0774,0.1699,0.2303,0.0774,0.1699
Beethoven,Piano_Sonatas_21-1,train,WangA02M,kong,disklavier,0.2118,0.0397,0.1622,0.2575,0.0388,0.1772
Beethoven,Piano_Sonatas_21-1,train,YeZ02M,T5,maestro,0.3699,0.7159,0.364,0.3699,0.7159,0.364
Beethoven,Piano_Sonatas_21-1,train,YeZ02M,oaf,maestro,0.514,0.2926,0.5011,0.514,0.2926,0.5011
Beethoven,Piano_Sonatas_21-1,train,YeZ02M,kong,maestro,0.7427,0.8477,0.7742,0.7292,0.8469,0.767
Beethoven,Piano_Sonatas_21-1,train,YeZ02M,T5,disklavier,0.1001,0.0081,0.0854,0.1001,0.0081,0.0854
Beethoven,Piano_Sonatas_21-1,train,YeZ02M,oaf,disklavier,0.2198,0.0947,0.1895,0.2198,0.0947,0.1895
Beethoven,Piano_Sonatas_21-1,train,YeZ02M,kong,disklavier,0.2744,0.0661,0.2284,0.2761,0.0594,0.2397
Beethoven,Piano_Sonatas_21-1,train,ZhangW01M,T5,maestro,0.2263,0.4934,0.2229,0.2263,0.4934,0.2229
Beethoven,Piano_Sonatas_21-1,train,ZhangW01M,oaf,maestro,0.3368,0.269,0.4639,0.3368,0.269,0.4639
Beethoven,Piano_Sonatas_21-1,train,ZhangW01M,kong,maestro,0.785,0.8534,0.7535,0.7903,0.8541,0.7629
Beethoven,Piano_Sonatas_21-1,train,ZhangW01M,oaf,disklavier,0.1875,0.092,0.1502,0.1875,0.092,0.1502
Beethoven,Piano_Sonatas_21-1,train,ZhangW01M,T5,disklavier,0.0283,-0.0094,0.0147,0.0283,-0.0094,0.0147
Beethoven,Piano_Sonatas_21-1,train,ZhangW01M,kong,disklavier,0.1697,0.0513,0.1063,0.1654,0.0472,0.1035
Chopin,Scherzos_31,train,ChenW04M,T5,maestro,0.4882,0.1538,0.5155,0.4882,0.1538,0.5155
Chopin,Scherzos_31,train,ChenW04M,kong,maestro,0.7211,0.5458,0.7688,0.7378,0.5615,0.7732
Chopin,Scherzos_31,train,ChenW04M,oaf,maestro,0.5191,0.2875,0.5092,0.5191,0.2875,0.5092
Chopin,Scherzos_31,train,ChenW04M,kong,disklavier,0.1612,0.0993,0.1516,0.1619,0.099,0.1482
Chopin,Scherzos_31,train,ChenW04M,oaf,disklavier,0.159,0.1055,0.2031,0.159,0.1055,0.2031
Chopin,Scherzos_31,train,ChenW04M,T5,disklavier,0.1041,0.0056,0.057,0.1041,0.0056,0.057
Chopin,Scherzos_31,train,HuNY08M,kong,maestro,0.5945,0.7588,0.5728,0.5948,0.7647,0.5865
Chopin,Scherzos_31,train,HuNY08M,oaf,maestro,0.3963,0.2657,0.4325,0.3963,0.2657,0.4325
Chopin,Scherzos_31,train,HuNY08M,T5,maestro,0.2793,0.165,0.3015,0.2793,0.165,0.3015
Chopin,Scherzos_31,train,HuNY08M,kong,disklavier,0.1276,0.0696,0.1373,0.1276,0.0667,0.141
Chopin,Scherzos_31,train,HuNY08M,oaf,disklavier,0.1197,0.0694,0.1352,0.1197,0.0694,0.1352
Chopin,Scherzos_31,train,HuNY08M,T5,disklavier,0.0113,0.018,0.0186,0.0113,0.018,0.0186
Chopin,Scherzos_31,train,Jussow11M,oaf,maestro,0.5329,0.3529,0.5767,0.5329,0.3529,0.5767
Chopin,Scherzos_31,train,Jussow11M,kong,maestro,0.6332,0.4575,0.6974,0.6311,0.4504,0.6997
Chopin,Scherzos_31,train,Jussow11M,T5,maestro,0.3632,0.3236,0.382,0.3632,0.3236,0.382
Chopin,Scherzos_31,train,Jussow11M,kong,disklavier,0.1254,0.0702,0.1146,0.1233,0.07,0.1262
Chopin,Scherzos_31,train,Jussow11M,oaf,disklavier,0.1086,0.0545,0.1162,0.1086,0.0545,0.1162
Chopin,Scherzos_31,train,Jussow11M,T5,disklavier,0.0476,0.0248,0.041,0.0476,0.0248,0.041
Chopin,Scherzos_31,train,LeeN04M,kong,maestro,0.6867,0.6423,0.6231,0.6943,0.5868,0.6102
Chopin,Scherzos_31,train,LeeN04M,T5,maestro,0.4968,0.2325,0.4333,0.4968,0.2325,0.4333
Chopin,Scherzos_31,train,LeeN04M,oaf,maestro,0.5397,0.2172,0.5321,0.5397,0.2172,0.5321
Chopin,Scherzos_31,train,LeeN04M,kong,disklavier,0.201,0.0978,0.1376,0.209,0.0908,0.145
Chopin,Scherzos_31,train,LeeN04M,oaf,disklavier,0.1921,0.0612,0.1772,0.1921,0.0612,0.1772
Chopin,Scherzos_31,train,LeeN04M,T5,disklavier,0.1068,0.1347,0.0502,0.1068,0.1347,0.0502
Chopin,Scherzos_31,train,LinTami06M,kong,maestro,0.6265,0.4623,0.5971,0.6081,0.4875,0.599
Chopin,Scherzos_31,train,LinTami06M,oaf,maestro,0.5673,0.1809,0.3893,0.5673,0.1809,0.3893
Chopin,Scherzos_31,train,LinTami06M,T5,maestro,0.4883,0.1834,0.4104,0.4883,0.1834,0.4104
Chopin,Scherzos_31,train,LinTami06M,kong,disklavier,0.1976,0.1439,0.1847,0.1946,0.1496,0.1851
Chopin,Scherzos_31,train,LinTami06M,oaf,disklavier,0.1577,0.1018,0.1656,0.1577,0.1018,0.1656
Chopin,Scherzos_31,train,LinTami06M,T5,disklavier,0.12,0.0015,0.0949,0.12,0.0015,0.0949
Chopin,Scherzos_31,train,LuoJ12M,T5,maestro,0.3562,0.2177,0.3666,0.3562,0.2177,0.3666
Chopin,Scherzos_31,train,LuoJ12M,oaf,maestro,0.4492,0.1507,0.3935,0.4492,0.1507,0.3935
Chopin,Scherzos_31,train,LuoJ12M,kong,maestro,0.7327,0.5074,0.7347,0.7369,0.5,0.7369
Chopin,Scherzos_31,train,LuoJ12M,T5,disklavier,0.1286,0.0654,0.1148,0.1286,0.0654,0.1148
Chopin,Scherzos_31,train,LuoJ12M,kong,disklavier,0.2776,0.2133,0.2063,0.2733,0.2185,0.2121
Chopin,Scherzos_31,train,LuoJ12M,oaf,disklavier,0.25,0.164,0.2275,0.25,0.164,0.2275
Chopin,Scherzos_31,train,SunD04M,T5,maestro,0.4481,0.1379,0.3569,0.4481,0.1379,0.3569
Chopin,Scherzos_31,train,SunD04M,kong,maestro,0.604,0.6618,0.5121,0.6127,0.6236,0.5258
Chopin,Scherzos_31,train,SunD04M,oaf,maestro,0.5277,0.2957,0.4616,0.5277,0.2957,0.4616
Chopin,Scherzos_31,train,SunD04M,oaf,disklavier,0.1346,0.0463,0.1192,0.1346,0.0463,0.1192
Chopin,Scherzos_31,train,SunD04M,T5,disklavier,0.2168,-0.0109,0.049,0.2168,-0.0109,0.049
Chopin,Scherzos_31,train,SunD04M,kong,disklavier,0.1341,0.0726,0.0523,0.1276,0.0737,0.0434
Chopin,Scherzos_31,train,TongB04M,kong,maestro,0.7411,0.6867,0.7262,0.741,0.6973,0.7096
Chopin,Scherzos_31,train,TongB04M,oaf,maestro,0.6178,0.3374,0.6273,0.6178,0.3374,0.6273
Chopin,Scherzos_31,train,TongB04M,T5,maestro,0.225,0.2165,0.1987,0.225,0.2165,0.1987
Chopin,Scherzos_31,train,TongB04M,T5,disklavier,0.0139,-0.0098,0.0138,0.0139,-0.0098,0.0138
Chopin,Scherzos_31,train,TongB04M,oaf,disklavier,0.1502,0.0498,0.1522,0.1502,0.0498,0.1522
Chopin,Scherzos_31,train,TongB04M,kong,disklavier,0.1769,0.0819,0.1339,0.1746,0.0801,0.1184
Chopin,Scherzos_31,train,TuanS05M,oaf,maestro,0.4783,0.1342,0.4766,0.4783,0.1342,0.4766
Chopin,Scherzos_31,train,TuanS05M,T5,maestro,0.434,0.1568,0.3649,0.434,0.1568,0.3649
Chopin,Scherzos_31,train,TuanS05M,kong,maestro,0.6467,0.5894,0.5616,0.6494,0.6076,0.586
Chopin,Scherzos_31,train,TuanS05M,T5,disklavier,0.0797,0.0218,0.0627,0.0797,0.0218,0.0627
Chopin,Scherzos_31,train,TuanS05M,kong,disklavier,0.2269,0.1131,0.1558,0.2273,0.101,0.155
Chopin,Scherzos_31,train,TuanS05M,oaf,disklavier,0.1886,0.0888,0.183,0.1886,0.0888,0.183
Chopin,Scherzos_31,train,ZhangW04M,kong,maestro,0.5154,0.5927,0.6043,0.5787,0.594,0.6248
Chopin,Scherzos_31,train,ZhangW04M,oaf,maestro,0.4697,0.3635,0.4813,0.4697,0.3635,0.4813
Chopin,Scherzos_31,train,ZhangW04M,T5,maestro,0.3737,0.4128,0.4383,0.3737,0.4128,0.4383
Chopin,Scherzos_31,train,ZhangW04M,oaf,disklavier,0.0948,0.0564,0.1349,0.0948,0.0564,0.1349
Chopin,Scherzos_31,train,ZhangW04M,T5,disklavier,0.0526,-0.0036,0.0359,0.0526,-0.0036,0.0359
Chopin,Scherzos_31,train,ZhangW04M,kong,disklavier,0.0942,0.0427,0.1186,0.0941,0.0424,0.121
Debussy,Images_Book_1_1_Reflets_dans_lEau,train,Kleisen11M,kong,maestro,0.7454,0.4083,0.6968,0.7193,0.3787,0.6398
Debussy,Images_Book_1_1_Reflets_dans_lEau,train,Kleisen11M,T5,maestro,0.501,0.2575,0.5397,0.501,0.2575,0.5397
Debussy,Images_Book_1_1_Reflets_dans_lEau,train,Kleisen11M,oaf,maestro,0.578,0.1221,0.5677,0.578,0.1221,0.5677
Debussy,Images_Book_1_1_Reflets_dans_lEau,train,Kleisen11M,oaf,disklavier,0.2414,0.1441,0.2494,0.2414,0.1441,0.2494
Debussy,Images_Book_1_1_Reflets_dans_lEau,train,Kleisen11M,kong,disklavier,0.1905,0.0967,0.2484,0.2073,0.1168,0.2567
Debussy,Images_Book_1_1_Reflets_dans_lEau,train,Kleisen11M,T5,disklavier,0.1795,0.0053,0.224,0.1795,0.0053,0.224
Debussy,Images_Book_1_1_Reflets_dans_lEau,train,ParkJH13M,T5,maestro,0.4693,0.4615,0.5297,0.4693,0.4615,0.5297
Debussy,Images_Book_1_1_Reflets_dans_lEau,train,ParkJH13M,oaf,maestro,0.3892,0.2069,0.5233,0.3892,0.2069,0.5233
Debussy,Images_Book_1_1_Reflets_dans_lEau,train,ParkJH13M,kong,maestro,0.5601,0.8588,0.7664,0.5355,0.8456,0.7413
Debussy,Images_Book_1_1_Reflets_dans_lEau,train,ParkJH13M,T5,disklavier,0.1834,0.1427,0.206,0.1834,0.1427,0.206
Debussy,Images_Book_1_1_Reflets_dans_lEau,train,ParkJH13M,oaf,disklavier,0.1814,0.2082,0.2842,0.1814,0.2082,0.2842
Debussy,Images_Book_1_1_Reflets_dans_lEau,train,ParkJH13M,kong,disklavier,0.2296,0.3633,0.3049,0.2306,0.3593,0.3081
Glinka,The_Lark,train,Denisova10M,kong,maestro,0.6724,0.8449,0.8038,0.6857,0.7947,0.8067
Glinka,The_Lark,train,Denisova10M,T5,maestro,0.5549,0.5655,0.7254,0.5549,0.5655,0.7254
Glinka,The_Lark,train,Denisova10M,oaf,maestro,0.6686,0.2551,0.7475,0.6686,0.2551,0.7475
Glinka,The_Lark,train,Denisova10M,kong,disklavier,0.2339,0.2531,0.4136,0.2404,0.181,0.4174
Glinka,The_Lark,train,Denisova10M,oaf,disklavier,0.3015,0.2348,0.3936,0.3015,0.2348,0.3936
Glinka,The_Lark,train,Denisova10M,T5,disklavier,0.2708,0.2082,0.2283,0.2708,0.2082,0.2283
Glinka,The_Lark,train,Kleisen07M,kong,maestro,0.7079,0.6843,0.7448,0.691,0.6019,0.714
Glinka,The_Lark,train,Kleisen07M,T5,maestro,0.6849,0.524,0.7335,0.6849,0.524,0.7335
Glinka,The_Lark,train,Kleisen07M,oaf,maestro,0.6646,0.234,0.7078,0.6646,0.234,0.7078
Glinka,The_Lark,train,Kleisen07M,T5,disklavier,0.2956,0.2186,0.278,0.2956,0.2186,0.278
Glinka,The_Lark,train,Kleisen07M,oaf,disklavier,0.2602,0.2941,0.3205,0.2602,0.2941,0.3205
Glinka,The_Lark,train,Kleisen07M,kong,disklavier,0.2876,0.3548,0.3223,0.2722,0.212,0.3162
Haydn,Keyboard_Sonatas_50-1,train,GalantM02M,T5,maestro,0.44,0.1475,0.3813,0.44,0.1475,0.3813
Haydn,Keyboard_Sonatas_50-1,train,GalantM02M,oaf,maestro,0.4867,0.5875,0.4948,0.4867,0.5875,0.4948
Haydn,Keyboard_Sonatas_50-1,train,GalantM02M,kong,maestro,0.6629,0.7587,0.5953,0.6396,0.759,0.5804
Haydn,Keyboard_Sonatas_50-1,train,GalantM02M,oaf,disklavier,0.0976,0.1927,0.1554,0.0976,0.1927,0.1554
Haydn,Keyboard_Sonatas_50-1,train,GalantM02M,kong,disklavier,0.167,0.0933,0.1831,0.1663,0.0912,0.1823
Haydn,Keyboard_Sonatas_50-1,train,GalantM02M,T5,disklavier,0.0592,0.0168,0.0713,0.0592,0.0168,0.0713
Haydn,Keyboard_Sonatas_50-1,train,HamSY02M,kong,maestro,0.4801,0.6726,0.4668,0.479,0.6747,0.4725
Haydn,Keyboard_Sonatas_50-1,train,HamSY02M,T5,maestro,0.239,0.7121,0.2356,0.239,0.7121,0.2356
Haydn,Keyboard_Sonatas_50-1,train,HamSY02M,oaf,maestro,0.3845,0.1556,0.3607,0.3845,0.1556,0.3607
Haydn,Keyboard_Sonatas_50-1,train,HamSY02M,oaf,disklavier,0.086,0.1626,0.1297,0.086,0.1626,0.1297
Haydn,Keyboard_Sonatas_50-1,train,HamSY02M,kong,disklavier,0.1574,0.1626,0.1901,0.1557,0.1588,0.1878
Haydn,Keyboard_Sonatas_50-1,train,HamSY02M,T5,disklavier,0.0743,-0.0152,0.0745,0.0743,-0.0152,0.0745
Haydn,Keyboard_Sonatas_50-1,train,Huang05M,oaf,maestro,0.464,0.2615,0.3084,0.464,0.2615,0.3084
Haydn,Keyboard_Sonatas_50-1,train,Huang05M,T5,maestro,0.3547,0.2803,0.3333,0.3547,0.2803,0.3333
Haydn,Keyboard_Sonatas_50-1,train,Huang05M,kong,maestro,0.6799,0.8497,0.5675,0.6804,0.8507,0.5686
Haydn,Keyboard_Sonatas_50-1,train,Huang05M,kong,disklavier,0.0922,0.0875,0.1323,0.0936,0.0884,0.132
Haydn,Keyboard_Sonatas_50-1,train,Huang05M,T5,disklavier,0.0433,0.0019,0.0713,0.0433,0.0019,0.0713
Haydn,Keyboard_Sonatas_50-1,train,Huang05M,oaf,disklavier,0.0663,0.1146,0.1088,0.0663,0.1146,0.1088
Haydn,Keyboard_Sonatas_50-1,train,JeonH03M,T5,maestro,0.2576,0.1594,0.246,0.2576,0.1594,0.246
Haydn,Keyboard_Sonatas_50-1,train,JeonH03M,oaf,maestro,0.2912,0.215,0.2632,0.2912,0.215,0.2632
Haydn,Keyboard_Sonatas_50-1,train,JeonH03M,kong,maestro,0.6202,0.8918,0.6007,0.6503,0.9019,0.6186
Haydn,Keyboard_Sonatas_50-1,train,JeonH03M,oaf,disklavier,0.0541,0.0959,0.0716,0.0541,0.0959,0.0716
Haydn,Keyboard_Sonatas_50-1,train,JeonH03M,kong,disklavier,0.0882,0.2601,0.1058,0.0854,0.2083,0.0964
Haydn,Keyboard_Sonatas_50-1,train,JeonH03M,T5,disklavier,0.0118,0.0338,0.0329,0.0118,0.0338,0.0329
Haydn,Keyboard_Sonatas_50-1,train,KARYAG06M,oaf,maestro,0.414,0.2813,0.4036,0.414,0.2813,0.4036
Haydn,Keyboard_Sonatas_50-1,train,KARYAG06M,T5,maestro,0.3315,0.4146,0.2601,0.3315,0.4146,0.2601
Haydn,Keyboard_Sonatas_50-1,train,KARYAG06M,kong,maestro,0.5734,0.6512,0.5735,0.5158,0.6514,0.5149
Haydn,Keyboard_Sonatas_50-1,train,KARYAG06M,oaf,disklavier,0.0838,0.1962,0.1302,0.0838,0.1962,0.1302
Haydn,Keyboard_Sonatas_50-1,train,KARYAG06M,kong,disklavier,0.1333,0.2237,0.1763,0.1336,0.2224,0.1756
Haydn,Keyboard_Sonatas_50-1,train,KARYAG06M,T5,disklavier,0.0362,0.0285,0.0286,0.0362,0.0285,0.0286
Haydn,Keyboard_Sonatas_50-1,train,Shi07M,oaf,maestro,0.3807,0.5451,0.3292,0.3807,0.5451,0.3292
Haydn,Keyboard_Sonatas_50-1,train,Shi07M,kong,maestro,0.6985,0.5214,0.687,0.691,0.5206,0.6872
Haydn,Keyboard_Sonatas_50-1,train,Shi07M,T5,maestro,0.3039,0.3157,0.3087,0.3039,0.3157,0.3087
Haydn,Keyboard_Sonatas_50-1,train,Shi07M,oaf,disklavier,0.2505,0.1407,0.2365,0.2505,0.1407,0.2365
Haydn,Keyboard_Sonatas_50-1,train,Shi07M,T5,disklavier,0.2588,-0.0025,0.2334,0.2588,-0.0025,0.2334
Haydn,Keyboard_Sonatas_50-1,train,Shi07M,kong,disklavier,0.3344,0.1419,0.2872,0.3152,0.1417,0.2776
Haydn,Keyboard_Sonatas_50-1,train,YoungS02M,oaf,maestro,0.4552,0.5266,0.4499,0.4552,0.5266,0.4499
Haydn,Keyboard_Sonatas_50-1,train,YoungS02M,T5,maestro,0.2368,0.6998,0.2897,0.2368,0.6998,0.2897
Haydn,Keyboard_Sonatas_50-1,train,YoungS02M,kong,maestro,0.6828,0.7939,0.671,0.6808,0.795,0.6687
Haydn,Keyboard_Sonatas_50-1,train,YoungS02M,T5,disklavier,0.1005,0.0409,0.1213,0.1005,0.0409,0.1213
Haydn,Keyboard_Sonatas_50-1,train,YoungS02M,kong,disklavier,0.1061,0.2725,0.1185,0.0981,0.2748,0.1211
Haydn,Keyboard_Sonatas_50-1,train,YoungS02M,oaf,disklavier,0.0648,0.2025,0.0947,0.0648,0.2025,0.0947
Liszt,Gran_Etudes_de_Paganini_2_La_campanella,train,BuiJL03M,kong,maestro,0.7217,0.6726,0.7098,0.721,0.6755,0.6963
Liszt,Gran_Etudes_de_Paganini_2_La_campanella,train,BuiJL03M,oaf,maestro,0.8168,0.1733,0.8502,0.8168,0.1733,0.8502
Liszt,Gran_Etudes_de_Paganini_2_La_campanella,train,BuiJL03M,T5,maestro,0.4043,0.291,0.4556,0.4043,0.291,0.4556
Liszt,Gran_Etudes_de_Paganini_2_La_campanella,train,BuiJL03M,oaf,disklavier,0.528,0.1474,0.581,0.528,0.1474,0.581
Liszt,Gran_Etudes_de_Paganini_2_La_campanella,train,BuiJL03M,kong,disklavier,0.3983,0.1579,0.3348,0.3858,0.1673,0.3544
Liszt,Gran_Etudes_de_Paganini_2_La_campanella,train,BuiJL03M,T5,disklavier,0.3819,0.0715,0.2178,0.3819,0.0715,0.2178
Liszt,Gran_Etudes_de_Paganini_2_La_campanella,train,LeungR04M,kong,maestro,0.6631,0.5529,0.5818,0.7148,0.554,0.6285
Liszt,Gran_Etudes_de_Paganini_2_La_campanella,train,LeungR04M,T5,maestro,0.4117,0.3523,0.5241,0.4117,0.3523,0.5241
Liszt,Gran_Etudes_de_Paganini_2_La_campanella,train,LeungR04M,oaf,maestro,0.6964,0.318,0.6747,0.6964,0.318,0.6747
Liszt,Gran_Etudes_de_Paganini_2_La_campanella,train,LeungR04M,oaf,disklavier,0.3927,0.2341,0.4064,0.3927,0.2341,0.4064
Liszt,Gran_Etudes_de_Paganini_2_La_campanella,train,LeungR04M,kong,disklavier,0.3149,0.2116,0.3022,0.3356,0.2383,0.3881
Liszt,Gran_Etudes_de_Paganini_2_La_campanella,train,LeungR04M,T5,disklavier,0.266,0.0723,0.1827,0.266,0.0723,0.1827
Liszt,Gran_Etudes_de_Paganini_2_La_campanella,train,Levitsky06M,oaf,maestro,0.6025,0.6002,0.4899,0.6025,0.6002,0.4899
Liszt,Gran_Etudes_de_Paganini_2_La_campanella,train,Levitsky06M,T5,maestro,0.4522,0.5357,0.3156,0.4522,0.5357,0.3156
Liszt,Gran_Etudes_de_Paganini_2_La_campanella,train,Levitsky06M,kong,maestro,0.7499,0.8204,0.6772,0.786,0.8209,0.7484
Liszt,Gran_Etudes_de_Paganini_2_La_campanella,train,Levitsky06M,kong,disklavier,0.1226,0.203,0.0939,0.183,0.2025,0.1499
Liszt,Gran_Etudes_de_Paganini_2_La_campanella,train,Levitsky06M,oaf,disklavier,0.1815,0.1724,0.2009,0.1815,0.1724,0.2009
Liszt,Gran_Etudes_de_Paganini_2_La_campanella,train,Levitsky06M,T5,disklavier,0.066,0.0623,0.0893,0.066,0.0623,0.0893
Liszt,Gran_Etudes_de_Paganini_2_La_campanella,train,Lin07M,oaf,maestro,0.7081,0.2819,0.7195,0.7081,0.2819,0.7195
Liszt,Gran_Etudes_de_Paganini_2_La_campanella,train,Lin07M,kong,maestro,0.2941,0.5859,0.201,0.3057,0.5858,0.2086
Liszt,Gran_Etudes_de_Paganini_2_La_campanella,train,Lin07M,T5,maestro,0.2823,0.266,0.1592,0.2823,0.266,0.1592
Liszt,Gran_Etudes_de_Paganini_2_La_campanella,train,Lin07M,oaf,disklavier,0.1174,0.279,0.101,0.1174,0.279,0.101
Liszt,Gran_Etudes_de_Paganini_2_La_campanella,train,Lin07M,kong,disklavier,0.0926,0.1605,0.0837,0.0988,0.2413,0.0823
Liszt,Gran_Etudes_de_Paganini_2_La_campanella,train,Lin07M,T5,disklavier,0.0961,0.1365,0.0786,0.0961,0.1365,0.0786
Liszt,Gran_Etudes_de_Paganini_2_La_campanella,train,LiuC05M,kong,maestro,0.7542,0.7696,0.6478,0.7413,0.6564,0.6374
Liszt,Gran_Etudes_de_Paganini_2_La_campanella,train,LiuC05M,oaf,maestro,0.7787,0.2793,0.5539,0.7787,0.2793,0.5539
Liszt,Gran_Etudes_de_Paganini_2_La_campanella,train,LiuC05M,T5,maestro,0.4193,0.5631,0.3632,0.4193,0.5631,0.3632
Liszt,Gran_Etudes_de_Paganini_2_La_campanella,train,LiuC05M,kong,disklavier,0.1117,0.065,0.1261,0.103,0.0814,0.1352
Liszt,Gran_Etudes_de_Paganini_2_La_campanella,train,LiuC05M,T5,disklavier,0.1594,0.0639,0.1155,0.1594,0.0639,0.1155
Liszt,Gran_Etudes_de_Paganini_2_La_campanella,train,LiuC05M,oaf,disklavier,0.1921,0.0809,0.2407,0.1921,0.0809,0.2407
Liszt,Gran_Etudes_de_Paganini_2_La_campanella,train,LiuY03M,kong,maestro,0.6936,0.7679,0.6127,0.6475,0.6973,0.6171
Liszt,Gran_Etudes_de_Paganini_2_La_campanella,train,LiuY03M,oaf,maestro,0.6301,0.4184,0.5425,0.6301,0.4184,0.5425
Liszt,Gran_Etudes_de_Paganini_2_La_campanella,train,LiuY03M,T5,maestro,0.5044,0.2686,0.4217,0.5044,0.2686,0.4217
Liszt,Gran_Etudes_de_Paganini_2_La_campanella,train,LiuY03M,oaf,disklavier,0.3193,0.0638,0.2931,0.3193,0.0638,0.2931
Liszt,Gran_Etudes_de_Paganini_2_La_campanella,train,LiuY03M,T5,disklavier,0.2811,0.012,0.0863,0.2811,0.012,0.0863
Liszt,Gran_Etudes_de_Paganini_2_La_campanella,train,LiuY03M,kong,disklavier,0.2871,0.1171,0.2069,0.2473,0.0691,0.2047
Liszt,Gran_Etudes_de_Paganini_2_La_campanella,train,MunA08M,kong,maestro,0.6667,0.532,0.713,0.6862,0.5297,0.7461
Liszt,Gran_Etudes_de_Paganini_2_La_campanella,train,MunA08M,T5,maestro,0.5008,0.2738,0.5756,0.5008,0.2738,0.5756
Liszt,Gran_Etudes_de_Paganini_2_La_campanella,train,MunA08M,oaf,maestro,0.5967,0.3074,0.6724,0.5967,0.3074,0.6724
Liszt,Gran_Etudes_de_Paganini_2_La_campanella,train,MunA08M,T5,disklavier,0.1223,0.0987,0.1424,0.1223,0.0987,0.1424
Liszt,Gran_Etudes_de_Paganini_2_La_campanella,train,MunA08M,kong,disklavier,0.2409,0.1784,0.1977,0.3225,0.2499,0.3068
Liszt,Gran_Etudes_de_Paganini_2_La_campanella,train,MunA08M,oaf,disklavier,0.3378,0.1293,0.406,0.3378,0.1293,0.406
Liszt,Gran_Etudes_de_Paganini_2_La_campanella,train,VuV06M,kong,maestro,0.9056,0.731,0.9256,0.8554,0.7026,0.8739
Liszt,Gran_Etudes_de_Paganini_2_La_campanella,train,VuV06M,T5,maestro,0.6894,0.3072,0.7224,0.6894,0.3072,0.7224
Liszt,Gran_Etudes_de_Paganini_2_La_campanella,train,VuV06M,oaf,maestro,0.8672,0.4311,0.8526,0.8672,0.4311,0.8526
Liszt,Gran_Etudes_de_Paganini_2_La_campanella,train,VuV06M,T5,disklavier,0.4253,0.1146,0.3408,0.4253,0.1146,0.3408
Liszt,Gran_Etudes_de_Paganini_2_La_campanella,train,VuV06M,oaf,disklavier,0.4535,0.2817,0.4998,0.4535,0.2817,0.4998
Liszt,Gran_Etudes_de_Paganini_2_La_campanella,train,VuV06M,kong,disklavier,0.5551,0.2,0.4502,0.5388,0.2696,0.4888
Liszt,Gran_Etudes_de_Paganini_2_La_campanella,train,Yang05M,kong,maestro,0.6197,0.5696,0.653,0.6111,0.5803,0.7439
Liszt,Gran_Etudes_de_Paganini_2_La_campanella,train,Yang05M,T5,maestro,0.4202,0.3364,0.5375,0.4202,0.3364,0.5375
Liszt,Gran_Etudes_de_Paganini_2_La_campanella,train,Yang05M,oaf,maestro,0.6195,0.2849,0.7677,0.6195,0.2849,0.7677
Liszt,Gran_Etudes_de_Paganini_2_La_campanella,train,Yang05M,T5,disklavier,0.3553,0.0732,0.493,0.3553,0.0732,0.493
Liszt,Gran_Etudes_de_Paganini_2_La_campanella,train,Yang05M,kong,disklavier,0.4486,0.1344,0.3612,0.4821,0.1774,0.5029
Liszt,Gran_Etudes_de_Paganini_2_La_campanella,train,Yang05M,oaf,disklavier,0.4512,0.1821,0.5504,0.4512,0.1821,0.5504
Liszt,Gran_Etudes_de_Paganini_2_La_campanella,train,ZhangH07M,oaf,maestro,0.6589,0.2777,0.6245,0.6589,0.2777,0.6245
Liszt,Gran_Etudes_de_Paganini_2_La_campanella,train,ZhangH07M,kong,maestro,0.5753,0.6329,0.3732,0.5707,0.6136,0.4237
Liszt,Gran_Etudes_de_Paganini_2_La_campanella,train,ZhangH07M,T5,maestro,0.3889,0.5035,0.2238,0.3889,0.5035,0.2238
Liszt,Gran_Etudes_de_Paganini_2_La_campanella,train,ZhangH07M,oaf,disklavier,0.3573,0.0991,0.4262,0.3573,0.0991,0.4262
Liszt,Gran_Etudes_de_Paganini_2_La_campanella,train,ZhangH07M,kong,disklavier,0.5059,0.2413,0.3618,0.4657,0.1617,0.3822
Liszt,Gran_Etudes_de_Paganini_2_La_campanella,train,ZhangH07M,T5,disklavier,0.4049,0.0444,0.2496,0.4049,0.0444,0.2496
Mozart,Piano_Sonatas_12-1,train,MunA03M,T5,maestro,0.1718,0.2962,0.149,0.1718,0.2962,0.149
Mozart,Piano_Sonatas_12-1,train,MunA03M,oaf,maestro,0.4061,0.2136,0.5015,0.4061,0.2136,0.5015
Mozart,Piano_Sonatas_12-1,train,MunA03M,kong,maestro,0.4664,0.6377,0.4967,0.4607,0.64,0.4983
Mozart,Piano_Sonatas_12-1,train,MunA03M,kong,disklavier,0.0213,0.1225,0.0673,0.0206,0.1229,0.0705
Mozart,Piano_Sonatas_12-1,train,MunA03M,oaf,disklavier,0.0112,0.1128,0.0538,0.0112,0.1128,0.0538
Mozart,Piano_Sonatas_12-1,train,MunA03M,T5,disklavier,-0.0069,0.0219,0.0072,-0.0069,0.0219,0.0072
Mozart,Piano_Sonatas_12-1,train,WuuE02M,oaf,maestro,0.3828,0.2228,0.3117,0.3828,0.2228,0.3117
Mozart,Piano_Sonatas_12-1,train,WuuE02M,kong,maestro,0.5573,0.7292,0.5361,0.5568,0.729,0.5406
Mozart,Piano_Sonatas_12-1,train,WuuE02M,T5,maestro,0.246,0.1952,0.2784,0.246,0.1952,0.2784
Mozart,Piano_Sonatas_12-1,train,WuuE02M,kong,disklavier,-0.0398,0.016,-0.02,-0.0401,0.0156,-0.0193
Mozart,Piano_Sonatas_12-1,train,WuuE02M,T5,disklavier,-0.0123,0.0128,-0.0194,-0.0123,0.0128,-0.0194
Mozart,Piano_Sonatas_12-1,train,WuuE02M,oaf,disklavier,-0.0228,-0.0032,-0.0022,-0.0228,-0.0032,-0.0022
Rachmaninoff,Preludes_op_23_4,train,ChenGuang12M,kong,maestro,0.6791,0.8484,0.5214,0.6756,0.8211,0.586
Rachmaninoff,Preludes_op_23_4,train,ChenGuang12M,oaf,maestro,0.4072,0.4735,0.42,0.4072,0.4735,0.42
Rachmaninoff,Preludes_op_23_4,train,ChenGuang12M,T5,maestro,0.5446,0.3739,0.4253,0.5446,0.3739,0.4253
Rachmaninoff,Preludes_op_23_4,train,ChenGuang12M,oaf,disklavier,-0.003,0.1812,0.0715,-0.003,0.1812,0.0715
Rachmaninoff,Preludes_op_23_4,train,ChenGuang12M,T5,disklavier,0.0396,0.0808,0.0571,0.0396,0.0808,0.0571
Rachmaninoff,Preludes_op_23_4,train,ChenGuang12M,kong,disklavier,0.024,0.0786,0.0375,0.0298,0.0366,0.0513
Rachmaninoff,Preludes_op_23_4,train,WuuE07M,oaf,maestro,0.4786,0.0864,0.4637,0.4786,0.0864,0.4637
Rachmaninoff,Preludes_op_23_4,train,WuuE07M,T5,maestro,0.3707,0.0809,0.4134,0.3707,0.0809,0.4134
Rachmaninoff,Preludes_op_23_4,train,WuuE07M,kong,maestro,0.3906,0.3963,0.4678,0.3913,0.2862,0.4888
Rachmaninoff,Preludes_op_23_4,train,WuuE07M,kong,disklavier,-0.0547,0.0289,-0.0034,-0.0531,0.0331,-0.015
Rachmaninoff,Preludes_op_23_4,train,WuuE07M,oaf,disklavier,-0.0517,0.0838,-0.0099,-0.0517,0.0838,-0.0099
Rachmaninoff,Preludes_op_23_4,train,WuuE07M,T5,disklavier,0.014,0.0267,0.05,0.014,0.0267,0.05
Schubert,Impromptu_op.90_D.899_3,train,Hou06M,kong,maestro,0.6499,0.7564,0.7002,0.6457,0.7535,0.6995
Schubert,Impromptu_op.90_D.899_3,train,Hou06M,T5,maestro,0.2542,0.2763,0.416,0.2542,0.2763,0.416
Schubert,Impromptu_op.90_D.899_3,train,Hou06M,oaf,maestro,0.6407,0.2795,0.6551,0.6407,0.2795,0.6551
Schubert,Impromptu_op.90_D.899_3,train,Hou06M,oaf,disklavier,0.143,0.1771,0.1547,0.143,0.1771,0.1547
Schubert,Impromptu_op.90_D.899_3,train,Hou06M,T5,disklavier,0.1026,-0.0235,0.025,0.1026,-0.0235,0.025
Schubert,Impromptu_op.90_D.899_3,train,Hou06M,kong,disklavier,0.0884,0.0863,0.0926,0.0706,0.0794,0.081
Schubert,Impromptu_op.90_D.899_3,train,JeonH06M,oaf,maestro,0.8598,0.5856,0.8036,0.8598,0.5856,0.8036
Schubert,Impromptu_op.90_D.899_3,train,JeonH06M,T5,maestro,0.5021,0.2149,0.5755,0.5021,0.2149,0.5755
Schubert,Impromptu_op.90_D.899_3,train,JeonH06M,kong,maestro,0.6861,0.7463,0.6762,0.6809,0.7397,0.6725
Schubert,Impromptu_op.90_D.899_3,train,JeonH06M,T5,disklavier,0.0872,0.0183,0.0891,0.0872,0.0183,0.0891
Schubert,Impromptu_op.90_D.899_3,train,JeonH06M,kong,disklavier,0.1563,0.074,0.1396,0.1604,0.0774,0.1376
Schubert,Impromptu_op.90_D.899_3,train,JeonH06M,oaf,disklavier,0.1502,0.0736,0.1311,0.1502,0.0736,0.1311
Schubert,Impromptu_op.90_D.899_3,train,Ko08M,oaf,maestro,0.6837,0.1892,0.6313,0.6837,0.1892,0.6313
Schubert,Impromptu_op.90_D.899_3,train,Ko08M,T5,maestro,0.4054,0.3483,0.4376,0.4054,0.3483,0.4376
Schubert,Impromptu_op.90_D.899_3,train,Ko08M,kong,maestro,0.7244,0.3859,0.7162,0.7191,0.3852,0.7051
Schubert,Impromptu_op.90_D.899_3,train,Ko08M,oaf,disklavier,0.2328,0.1308,0.2264,0.2328,0.1308,0.2264
Schubert,Impromptu_op.90_D.899_3,train,Ko08M,T5,disklavier,0.11,0.0194,0.1019,0.11,0.0194,0.1019
Schubert,Impromptu_op.90_D.899_3,train,Ko08M,kong,disklavier,0.2355,0.0712,0.2333,0.2381,0.0469,0.2308
Schubert,Impromptu_op.90_D.899_3,train,Kociuban10M,oaf,maestro,0.8105,0.2064,0.6954,0.8105,0.2064,0.6954
Schubert,Impromptu_op.90_D.899_3,train,Kociuban10M,kong,maestro,0.7062,0.3459,0.6901,0.707,0.3469,0.6906
Schubert,Impromptu_op.90_D.899_3,train,Kociuban10M,T5,maestro,0.3214,0.0792,0.3098,0.3214,0.0792,0.3098
Schubert,Impromptu_op.90_D.899_3,train,Kociuban10M,T5,disklavier,0.0878,0.0089,0.0933,0.0878,0.0089,0.0933
Schubert,Impromptu_op.90_D.899_3,train,Kociuban10M,oaf,disklavier,0.1655,0.1222,0.2198,0.1655,0.1222,0.2198
Schubert,Impromptu_op.90_D.899_3,train,Kociuban10M,kong,disklavier,0.1519,0.0718,0.2118,0.1519,0.0746,0.1964
Schubert,Impromptu_op.90_D.899_3,train,LEE_K04M,T5,maestro,0.4738,0.0401,0.474,0.4738,0.0401,0.474
Schubert,Impromptu_op.90_D.899_3,train,LEE_K04M,kong,maestro,0.7302,0.136,0.7405,0.7013,0.1202,0.7184
Schubert,Impromptu_op.90_D.899_3,train,LEE_K04M,oaf,maestro,0.8868,0.0093,0.8083,0.8868,0.0093,0.8083
Schubert,Impromptu_op.90_D.899_3,train,LEE_K04M,T5,disklavier,0.0719,0.0043,0.0769,0.0719,0.0043,0.0769
Schubert,Impromptu_op.90_D.899_3,train,LEE_K04M,kong,disklavier,0.1145,0.118,0.1672,0.1153,0.0466,0.1703
Schubert,Impromptu_op.90_D.899_3,train,LEE_K04M,oaf,disklavier,0.1306,0.2806,0.1823,0.1306,0.2806,0.1823
Schubert,Impromptu_op.90_D.899_3,train,LeeSH08M,oaf,maestro,0.8779,0.1172,0.8227,0.8779,0.1172,0.8227
Schubert,Impromptu_op.90_D.899_3,train,LeeSH08M,T5,maestro,0.4604,0.3,0.4958,0.4604,0.3,0.4958
Schubert,Impromptu_op.90_D.899_3,train,LeeSH08M,kong,maestro,0.7172,0.7788,0.7031,0.6912,0.7753,0.6914
Schubert,Impromptu_op.90_D.899_3,train,LeeSH08M,kong,disklavier,0.1717,0.0257,0.1813,0.1849,0.0317,0.1877
Schubert,Impromptu_op.90_D.899_3,train,LeeSH08M,oaf,disklavier,0.153,0.0441,0.1583,0.153,0.0441,0.1583
Schubert,Impromptu_op.90_D.899_3,train,LeeSH08M,T5,disklavier,-0.0063,0.0366,-0.001,-0.0063,0.0366,-0.001
Schubert,Impromptu_op.90_D.899_3,train,Mizumoto07M,oaf,maestro,0.7756,0.1097,0.7404,0.7756,0.1097,0.7404
Schubert,Impromptu_op.90_D.899_3,train,Mizumoto07M,kong,maestro,0.6637,0.1569,0.6225,0.6537,0.1831,0.6213
Schubert,Impromptu_op.90_D.899_3,train,Mizumoto07M,T5,maestro,0.3595,0.7378,0.3565,0.3595,0.7378,0.3565
Schubert,Impromptu_op.90_D.899_3,train,Mizumoto07M,kong,disklavier,0.1492,0.0355,0.1816,0.1453,0.035,0.1813
Schubert,Impromptu_op.90_D.899_3,train,Mizumoto07M,T5,disklavier,0.0752,0.0243,0.0695,0.0752,0.0243,0.0695
Schubert,Impromptu_op.90_D.899_3,train,Mizumoto07M,oaf,disklavier,0.1758,0.0393,0.1733,0.1758,0.0393,0.1733
Schubert,Impromptu_op.90_D.899_3,train,Woo10M,kong,maestro,0.7026,0.6692,0.6908,0.7077,0.6585,0.6926
Schubert,Impromptu_op.90_D.899_3,train,Woo10M,T5,maestro,0.4501,0.1115,0.4766,0.4501,0.1115,0.4766
Schubert,Impromptu_op.90_D.899_3,train,Woo10M,oaf,maestro,0.7799,0.3705,0.6698,0.7799,0.3705,0.6698
Schubert,Impromptu_op.90_D.899_3,train,Woo10M,oaf,disklavier,0.1702,0.1619,0.1525,0.1702,0.1619,0.1525
Schubert,Impromptu_op.90_D.899_3,train,Woo10M,kong,disklavier,0.1712,0.0375,0.1928,0.1603,0.0404,0.1758
Schubert,Impromptu_op.90_D.899_3,train,Woo10M,T5,disklavier,0.0752,0.0165,0.0518,0.0752,0.0165,0.0518
Schubert,Impromptu_op.90_D.899_3,train,WuuE10M,T5,maestro,0.4541,0.4638,0.5368,0.4541,0.4638,0.5368
Schubert,Impromptu_op.90_D.899_3,train,WuuE10M,oaf,maestro,0.8825,0.5879,0.7985,0.8825,0.5879,0.7985
Schubert,Impromptu_op.90_D.899_3,train,WuuE10M,kong,maestro,0.7585,0.7506,0.7401,0.7562,0.745,0.7377
Schubert,Impromptu_op.90_D.899_3,train,WuuE10M,kong,disklavier,0.2073,0.0366,0.1665,0.2067,0.0411,0.1611
Schubert,Impromptu_op.90_D.899_3,train,WuuE10M,T5,disklavier,0.0668,0.0516,0.0446,0.0668,0.0516,0.0446
Schubert,Impromptu_op.90_D.899_3,train,WuuE10M,oaf,disklavier,0.1909,0.0949,0.1752,0.1909,0.0949,0.1752
Schubert,Impromptu_op.90_D.899_3,train,ZhangW07M,kong,maestro,0.671,0.6369,0.6812,0.6712,0.6339,0.6821
Schubert,Impromptu_op.90_D.899_3,train,ZhangW07M,oaf,maestro,0.7839,0.399,0.695,0.7839,0.399,0.695
Schubert,Impromptu_op.90_D.899_3,train,ZhangW07M,T5,maestro,0.3349,0.191,0.3088,0.3349,0.191,0.3088
Schubert,Impromptu_op.90_D.899_3,train,ZhangW07M,oaf,disklavier,0.1834,0.1809,0.1339,0.1834,0.1809,0.1339
Schubert,Impromptu_op.90_D.899_3,train,ZhangW07M,kong,disklavier,0.1462,0.1263,0.1145,0.1452,0.1314,0.1208
Schubert,Impromptu_op.90_D.899_3,train,ZhangW07M,T5,disklavier,0.0216,0.1013,0.0049,0.0216,0.1013,0.0049
Schubert,Impromptu_op.90_D.899_3,train,ZhaoK10M,kong,maestro,0.7717,0.7072,0.7638,0.7724,0.7034,0.7635
Schubert,Impromptu_op.90_D.899_3,train,ZhaoK10M,oaf,maestro,0.9116,0.2122,0.7683,0.9116,0.2122,0.7683
Schubert,Impromptu_op.90_D.899_3,train,ZhaoK10M,T5,maestro,0.5628,0.2425,0.5974,0.5628,0.2425,0.5974
Schubert,Impromptu_op.90_D.899_3,train,ZhaoK10M,oaf,disklavier,0.1433,0.1371,0.1847,0.1433,0.1371,0.1847
Schubert,Impromptu_op.90_D.899_3,train,ZhaoK10M,T5,disklavier,0.0568,-0.0021,0.0764,0.0568,-0.0021,0.0764
Schubert,Impromptu_op.90_D.899_3,train,ZhaoK10M,kong,disklavier,0.1324,0.0634,0.1957,0.1253,0.0729,0.1977
Scriabin,Sonatas_5,train,FaB05M,oaf,maestro,0.3589,0.2609,0.3598,0.3589,0.2609,0.3598
Scriabin,Sonatas_5,train,FaB05M,kong,maestro,0.6763,0.6303,0.6214,0.577,0.5821,0.589
Scriabin,Sonatas_5,train,FaB05M,T5,maestro,0.5968,0.4532,0.5862,0.5968,0.4532,0.5862
Scriabin,Sonatas_5,train,FaB05M,T5,disklavier,0.1312,0.1112,0.0931,0.1312,0.1112,0.0931
Scriabin,Sonatas_5,train,FaB05M,kong,disklavier,0.1049,0.2233,0.0766,0.0978,0.1903,0.0795
Scriabin,Sonatas_5,train,FaB05M,oaf,disklavier,0.1368,0.1001,0.0849,0.1368,0.1001,0.0849
Scriabin,Sonatas_5,train,GarritsonL06M,oaf,maestro,0.5569,0.1347,0.5688,0.5569,0.1347,0.5688
Scriabin,Sonatas_5,train,GarritsonL06M,kong,maestro,0.6524,0.4559,0.6273,0.6416,0.4703,0.64
Scriabin,Sonatas_5,train,GarritsonL06M,T5,maestro,0.4593,0.2953,0.4998,0.4593,0.2953,0.4998
Scriabin,Sonatas_5,train,GarritsonL06M,kong,disklavier,0.1622,0.1839,0.1749,0.1581,0.1824,0.1786
Scriabin,Sonatas_5,train,GarritsonL06M,oaf,disklavier,0.1285,0.1096,0.1671,0.1285,0.1096,0.1671
Scriabin,Sonatas_5,train,GarritsonL06M,T5,disklavier,0.1332,0.0891,0.1261,0.1332,0.0891,0.1261
Scriabin,Sonatas_5,train,Ko07M,T5,maestro,0.4352,0.3949,0.4113,0.4352,0.3949,0.4113
Scriabin,Sonatas_5,train,Ko07M,kong,maestro,0.5609,0.5372,0.5921,0.5614,0.5593,0.5843
Scriabin,Sonatas_5,train,Ko07M,oaf,maestro,0.3947,0.222,0.3437,0.3947,0.222,0.3437
Scriabin,Sonatas_5,train,Ko07M,oaf,disklavier,0.1072,0.1321,0.06,0.1072,0.1321,0.06
Scriabin,Sonatas_5,train,Ko07M,kong,disklavier,0.1264,0.1582,0.0791,0.1208,0.1636,0.0832
Scriabin,Sonatas_5,train,Ko07M,T5,disklavier,0.0684,0.052,0.0465,0.0684,0.052,0.0465
Scriabin,Sonatas_5,train,Na07M,oaf,maestro,0.3957,0.1717,0.4146,0.3957,0.1717,0.4146
Scriabin,Sonatas_5,train,Na07M,kong,maestro,0.4592,0.3225,0.4718,0.4732,0.316,0.4826
Scriabin,Sonatas_5,train,Na07M,T5,maestro,0.4236,0.2966,0.4284,0.4236,0.2966,0.4284
Scriabin,Sonatas_5,train,Na07M,kong,disklavier,0.1372,0.2326,0.1361,0.1386,0.204,0.1317
Scriabin,Sonatas_5,train,Na07M,oaf,disklavier,0.1433,0.1757,0.1247,0.1433,0.1757,0.1247
Scriabin,Sonatas_5,train,Na07M,T5,disklavier,0.1087,0.0361,0.0511,0.1087,0.0361,0.0511
Scriabin,Sonatas_5,train,Yeletskiy07M,oaf,maestro,0.5229,0.3951,0.4662,0.5229,0.3951,0.4662
Scriabin,Sonatas_5,train,Yeletskiy07M,kong,maestro,0.5606,0.5795,0.5736,0.5437,0.546,0.5606
Scriabin,Sonatas_5,train,Yeletskiy07M,T5,maestro,0.6002,0.5467,0.5961,0.6002,0.5467,0.5961
Scriabin,Sonatas_5,train,Yeletskiy07M,kong,disklavier,0.1326,0.1919,0.1135,0.1309,0.1733,0.1094
Scriabin,Sonatas_5,train,Yeletskiy07M,oaf,disklavier,0.111,0.2441,0.0883,0.111,0.2441,0.0883
Scriabin,Sonatas_5,train,Yeletskiy07M,T5,disklavier,0.0731,0.08,0.0259,0.0731,0.08,0.0259
Beethoven,Piano_Sonatas_11-1,validation,LiC03M,kong,maestro,0.5255,0.7737,0.5031,0.519,0.7755,0.5
Beethoven,Piano_Sonatas_11-1,validation,LiC03M,T5,maestro,0.2386,0.1473,0.2509,0.2386,0.1473,0.2509
Beethoven,Piano_Sonatas_11-1,validation,LiC03M,oaf,maestro,0.3547,0.3176,0.3575,0.3547,0.3176,0.3575
Beethoven,Piano_Sonatas_11-1,validation,LiC03M,kong,disklavier,0.1527,0.1512,0.1432,0.1497,0.1504,0.1493
Beethoven,Piano_Sonatas_11-1,validation,LiC03M,T5,disklavier,0.0761,0.0476,0.0854,0.0761,0.0476,0.0854
Beethoven,Piano_Sonatas_11-1,validation,LiC03M,oaf,disklavier,0.1137,0.0863,0.0897,0.1137,0.0863,0.0897
Beethoven,Piano_Sonatas_11-1,validation,LiYZ03M,kong,maestro,0.5943,0.7042,0.5173,0.6666,0.729,0.6004
Beethoven,Piano_Sonatas_11-1,validation,LiYZ03M,oaf,maestro,0.5282,0.1767,0.4742,0.5282,0.1767,0.4742
Beethoven,Piano_Sonatas_11-1,validation,LiYZ03M,T5,maestro,0.2625,0.1404,0.2455,0.2625,0.1404,0.2455
Beethoven,Piano_Sonatas_11-1,validation,LiYZ03M,T5,disklavier,0.0445,0.0455,0.0388,0.0445,0.0455,0.0388
Beethoven,Piano_Sonatas_11-1,validation,LiYZ03M,kong,disklavier,0.2227,0.2287,0.1321,0.2166,0.226,0.1287
Beethoven,Piano_Sonatas_11-1,validation,LiYZ03M,oaf,disklavier,0.2347,0.2623,0.143,0.2347,0.2623,0.143
Beethoven,Piano_Sonatas_11-1,validation,MaximovI02M,T5,maestro,0.189,0.1286,0.1276,0.189,0.1286,0.1276
Beethoven,Piano_Sonatas_11-1,validation,MaximovI02M,kong,maestro,0.6661,0.5999,0.6368,0.6672,0.5995,0.6379
Beethoven,Piano_Sonatas_11-1,validation,MaximovI02M,oaf,maestro,0.6199,0.6137,0.4487,0.6199,0.6137,0.4487
Beethoven,Piano_Sonatas_11-1,validation,MaximovI02M,kong,disklavier,0.0473,0.1511,0.1053,0.0466,0.1522,0.1045
Beethoven,Piano_Sonatas_11-1,validation,MaximovI02M,T5,disklavier,-0.0069,0.04,0.02,-0.0069,0.04,0.02
Beethoven,Piano_Sonatas_11-1,validation,MaximovI02M,oaf,disklavier,0.0697,0.1354,0.0947,0.0697,0.1354,0.0947
Beethoven,Piano_Sonatas_11-1,validation,ZhaoK02M,T5,maestro,0.2543,0.2075,0.2467,0.2543,0.2075,0.2467
Beethoven,Piano_Sonatas_11-1,validation,ZhaoK02M,oaf,maestro,0.5791,0.1795,0.5101,0.5791,0.1795,0.5101
Beethoven,Piano_Sonatas_11-1,validation,ZhaoK02M,kong,maestro,0.4556,0.7836,0.5054,0.4538,0.7852,0.5045
Beethoven,Piano_Sonatas_11-1,validation,ZhaoK02M,T5,disklavier,0.0888,0.1807,0.0729,0.0888,0.1807,0.0729
Beethoven,Piano_Sonatas_11-1,validation,ZhaoK02M,oaf,disklavier,0.1841,0.1808,0.1116,0.1841,0.1808,0.1116
Beethoven,Piano_Sonatas_11-1,validation,ZhaoK02M,kong,disklavier,0.1569,0.2164,0.0657,0.1583,0.2186,0.0672
Beethoven,Piano_Sonatas_27-1,validation,GiacomelliN04M,kong,maestro,0.627,0.3827,0.7226,0.6477,0.3827,0.7319
Beethoven,Piano_Sonatas_27-1,validation,GiacomelliN04M,oaf,maestro,0.3269,0.1341,0.3904,0.3269,0.1341,0.3904
Beethoven,Piano_Sonatas_27-1,validation,GiacomelliN04M,T5,maestro,0.2899,0.1773,0.3466,0.2899,0.1773,0.3466
Beethoven,Piano_Sonatas_27-1,validation,GiacomelliN04M,kong,disklavier,0.2442,0.1161,0.3725,0.244,0.1199,0.3612
Beethoven,Piano_Sonatas_27-1,validation,GiacomelliN04M,T5,disklavier,0.1019,0.0147,0.1923,0.1019,0.0147,0.1923
Beethoven,Piano_Sonatas_27-1,validation,GiacomelliN04M,oaf,disklavier,0.2347,0.097,0.3818,0.2347,0.097,0.3818
Beethoven,Piano_Sonatas_27-1,validation,Ko05M,T5,maestro,0.0933,0.1404,0.1301,0.0933,0.1404,0.1301
Beethoven,Piano_Sonatas_27-1,validation,Ko05M,oaf,maestro,0.1161,0.1427,0.203,0.1161,0.1427,0.203
Beethoven,Piano_Sonatas_27-1,validation,Ko05M,kong,maestro,0.2502,0.3831,0.3947,0.2433,0.3868,0.4036
Beethoven,Piano_Sonatas_27-1,validation,Ko05M,oaf,disklavier,0.0628,0.2008,0.057,0.0628,0.2008,0.057
Beethoven,Piano_Sonatas_27-1,validation,Ko05M,kong,disklavier,0.084,0.2695,0.079,0.085,0.2772,0.0763
Beethoven,Piano_Sonatas_27-1,validation,Ko05M,T5,disklavier,-0.0007,0.0255,0.001,-0.0007,0.0255,0.001
Beethoven,Piano_Sonatas_27-1,validation,MiyashitaM02M,kong,maestro,0.6156,0.7879,0.6091,0.6441,0.7883,0.6676
Beethoven,Piano_Sonatas_27-1,validation,MiyashitaM02M,T5,maestro,0.234,0.2192,0.3388,0.234,0.2192,0.3388
Beethoven,Piano_Sonatas_27-1,validation,MiyashitaM02M,oaf,maestro,0.2019,0.1519,0.1869,0.2019,0.1519,0.1869
Beethoven,Piano_Sonatas_27-1,validation,MiyashitaM02M,oaf,disklavier,0.0566,0.1146,0.0571,0.0566,0.1146,0.0571
Beethoven,Piano_Sonatas_27-1,validation,MiyashitaM02M,T5,disklavier,0.023,0.0182,0.0583,0.023,0.0182,0.0583
Beethoven,Piano_Sonatas_27-1,validation,MiyashitaM02M,kong,disklavier,0.0416,0.1266,0.0319,0.0445,0.1282,0.0343
Chopin,Scherzos_20,validation,Kurz04M,kong,maestro,0.5164,0.5535,0.2886,0.5189,0.5221,0.2874
Chopin,Scherzos_20,validation,Kurz04M,oaf,maestro,0.397,0.1873,0.2021,0.397,0.1873,0.2021
Chopin,Scherzos_20,validation,Kurz04M,T5,maestro,0.3583,0.2467,0.2262,0.3583,0.2467,0.2262
Chopin,Scherzos_20,validation,Kurz04M,oaf,disklavier,0.2288,0.2479,0.111,0.2288,0.2479,0.111
Chopin,Scherzos_20,validation,Kurz04M,kong,disklavier,0.2421,0.2789,0.1005,0.2288,0.2873,0.0802
Chopin,Scherzos_20,validation,Kurz04M,T5,disklavier,0.1535,0.1174,0.0683,0.1535,0.1174,0.0683
Chopin,Scherzos_20,validation,ZhangYunling04M,T5,maestro,0.365,0.446,0.3207,0.365,0.446,0.3207
Chopin,Scherzos_20,validation,ZhangYunling04M,oaf,maestro,0.447,0.1624,0.3127,0.447,0.1624,0.3127
Chopin,Scherzos_20,validation,ZhangYunling04M,kong,maestro,0.56,0.5808,0.5474,0.5655,0.3968,0.572
Chopin,Scherzos_20,validation,ZhangYunling04M,T5,disklavier,0.2038,0.0305,0.0916,0.2038,0.0305,0.0916
Chopin,Scherzos_20,validation,ZhangYunling04M,oaf,disklavier,0.1954,0.1661,0.1056,0.1954,0.1661,0.1056
Chopin,Scherzos_20,validation,ZhangYunling04M,kong,disklavier,0.2861,0.1453,0.1262,0.2844,0.145,0.1221
Haydn,Keyboard_Sonatas_39-1,validation,Yarden07M,T5,maestro,0.281,0.2804,0.371,0.281,0.2804,0.371
Haydn,Keyboard_Sonatas_39-1,validation,Yarden07M,oaf,maestro,0.3969,0.2823,0.4422,0.3969,0.2823,0.4422
Haydn,Keyboard_Sonatas_39-1,validation,Yarden07M,kong,maestro,0.5857,0.6427,0.6327,0.5856,0.6467,0.6335
Haydn,Keyboard_Sonatas_39-1,validation,Yarden07M,T5,disklavier,0.1015,0.0166,0.0521,0.1015,0.0166,0.0521
Haydn,Keyboard_Sonatas_39-1,validation,Yarden07M,kong,disklavier,0.115,0.1292,0.1015,0.1054,0.1278,0.093
Haydn,Keyboard_Sonatas_39-1,validation,Yarden07M,oaf,disklavier,0.1064,0.0872,0.1238,0.1064,0.0872,0.1238
Haydn,Keyboard_Sonatas_39-3,validation,Yarden07M,oaf,maestro,0.5131,0.3832,0.4749,0.5131,0.3832,0.4749
Haydn,Keyboard_Sonatas_39-3,validation,Yarden07M,T5,maestro,0.2745,0.1762,0.2742,0.2745,0.1762,0.2742
Haydn,Keyboard_Sonatas_39-3,validation,Yarden07M,kong,maestro,0.6956,0.634,0.6815,0.669,0.6389,0.6573
Haydn,Keyboard_Sonatas_39-3,validation,Yarden07M,kong,disklavier,0.2305,0.0883,0.1703,0.2218,0.0879,0.1653
Haydn,Keyboard_Sonatas_39-3,validation,Yarden07M,oaf,disklavier,0.1512,0.0512,0.1073,0.1512,0.0512,0.1073
Haydn,Keyboard_Sonatas_39-3,validation,Yarden07M,T5,disklavier,0.0713,0.0118,0.0313,0.0713,0.0118,0.0313
