composer,title,split,performer,model,recording,dyn_corr
Beethoven,Piano_Sonatas_18-1,test,ChenGuang03M,kong,maestro,0.6663
Beethoven,Piano_Sonatas_18-1,test,ChenGuang03M,T5,maestro,0.6145
Beethoven,Piano_Sonatas_18-1,test,ChenGuang03M,oaf,maestro,0.6213
Beethoven,Piano_Sonatas_18-1,test,ChenGuang03M,oaf,disklavier,0.1519
Beethoven,Piano_Sonatas_18-1,test,ChenGuang03M,T5,disklavier,0.0669
Beethoven,Piano_Sonatas_18-1,test,ChenGuang03M,kong,disklavier,0.1822
Beethoven,Piano_Sonatas_18-1,test,KOLESO06M,kong,maestro,0.601
Beethoven,Piano_Sonatas_18-1,test,KOLESO06M,oaf,maestro,0.6172
Beethoven,Piano_Sonatas_18-1,test,KOLESO06M,T5,maestro,0.629
Beethoven,Piano_Sonatas_18-1,test,KOLESO06M,T5,disklavier,0.1287
Beethoven,Piano_Sonatas_18-1,test,KOLESO06M,oaf,disklavier,0.0982
Beethoven,Piano_Sonatas_18-1,test,KOLESO06M,kong,disklavier,0.1168
Beethoven,Piano_Sonatas_18-1,test,LeungR02M,kong,maestro,0.7773
Beethoven,Piano_Sonatas_18-1,test,LeungR02M,T5,maestro,0.6924
Beethoven,Piano_Sonatas_18-1,test,LeungR02M,oaf,maestro,0.4738
Beethoven,Piano_Sonatas_18-1,test,LeungR02M,kong,disklavier,0.0642
Beethoven,Piano_Sonatas_18-1,test,LeungR02M,oaf,disklavier,-0.0153
Beethoven,Piano_Sonatas_18-1,test,LeungR02M,T5,disklavier,0.0193
Beethoven,Piano_Sonatas_18-1,test,Levitsky05M,oaf,maestro,0.1907
Beethoven,Piano_Sonatas_18-1,test,Levitsky05M,kong,maestro,0.5335
Beethoven,Piano_Sonatas_18-1,test,Levitsky05M,T5,maestro,0.5681
Beethoven,Piano_Sonatas_18-1,test,Levitsky05M,kong,disklavier,0.0954
Beethoven,Piano_Sonatas_18-1,test,Levitsky05M,oaf,disklavier,-0.0142
Beethoven,Piano_Sonatas_18-1,test,Levitsky05M,T5,disklavier,0.0635
Beethoven,Piano_Sonatas_18-1,test,ZhangH05M,T5,maestro,0.612
Beethoven,Piano_Sonatas_18-1,test,ZhangH05M,kong,maestro,0.5164
Beethoven,Piano_Sonatas_18-1,test,ZhangH05M,oaf,maestro,0.5782
Beethoven,Piano_Sonatas_18-1,test,ZhangH05M,kong,disklavier,0.0896
Beethoven,Piano_Sonatas_18-1,test,ZhangH05M,T5,disklavier,0.0849
Beethoven,Piano_Sonatas_18-1,test,ZhangH05M,oaf,disklavier,0.0309
Beethoven,Piano_Sonatas_18-4,test,ChenGuang06M,oaf,maestro,0.3158
Beethoven,Piano_Sonatas_18-4,test,ChenGuang06M,kong,maestro,0.5301
Beethoven,Piano_Sonatas_18-4,test,ChenGuang06M,T5,maestro,0.4942
Beethoven,Piano_Sonatas_18-4,test,ChenGuang06M,T5,disklavier,0.2082
Beethoven,Piano_Sonatas_18-4,test,ChenGuang06M,oaf,disklavier,0.121
Beethoven,Piano_Sonatas_18-4,test,ChenGuang06M,kong,disklavier,0.1378
Beethoven,Piano_Sonatas_18-4,test,KOLESO06M,oaf,maestro,0.2811
Beethoven,Piano_Sonatas_18-4,test,KOLESO06M,T5,maestro,0.4029
Beethoven,Piano_Sonatas_18-4,test,KOLESO06M,kong,maestro,0.3665
Beethoven,Piano_Sonatas_18-4,test,KOLESO06M,T5,disklavier,0.1992
Beethoven,Piano_Sonatas_18-4,test,KOLESO06M,oaf,disklavier,0.1251
Beethoven,Piano_Sonatas_18-4,test,KOLESO06M,kong,disklavier,0.1522
Chopin,Polonaises_53,test,Chon08M,T5,maestro,0.2316
Chopin,Polonaises_53,test,Chon08M,oaf,maestro,0.2779
Chopin,Polonaises_53,test,Chon08M,kong,maestro,0.2892
Chopin,Polonaises_53,test,Chon08M,kong,disklavier,0.0771
Chopin,Polonaises_53,test,Chon08M,oaf,disklavier,0.1262
Chopin,Polonaises_53,test,Chon08M,T5,disklavier,0.0056
Chopin,Polonaises_53,test,YeF11M,kong,maestro,0.3291
Chopin,Polonaises_53,test,YeF11M,T5,maestro,0.3147
Chopin,Polonaises_53,test,YeF11M,oaf,maestro,0.2964
Chopin,Polonaises_53,test,YeF11M,oaf,disklavier,0.0566
Chopin,Polonaises_53,test,YeF11M,T5,disklavier,0.0059
Chopin,Polonaises_53,test,YeF11M,kong,disklavier,0.0271
Chopin,Sonata_2_4th,test,KaszoS16M,kong,maestro,0.3652
Chopin,Sonata_2_4th,test,KaszoS16M,T5,maestro,0.2427
Chopin,Sonata_2_4th,test,KaszoS16M,oaf,maestro,0.3042
Chopin,Sonata_2_4th,test,KaszoS16M,oaf,disklavier,0.2293
Chopin,Sonata_2_4th,test,KaszoS16M,T5,disklavier,0.2361
Chopin,Sonata_2_4th,test,KaszoS16M,kong,disklavier,0.1708
Debussy,Pour_le_Piano_1,test,MunA12M,kong,maestro,0.5059
Debussy,Pour_le_Piano_1,test,MunA12M,T5,maestro,0.399
Debussy,Pour_le_Piano_1,test,MunA12M,oaf,maestro,0.2495
Debussy,Pour_le_Piano_1,test,MunA12M,oaf,disklavier,-0.0315
Debussy,Pour_le_Piano_1,test,MunA12M,kong,disklavier,0.0547
Debussy,Pour_le_Piano_1,test,MunA12M,T5,disklavier,0.0211
Liszt,Transcendental_Etudes_10,test,LeungM06M,oaf,maestro,0.2246
Liszt,Transcendental_Etudes_10,test,LeungM06M,kong,maestro,0.3003
Liszt,Transcendental_Etudes_10,test,LeungM06M,T5,maestro,0.2839
Liszt,Transcendental_Etudes_10,test,LeungM06M,oaf,disklavier,-0.0293
Liszt,Transcendental_Etudes_10,test,LeungM06M,T5,disklavier,0.0208
Liszt,Transcendental_Etudes_10,test,LeungM06M,kong,disklavier,-0.0185
Liszt,Transcendental_Etudes_11,test,Huang18M,kong,maestro,0.4843
Liszt,Transcendental_Etudes_11,test,Huang18M,T5,maestro,0.4613
Liszt,Transcendental_Etudes_11,test,Huang18M,oaf,maestro,0.3915
Liszt,Transcendental_Etudes_11,test,Huang18M,oaf,disklavier,0.2683
Liszt,Transcendental_Etudes_11,test,Huang18M,kong,disklavier,0.1987
Liszt,Transcendental_Etudes_11,test,Huang18M,T5,disklavier,0.1527
Rachmaninoff,Preludes_op_23_6,test,Nikiforov14M,kong,maestro,0.6799
Rachmaninoff,Preludes_op_23_6,test,Nikiforov14M,T5,maestro,0.6527
Rachmaninoff,Preludes_op_23_6,test,Nikiforov14M,oaf,maestro,0.521
Rachmaninoff,Preludes_op_23_6,test,Nikiforov14M,T5,disklavier,0.2212
Rachmaninoff,Preludes_op_23_6,test,Nikiforov14M,oaf,disklavier,0.3942
Rachmaninoff,Preludes_op_23_6,test,Nikiforov14M,kong,disklavier,0.4119
Schubert,Impromptu_op.90_D.899_4,test,Huang10M,oaf,maestro,0.476
Schubert,Impromptu_op.90_D.899_4,test,Huang10M,T5,maestro,0.5013
Schubert,Impromptu_op.90_D.899_4,test,Huang10M,kong,maestro,0.5591
Schubert,Impromptu_op.90_D.899_4,test,Huang10M,T5,disklavier,0.204
Schubert,Impromptu_op.90_D.899_4,test,Huang10M,kong,disklavier,0.2194
Schubert,Impromptu_op.90_D.899_4,test,Huang10M,oaf,disklavier,0.166
Schubert,Impromptu_op.90_D.899_4,test,Lin11M,oaf,maestro,0.3532
Schubert,Impromptu_op.90_D.899_4,test,Lin11M,kong,maestro,0.4667
Schubert,Impromptu_op.90_D.899_4,test,Lin11M,T5,maestro,0.5743
Schubert,Impromptu_op.90_D.899_4,test,Lin11M,oaf,disklavier,0.1299
Schubert,Impromptu_op.90_D.899_4,test,Lin11M,T5,disklavier,0.1434
Schubert,Impromptu_op.90_D.899_4,test,Lin11M,kong,disklavier,0.1537
Schubert,Impromptu_op.90_D.899_4,test,LuoJ09M,T5,maestro,0.62
Schubert,Impromptu_op.90_D.899_4,test,LuoJ09M,kong,maestro,0.74
Schubert,Impromptu_op.90_D.899_4,test,LuoJ09M,oaf,maestro,0.6207
Schubert,Impromptu_op.90_D.899_4,test,LuoJ09M,T5,disklavier,0.1681
Schubert,Impromptu_op.90_D.899_4,test,LuoJ09M,oaf,disklavier,0.1703
Schubert,Impromptu_op.90_D.899_4,test,LuoJ09M,kong,disklavier,0.2327
Schubert,Impromptu_op.90_D.899_4,test,WongWY08M,T5,maestro,0.6884
Schubert,Impromptu_op.90_D.899_4,test,WongWY08M,oaf,maestro,0.6246
Schubert,Impromptu_op.90_D.899_4,test,WongWY08M,kong,maestro,0.7685
Schubert,Impromptu_op.90_D.899_4,test,WongWY08M,kong,disklavier,0.235
Schubert,Impromptu_op.90_D.899_4,test,WongWY08M,oaf,disklavier,0.1622
Schubert,Impromptu_op.90_D.899_4,test,WongWY08M,T5,disklavier,0.1687
Schubert,Piano_Sonatas_664-1,test,BuiJL06M,oaf,maestro,0.6312
Schubert,Piano_Sonatas_664-1,test,BuiJL06M,kong,maestro,0.6908
Schubert,Piano_Sonatas_664-1,test,BuiJL06M,T5,maestro,0.6634
Schubert,Piano_Sonatas_664-1,test,BuiJL06M,T5,disklavier,0.2671
Schubert,Piano_Sonatas_664-1,test,BuiJL06M,kong,disklavier,0.2587
Schubert,Piano_Sonatas_664-1,test,BuiJL06M,oaf,disklavier,0.3014
Schubert,Piano_Sonatas_664-1,test,KabuliL10M,T5,maestro,0.7565
Schubert,Piano_Sonatas_664-1,test,KabuliL10M,oaf,maestro,0.6008
Schubert,Piano_Sonatas_664-1,test,KabuliL10M,kong,maestro,0.7923
Schubert,Piano_Sonatas_664-1,test,KabuliL10M,T5,disklavier,0.3289
Schubert,Piano_Sonatas_664-1,test,KabuliL10M,oaf,disklavier,0.3187
Schubert,Piano_Sonatas_664-1,test,KabuliL10M,kong,disklavier,0.3708
Bach,Fugue_bwv_848,train,Denisova06M,oaf,maestro,0.8597
Bach,Fugue_bwv_848,train,Denisova06M,kong,maestro,0.9119
Bach,Fugue_bwv_848,train,Denisova06M,T5,maestro,0.8933
Bach,Fugue_bwv_848,train,Denisova06M,oaf,disklavier,0.4476
Bach,Fugue_bwv_848,train,Denisova06M,T5,disklavier,0.4554
Bach,Fugue_bwv_848,train,Denisova06M,kong,disklavier,0.4701
Bach,Fugue_bwv_848,train,Lin04M,oaf,maestro,0.5927
Bach,Fugue_bwv_848,train,Lin04M,kong,maestro,0.7551
Bach,Fugue_bwv_848,train,Lin04M,T5,maestro,0.8187
Bach,Fugue_bwv_848,train,Lin04M,T5,disklavier,0.4382
Bach,Fugue_bwv_848,train,Lin04M,kong,disklavier,0.4291
Bach,Fugue_bwv_848,train,Lin04M,oaf,disklavier,0.4116
Bach,Fugue_bwv_848,train,Lou01M,kong,maestro,0.7936
Bach,Fugue_bwv_848,train,Lou01M,T5,maestro,0.8911
Bach,Fugue_bwv_848,train,Lou01M,oaf,maestro,0.7933
Bach,Fugue_bwv_848,train,Lou01M,T5,disklavier,0.2521
Bach,Fugue_bwv_848,train,Lou01M,oaf,disklavier,0.4762
Bach,Fugue_bwv_848,train,Lou01M,kong,disklavier,0.4971
Bach,Fugue_bwv_848,train,MiyashitaM01M,oaf,maestro,0.7486
Bach,Fugue_bwv_848,train,MiyashitaM01M,T5,maestro,0.7743
Bach,Fugue_bwv_848,train,MiyashitaM01M,kong,maestro,0.7708
Bach,Fugue_bwv_848,train,MiyashitaM01M,oaf,disklavier,0.4326
Bach,Fugue_bwv_848,train,MiyashitaM01M,T5,disklavier,-0.0312
Bach,Fugue_bwv_848,train,MiyashitaM01M,kong,disklavier,0.5755
Bach,Fugue_bwv_848,train,Mizumoto03M,kong,maestro,0.8313
Bach,Fugue_bwv_848,train,Mizumoto03M,T5,maestro,0.8368
Bach,Fugue_bwv_848,train,Mizumoto03M,oaf,maestro,0.8208
Bach,Fugue_bwv_848,train,Mizumoto03M,kong,disklavier,0.5375
Bach,Fugue_bwv_848,train,Mizumoto03M,T5,disklavier,0.5286
Bach,Fugue_bwv_848,train,Mizumoto03M,oaf,disklavier,0.4859
Bach,Fugue_bwv_848,train,SunY01M,T5,maestro,0.9062
Bach,Fugue_bwv_848,train,SunY01M,oaf,maestro,0.8522
Bach,Fugue_bwv_848,train,SunY01M,kong,maestro,0.7767
Bach,Fugue_bwv_848,train,SunY01M,kong,disklavier,0.4718
Bach,Fugue_bwv_848,train,SunY01M,T5,disklavier,0.3733
Bach,Fugue_bwv_848,train,SunY01M,oaf,disklavier,0.4593
Bach,Fugue_bwv_848,train,Zhou01M,T5,maestro,0.9519
Bach,Fugue_bwv_848,train,Zhou01M,oaf,maestro,0.8134
Bach,Fugue_bwv_848,train,Zhou01M,kong,maestro,0.8619
Bach,Fugue_bwv_848,train,Zhou01M,kong,disklavier,0.5647
Bach,Fugue_bwv_848,train,Zhou01M,oaf,disklavier,0.5373
Bach,Fugue_bwv_848,train,Zhou01M,T5,disklavier,0.5551
Beethoven,Piano_Sonatas_21-1,train,GonzalezJ06M,T5,maestro,0.8263
Beethoven,Piano_Sonatas_21-1,train,GonzalezJ06M,kong,maestro,0.8355
Beethoven,Piano_Sonatas_21-1,train,GonzalezJ06M,oaf,maestro,0.786
Beethoven,Piano_Sonatas_21-1,train,GonzalezJ06M,oaf,disklavier,0.633
Beethoven,Piano_Sonatas_21-1,train,GonzalezJ06M,T5,disklavier,0.5371
Beethoven,Piano_Sonatas_21-1,train,GonzalezJ06M,kong,disklavier,0.5983
Beethoven,Piano_Sonatas_21-1,train,KimSY02M,oaf,maestro,0.8045
Beethoven,Piano_Sonatas_21-1,train,KimSY02M,kong,maestro,0.8631
Beethoven,Piano_Sonatas_21-1,train,KimSY02M,T5,maestro,0.8562
Beethoven,Piano_Sonatas_21-1,train,KimSY02M,T5,disklavier,0.6476
Beethoven,Piano_Sonatas_21-1,train,KimSY02M,oaf,disklavier,0.6912
Beethoven,Piano_Sonatas_21-1,train,KimSY02M,kong,disklavier,0.7011
Beethoven,Piano_Sonatas_21-1,train,LeeN02M,T5,maestro,0.8401
Beethoven,Piano_Sonatas_21-1,train,LeeN02M,kong,maestro,0.8239
Beethoven,Piano_Sonatas_21-1,train,LeeN02M,oaf,maestro,0.7591
Beethoven,Piano_Sonatas_21-1,train,LeeN02M,kong,disklavier,0.6982
Beethoven,Piano_Sonatas_21-1,train,LeeN02M,T5,disklavier,0.5839
Beethoven,Piano_Sonatas_21-1,train,LeeN02M,oaf,disklavier,0.6844
Beethoven,Piano_Sonatas_21-1,train,RichardsonC02M,oaf,maestro,0.7189
Beethoven,Piano_Sonatas_21-1,train,RichardsonC02M,kong,maestro,0.7665
Beethoven,Piano_Sonatas_21-1,train,RichardsonC02M,T5,maestro,0.7443
Beethoven,Piano_Sonatas_21-1,train,RichardsonC02M,kong,disklavier,0.6156
Beethoven,Piano_Sonatas_21-1,train,RichardsonC02M,T5,disklavier,0.5189
Beethoven,Piano_Sonatas_21-1,train,RichardsonC02M,oaf,disklavier,0.6033
Beethoven,Piano_Sonatas_21-1,train,Shychko02M,T5,maestro,0.8339
Beethoven,Piano_Sonatas_21-1,train,Shychko02M,kong,maestro,0.8511
Beethoven,Piano_Sonatas_21-1,train,Shychko02M,oaf,maestro,0.7602
Beethoven,Piano_Sonatas_21-1,train,Shychko02M,kong,disklavier,0.6403
Beethoven,Piano_Sonatas_21-1,train,Shychko02M,oaf,disklavier,0.6176
Beethoven,Piano_Sonatas_21-1,train,Shychko02M,T5,disklavier,0.5926
Beethoven,Piano_Sonatas_21-1,train,Sladek02M,oaf,maestro,0.7736
Beethoven,Piano_Sonatas_21-1,train,Sladek02M,kong,maestro,0.8091
Beethoven,Piano_Sonatas_21-1,train,Sladek02M,T5,maestro,0.8162
Beethoven,Piano_Sonatas_21-1,train,Sladek02M,oaf,disklavier,0.6537
Beethoven,Piano_Sonatas_21-1,train,Sladek02M,T5,disklavier,0.5697
Beethoven,Piano_Sonatas_21-1,train,Sladek02M,kong,disklavier,0.645
Beethoven,Piano_Sonatas_21-1,train,Song03M,oaf,maestro,0.7834
Beethoven,Piano_Sonatas_21-1,train,Song03M,kong,maestro,0.8402
Beethoven,Piano_Sonatas_21-1,train,Song03M,T5,maestro,0.8654
Beethoven,Piano_Sonatas_21-1,train,Song03M,T5,disklavier,0.5308
Beethoven,Piano_Sonatas_21-1,train,Song03M,kong,disklavier,0.6992
Beethoven,Piano_Sonatas_21-1,train,Song03M,oaf,disklavier,0.6954
Beethoven,Piano_Sonatas_21-1,train,SunY02M,T5,maestro,0.8351
Beethoven,Piano_Sonatas_21-1,train,SunY02M,oaf,maestro,0.7809
Beethoven,Piano_Sonatas_21-1,train,SunY02M,kong,maestro,0.8599
Beethoven,Piano_Sonatas_21-1,train,SunY02M,oaf,disklavier,0.7032
Beethoven,Piano_Sonatas_21-1,train,SunY02M,kong,disklavier,0.7354
Beethoven,Piano_Sonatas_21-1,train,SunY02M,T5,disklavier,0.6607
Beethoven,Piano_Sonatas_21-1,train,Tetzloff05M,T5,maestro,0.7597
Beethoven,Piano_Sonatas_21-1,train,Tetzloff05M,oaf,maestro,0.668
Beethoven,Piano_Sonatas_21-1,train,Tetzloff05M,kong,maestro,0.7565
Beethoven,Piano_Sonatas_21-1,train,Tetzloff05M,T5,disklavier,0.5176
Beethoven,Piano_Sonatas_21-1,train,Tetzloff05M,oaf,disklavier,0.5337
Beethoven,Piano_Sonatas_21-1,train,Tetzloff05M,kong,disklavier,0.5817
Beethoven,Piano_Sonatas_21-1,train,ToA02M,oaf,maestro,0.7915
Beethoven,Piano_Sonatas_21-1,train,ToA02M,kong,maestro,0.8861
Beethoven,Piano_Sonatas_21-1,train,ToA02M,T5,maestro,0.8741
Beethoven,Piano_Sonatas_21-1,train,ToA02M,oaf,disklavier,0.6735
Beethoven,Piano_Sonatas_21-1,train,ToA02M,T5,disklavier,0.6238
Beethoven,Piano_Sonatas_21-1,train,ToA02M,kong,disklavier,0.7174
Beethoven,Piano_Sonatas_21-1,train,TongB03M,oaf,maestro,0.7068
Beethoven,Piano_Sonatas_21-1,train,TongB03M,kong,maestro,0.8179
Beethoven,Piano_Sonatas_21-1,train,TongB03M,T5,maestro,0.8033
Beethoven,Piano_Sonatas_21-1,train,TongB03M,oaf,disklavier,0.6443
Beethoven,Piano_Sonatas_21-1,train,TongB03M,T5,disklavier,0.5655
Beethoven,Piano_Sonatas_21-1,train,TongB03M,kong,disklavier,0.6474
Beethoven,Piano_Sonatas_21-1,train,WangA02M,T5,maestro,0.8659
Beethoven,Piano_Sonatas_21-1,train,WangA02M,oaf,maestro,0.7939
Beethoven,Piano_Sonatas_21-1,train,WangA02M,kong,maestro,0.8367
Beethoven,Piano_Sonatas_21-1,train,WangA02M,oaf,disklavier,0.6733
Beethoven,Piano_Sonatas_21-1,train,WangA02M,kong,disklavier,0.665
Beethoven,Piano_Sonatas_21-1,train,WangA02M,T5,disklavier,0.5835
Beethoven,Piano_Sonatas_21-1,train,YeZ02M,kong,maestro,0.8442
Beethoven,Piano_Sonatas_21-1,train,YeZ02M,oaf,maestro,0.7452
Beethoven,Piano_Sonatas_21-1,train,YeZ02M,T5,maestro,0.8322
Beethoven,Piano_Sonatas_21-1,train,YeZ02M,T5,disklavier,0.5923
Beethoven,Piano_Sonatas_21-1,train,YeZ02M,oaf,disklavier,0.676
Beethoven,Piano_Sonatas_21-1,train,YeZ02M,kong,disklavier,0.6833
Beethoven,Piano_Sonatas_21-1,train,ZhangW01M,T5,maestro,0.8064
Beethoven,Piano_Sonatas_21-1,train,ZhangW01M,oaf,maestro,0.7784
Beethoven,Piano_Sonatas_21-1,train,ZhangW01M,kong,maestro,0.8439
Beethoven,Piano_Sonatas_21-1,train,ZhangW01M,kong,disklavier,0.632
Beethoven,Piano_Sonatas_21-1,train,ZhangW01M,oaf,disklavier,0.6497
Beethoven,Piano_Sonatas_21-1,train,ZhangW01M,T5,disklavier,0.5982
Chopin,Scherzos_31,train,ChenW04M,oaf,maestro,0.4619
Chopin,Scherzos_31,train,ChenW04M,kong,maestro,0.5983
Chopin,Scherzos_31,train,ChenW04M,T5,maestro,0.5573
Chopin,Scherzos_31,train,ChenW04M,kong,disklavier,0.2551
Chopin,Scherzos_31,train,ChenW04M,T5,disklavier,0.1715
Chopin,Scherzos_31,train,ChenW04M,oaf,disklavier,0.1934
Chopin,Scherzos_31,train,HuNY08M,kong,maestro,0.5675
Chopin,Scherzos_31,train,HuNY08M,T5,maestro,0.5512
Chopin,Scherzos_31,train,HuNY08M,oaf,maestro,0.4654
Chopin,Scherzos_31,train,HuNY08M,kong,disklavier,0.1612
Chopin,Scherzos_31,train,HuNY08M,T5,disklavier,0.1115
Chopin,Scherzos_31,train,HuNY08M,oaf,disklavier,0.1654
Chopin,Scherzos_31,train,Jussow11M,oaf,maestro,0.4382
Chopin,Scherzos_31,train,Jussow11M,kong,maestro,0.5683
Chopin,Scherzos_31,train,Jussow11M,T5,maestro,0.5797
Chopin,Scherzos_31,train,Jussow11M,oaf,disklavier,0.2083
Chopin,Scherzos_31,train,Jussow11M,T5,disklavier,0.237
Chopin,Scherzos_31,train,Jussow11M,kong,disklavier,0.2785
Chopin,Scherzos_31,train,LeeN04M,oaf,maestro,0.5187
Chopin,Scherzos_31,train,LeeN04M,T5,maestro,0.6141
Chopin,Scherzos_31,train,LeeN04M,kong,maestro,0.6341
Chopin,Scherzos_31,train,LeeN04M,T5,disklavier,0.2487
Chopin,Scherzos_31,train,LeeN04M,kong,disklavier,0.2655
Chopin,Scherzos_31,train,LeeN04M,oaf,disklavier,0.2431
Chopin,Scherzos_31,train,LinTami06M,T5,maestro,0.5363
Chopin,Scherzos_31,train,LinTami06M,kong,maestro,0.5184
Chopin,Scherzos_31,train,LinTami06M,oaf,maestro,0.4451
Chopin,Scherzos_31,train,LinTami06M,kong,disklavier,0.2196
Chopin,Scherzos_31,train,LinTami06M,oaf,disklavier,0.252
Chopin,Scherzos_31,train,LinTami06M,T5,disklavier,0.1886
Chopin,Scherzos_31,train,LuoJ12M,T5,maestro,0.5932
Chopin,Scherzos_31,train,LuoJ12M,kong,maestro,0.5826
Chopin,Scherzos_31,train,LuoJ12M,oaf,maestro,0.4431
Chopin,Scherzos_31,train,LuoJ12M,oaf,disklavier,0.1974
Chopin,Scherzos_31,train,LuoJ12M,kong,disklavier,0.2316
Chopin,Scherzos_31,train,LuoJ12M,T5,disklavier,0.1988
Chopin,Scherzos_31,train,SunD04M,kong,maestro,0.5084
Chopin,Scherzos_31,train,SunD04M,oaf,maestro,0.4343
Chopin,Scherzos_31,train,SunD04M,T5,maestro,0.4881
Chopin,Scherzos_31,train,SunD04M,kong,disklavier,0.1565
Chopin,Scherzos_31,train,SunD04M,T5,disklavier,0.1877
Chopin,Scherzos_31,train,SunD04M,oaf,disklavier,0.1905
Chopin,Scherzos_31,train,TongB04M,kong,maestro,0.6367
Chopin,Scherzos_31,train,TongB04M,T5,maestro,0.6139
Chopin,Scherzos_31,train,TongB04M,oaf,maestro,0.4874
Chopin,Scherzos_31,train,TongB04M,oaf,disklavier,0.2322
Chopin,Scherzos_31,train,TongB04M,kong,disklavier,0.2764
Chopin,Scherzos_31,train,TongB04M,T5,disklavier,0.2457
Chopin,Scherzos_31,train,TuanS05M,kong,maestro,0.6566
Chopin,Scherzos_31,train,TuanS05M,oaf,maestro,0.4755
Chopin,Scherzos_31,train,TuanS05M,T5,maestro,0.5733
Chopin,Scherzos_31,train,TuanS05M,T5,disklavier,0.2234
Chopin,Scherzos_31,train,TuanS05M,oaf,disklavier,0.2161
Chopin,Scherzos_31,train,TuanS05M,kong,disklavier,0.2651
Chopin,Scherzos_31,train,ZhangW04M,T5,maestro,0.5262
Chopin,Scherzos_31,train,ZhangW04M,oaf,maestro,0.5083
Chopin,Scherzos_31,train,ZhangW04M,kong,maestro,0.6052
Chopin,Scherzos_31,train,ZhangW04M,oaf,disklavier,0.2166
Chopin,Scherzos_31,train,ZhangW04M,kong,disklavier,0.1895
Chopin,Scherzos_31,train,ZhangW04M,T5,disklavier,0.1524
Debussy,Images_Book_1_1_Reflets_dans_lEau,train,Kleisen11M,kong,maestro,0.4374
Debussy,Images_Book_1_1_Reflets_dans_lEau,train,Kleisen11M,oaf,maestro,0.2931
Debussy,Images_Book_1_1_Reflets_dans_lEau,train,Kleisen11M,T5,maestro,0.4929
Debussy,Images_Book_1_1_Reflets_dans_lEau,train,Kleisen11M,T5,disklavier,0.0442
Debussy,Images_Book_1_1_Reflets_dans_lEau,train,Kleisen11M,kong,disklavier,0.1085
Debussy,Images_Book_1_1_Reflets_dans_lEau,train,Kleisen11M,oaf,disklavier,0.0739
Debussy,Images_Book_1_1_Reflets_dans_lEau,train,ParkJH13M,T5,maestro,0.8231
Debussy,Images_Book_1_1_Reflets_dans_lEau,train,ParkJH13M,kong,maestro,0.8349
Debussy,Images_Book_1_1_Reflets_dans_lEau,train,ParkJH13M,oaf,maestro,0.4913
Debussy,Images_Book_1_1_Reflets_dans_lEau,train,ParkJH13M,T5,disklavier,0.1841
Debussy,Images_Book_1_1_Reflets_dans_lEau,train,ParkJH13M,kong,disklavier,0.2662
Debussy,Images_Book_1_1_Reflets_dans_lEau,train,ParkJH13M,oaf,disklavier,0.4699
Glinka,The_Lark,train,Denisova10M,oaf,maestro,0.8648
Glinka,The_Lark,train,Denisova10M,kong,maestro,0.8926
Glinka,The_Lark,train,Denisova10M,T5,maestro,0.8945
Glinka,The_Lark,train,Denisova10M,oaf,disklavier,0.7599
Glinka,The_Lark,train,Denisova10M,T5,disklavier,0.2668
Glinka,The_Lark,train,Denisova10M,kong,disklavier,0.7548
Glinka,The_Lark,train,Kleisen07M,oaf,maestro,0.4131
Glinka,The_Lark,train,Kleisen07M,kong,maestro,0.4548
Glinka,The_Lark,train,Kleisen07M,T5,maestro,0.5143
Glinka,The_Lark,train,Kleisen07M,oaf,disklavier,0.2057
Glinka,The_Lark,train,Kleisen07M,kong,disklavier,0.1837
Glinka,The_Lark,train,Kleisen07M,T5,disklavier,0.1346
Haydn,Keyboard_Sonatas_50-1,train,GalantM02M,oaf,maestro,0.644
Haydn,Keyboard_Sonatas_50-1,train,GalantM02M,kong,maestro,0.8086
Haydn,Keyboard_Sonatas_50-1,train,GalantM02M,T5,maestro,0.7643
Haydn,Keyboard_Sonatas_50-1,train,GalantM02M,kong,disklavier,0.3973
Haydn,Keyboard_Sonatas_50-1,train,GalantM02M,T5,disklavier,0.334
Haydn,Keyboard_Sonatas_50-1,train,GalantM02M,oaf,disklavier,0.4229
Haydn,Keyboard_Sonatas_50-1,train,HamSY02M,oaf,maestro,0.588
Haydn,Keyboard_Sonatas_50-1,train,HamSY02M,kong,maestro,0.7454
Haydn,Keyboard_Sonatas_50-1,train,HamSY02M,T5,maestro,0.6296
Haydn,Keyboard_Sonatas_50-1,train,HamSY02M,T5,disklavier,0.2496
Haydn,Keyboard_Sonatas_50-1,train,HamSY02M,oaf,disklavier,0.4598
Haydn,Keyboard_Sonatas_50-1,train,HamSY02M,kong,disklavier,0.4645
Haydn,Keyboard_Sonatas_50-1,train,Huang05M,T5,maestro,0.7183
Haydn,Keyboard_Sonatas_50-1,train,Huang05M,kong,maestro,0.7278
Haydn,Keyboard_Sonatas_50-1,train,Huang05M,oaf,maestro,0.6736
Haydn,Keyboard_Sonatas_50-1,train,Huang05M,T5,disklavier,0.2995
Haydn,Keyboard_Sonatas_50-1,train,Huang05M,kong,disklavier,0.377
Haydn,Keyboard_Sonatas_50-1,train,Huang05M,oaf,disklavier,0.5007
Haydn,Keyboard_Sonatas_50-1,train,JeonH03M,oaf,maestro,0.6974
Haydn,Keyboard_Sonatas_50-1,train,JeonH03M,kong,maestro,0.7985
Haydn,Keyboard_Sonatas_50-1,train,JeonH03M,T5,maestro,0.6851
Haydn,Keyboard_Sonatas_50-1,train,JeonH03M,oaf,disklavier,0.4898
Haydn,Keyboard_Sonatas_50-1,train,JeonH03M,kong,disklavier,0.5071
Haydn,Keyboard_Sonatas_50-1,train,JeonH03M,T5,disklavier,0.4478
Haydn,Keyboard_Sonatas_50-1,train,KARYAG06M,oaf,maestro,0.6164
Haydn,Keyboard_Sonatas_50-1,train,KARYAG06M,T5,maestro,0.6714
Haydn,Keyboard_Sonatas_50-1,train,KARYAG06M,kong,maestro,0.7436
Haydn,Keyboard_Sonatas_50-1,train,KARYAG06M,oaf,disklavier,0.4171
Haydn,Keyboard_Sonatas_50-1,train,KARYAG06M,kong,disklavier,0.3792
Haydn,Keyboard_Sonatas_50-1,train,KARYAG06M,T5,disklavier,0.1556
Haydn,Keyboard_Sonatas_50-1,train,Shi07M,T5,maestro,0.7813
Haydn,Keyboard_Sonatas_50-1,train,Shi07M,kong,maestro,0.795
Haydn,Keyboard_Sonatas_50-1,train,Shi07M,oaf,maestro,0.7658
Haydn,Keyboard_Sonatas_50-1,train,Shi07M,oaf,disklavier,0.5392
Haydn,Keyboard_Sonatas_50-1,train,Shi07M,T5,disklavier,0.1976
Haydn,Keyboard_Sonatas_50-1,train,Shi07M,kong,disklavier,0.511
Haydn,Keyboard_Sonatas_50-1,train,YoungS02M,T5,maestro,0.7789
Haydn,Keyboard_Sonatas_50-1,train,YoungS02M,kong,maestro,0.7712
Haydn,Keyboard_Sonatas_50-1,train,YoungS02M,oaf,maestro,0.7225
Haydn,Keyboard_Sonatas_50-1,train,YoungS02M,T5,disklavier,0.4195
Haydn,Keyboard_Sonatas_50-1,train,YoungS02M,kong,disklavier,0.4532
Haydn,Keyboard_Sonatas_50-1,train,YoungS02M,oaf,disklavier,0.4636
Liszt,Gran_Etudes_de_Paganini_2_La_campanella,train,BuiJL03M,kong,maestro,0.553
Liszt,Gran_Etudes_de_Paganini_2_La_campanella,train,BuiJL03M,oaf,maestro,0.3888
Liszt,Gran_Etudes_de_Paganini_2_La_campanella,train,BuiJL03M,T5,maestro,0.4623
Liszt,Gran_Etudes_de_Paganini_2_La_campanella,train,BuiJL03M,T5,disklavier,0.152
Liszt,Gran_Etudes_de_Paganini_2_La_campanella,train,BuiJL03M,kong,disklavier,0.0998
Liszt,Gran_Etudes_de_Paganini_2_La_campanella,train,BuiJL03M,oaf,disklavier,0.0857
Liszt,Gran_Etudes_de_Paganini_2_La_campanella,train,LeungR04M,kong,maestro,0.5302
Liszt,Gran_Etudes_de_Paganini_2_La_campanella,train,LeungR04M,T5,maestro,0.4832
Liszt,Gran_Etudes_de_Paganini_2_La_campanella,train,LeungR04M,oaf,maestro,0.3837
Liszt,Gran_Etudes_de_Paganini_2_La_campanella,train,LeungR04M,T5,disklavier,0.2232
Liszt,Gran_Etudes_de_Paganini_2_La_campanella,train,LeungR04M,oaf,disklavier,0.134
Liszt,Gran_Etudes_de_Paganini_2_La_campanella,train,LeungR04M,kong,disklavier,0.2043
Liszt,Gran_Etudes_de_Paganini_2_La_campanella,train,Levitsky06M,kong,maestro,0.4244
Liszt,Gran_Etudes_de_Paganini_2_La_campanella,train,Levitsky06M,oaf,maestro,0.3031
Liszt,Gran_Etudes_de_Paganini_2_La_campanella,train,Levitsky06M,T5,maestro,0.4597
Liszt,Gran_Etudes_de_Paganini_2_La_campanella,train,Levitsky06M,T5,disklavier,0.161
Liszt,Gran_Etudes_de_Paganini_2_La_campanella,train,Levitsky06M,kong,disklavier,0.1968
Liszt,Gran_Etudes_de_Paganini_2_La_campanella,train,Levitsky06M,oaf,disklavier,0.1253
Liszt,Gran_Etudes_de_Paganini_2_La_campanella,train,Lin07M,kong,maestro,0.4614
Liszt,Gran_Etudes_de_Paganini_2_La_campanella,train,Lin07M,oaf,maestro,0.3041
Liszt,Gran_Etudes_de_Paganini_2_La_campanella,train,Lin07M,T5,maestro,0.4127
Liszt,Gran_Etudes_de_Paganini_2_La_campanella,train,Lin07M,T5,disklavier,0.1613
Liszt,Gran_Etudes_de_Paganini_2_La_campanella,train,Lin07M,oaf,disklavier,0.1354
Liszt,Gran_Etudes_de_Paganini_2_La_campanella,train,Lin07M,kong,disklavier,0.1535
Liszt,Gran_Etudes_de_Paganini_2_La_campanella,train,LiuC05M,T5,maestro,0.5844
Liszt,Gran_Etudes_de_Paganini_2_La_campanella,train,LiuC05M,kong,maestro,0.4987
Liszt,Gran_Etudes_de_Paganini_2_La_campanella,train,LiuC05M,oaf,maestro,0.4831
Liszt,Gran_Etudes_de_Paganini_2_La_campanella,train,LiuC05M,oaf,disklavier,0.1283
Liszt,Gran_Etudes_de_Paganini_2_La_campanella,train,LiuC05M,kong,disklavier,0.1507
Liszt,Gran_Etudes_de_Paganini_2_La_campanella,train,LiuC05M,T5,disklavier,0.1667
Liszt,Gran_Etudes_de_Paganini_2_La_campanella,train,LiuY03M,T5,maestro,0.4635
Liszt,Gran_Etudes_de_Paganini_2_La_campanella,train,LiuY03M,oaf,maestro,0.3574
Liszt,Gran_Etudes_de_Paganini_2_La_campanella,train,LiuY03M,kong,maestro,0.5183
Liszt,Gran_Etudes_de_Paganini_2_La_campanella,train,LiuY03M,kong,disklavier,0.1695
Liszt,Gran_Etudes_de_Paganini_2_La_campanella,train,LiuY03M,T5,disklavier,0.1723
Liszt,Gran_Etudes_de_Paganini_2_La_campanella,train,LiuY03M,oaf,disklavier,0.1548
Liszt,Gran_Etudes_de_Paganini_2_La_campanella,train,MunA08M,T5,maestro,0.4226
Liszt,Gran_Etudes_de_Paganini_2_La_campanella,train,MunA08M,kong,maestro,0.5027
Liszt,Gran_Etudes_de_Paganini_2_La_campanella,train,MunA08M,oaf,maestro,0.4042
Liszt,Gran_Etudes_de_Paganini_2_La_campanella,train,MunA08M,oaf,disklavier,-0.0012
Liszt,Gran_Etudes_de_Paganini_2_La_campanella,train,MunA08M,kong,disklavier,0.0341
Liszt,Gran_Etudes_de_Paganini_2_La_campanella,train,MunA08M,T5,disklavier,0.0263
Liszt,Gran_Etudes_de_Paganini_2_La_campanella,train,VuV06M,T5,maestro,0.5911
Liszt,Gran_Etudes_de_Paganini_2_La_campanella,train,VuV06M,oaf,maestro,0.4118
Liszt,Gran_Etudes_de_Paganini_2_La_campanella,train,VuV06M,kong,maestro,0.6283
Liszt,Gran_Etudes_de_Paganini_2_La_campanella,train,VuV06M,oaf,disklavier,0.1468
Liszt,Gran_Etudes_de_Paganini_2_La_campanella,train,VuV06M,kong,disklavier,0.2591
Liszt,Gran_Etudes_de_Paganini_2_La_campanella,train,VuV06M,T5,disklavier,0.1771
Liszt,Gran_Etudes_de_Paganini_2_La_campanella,train,Yang05M,T5,maestro,0.515
Liszt,Gran_Etudes_de_Paganini_2_La_campanella,train,Yang05M,kong,maestro,0.4704
Liszt,Gran_Etudes_de_Paganini_2_La_campanella,train,Yang05M,oaf,maestro,0.351
Liszt,Gran_Etudes_de_Paganini_2_La_campanella,train,Yang05M,kong,disklavier,0.1498
Liszt,Gran_Etudes_de_Paganini_2_La_campanella,train,Yang05M,oaf,disklavier,0.1864
Liszt,Gran_Etudes_de_Paganini_2_La_campanella,train,Yang05M,T5,disklavier,0.2334
Liszt,Gran_Etudes_de_Paganini_2_La_campanella,train,ZhangH07M,T5,maestro,0.3727
Liszt,Gran_Etudes_de_Paganini_2_La_campanella,train,ZhangH07M,kong,maestro,0.4061
Liszt,Gran_Etudes_de_Paganini_2_La_campanella,train,ZhangH07M,oaf,maestro,0.2901
Liszt,Gran_Etudes_de_Paganini_2_La_campanella,train,ZhangH07M,oaf,disklavier,0.0722
Liszt,Gran_Etudes_de_Paganini_2_La_campanella,train,ZhangH07M,kong,disklavier,0.1402
Liszt,Gran_Etudes_de_Paganini_2_La_campanella,train,ZhangH07M,T5,disklavier,0.0821
Mozart,Piano_Sonatas_12-1,train,MunA03M,oaf,maestro,0.656
Mozart,Piano_Sonatas_12-1,train,MunA03M,T5,maestro,0.677
Mozart,Piano_Sonatas_12-1,train,MunA03M,kong,maestro,0.6365
Mozart,Piano_Sonatas_12-1,train,MunA03M,oaf,disklavier,0.081
Mozart,Piano_Sonatas_12-1,train,MunA03M,T5,disklavier,0.0693
Mozart,Piano_Sonatas_12-1,train,MunA03M,kong,disklavier,0.1519
Mozart,Piano_Sonatas_12-1,train,WuuE02M,oaf,maestro,0.4168
Mozart,Piano_Sonatas_12-1,train,WuuE02M,T5,maestro,0.6915
Mozart,Piano_Sonatas_12-1,train,WuuE02M,kong,maestro,0.7866
Mozart,Piano_Sonatas_12-1,train,WuuE02M,T5,disklavier,0.223
Mozart,Piano_Sonatas_12-1,train,WuuE02M,oaf,disklavier,0.1643
Mozart,Piano_Sonatas_12-1,train,WuuE02M,kong,disklavier,0.2301
Rachmaninoff,Preludes_op_23_4,train,ChenGuang12M,kong,maestro,0.7788
Rachmaninoff,Preludes_op_23_4,train,ChenGuang12M,T5,maestro,0.7263
Rachmaninoff,Preludes_op_23_4,train,ChenGuang12M,oaf,maestro,0.721
Rachmaninoff,Preludes_op_23_4,train,ChenGuang12M,kong,disklavier,0.2088
Rachmaninoff,Preludes_op_23_4,train,ChenGuang12M,T5,disklavier,0.1078
Rachmaninoff,Preludes_op_23_4,train,ChenGuang12M,oaf,disklavier,0.5177
Rachmaninoff,Preludes_op_23_4,train,WuuE07M,T5,maestro,0.6932
Rachmaninoff,Preludes_op_23_4,train,WuuE07M,kong,maestro,0.6964
Rachmaninoff,Preludes_op_23_4,train,WuuE07M,oaf,maestro,0.4906
Rachmaninoff,Preludes_op_23_4,train,WuuE07M,T5,disklavier,-0.1241
Rachmaninoff,Preludes_op_23_4,train,WuuE07M,oaf,disklavier,-0.1147
Rachmaninoff,Preludes_op_23_4,train,WuuE07M,kong,disklavier,-0.1102
Schubert,Impromptu_op.90_D.899_3,train,Hou06M,oaf,maestro,0.521
Schubert,Impromptu_op.90_D.899_3,train,Hou06M,kong,maestro,0.5756
Schubert,Impromptu_op.90_D.899_3,train,Hou06M,T5,maestro,0.6273
Schubert,Impromptu_op.90_D.899_3,train,Hou06M,T5,disklavier,0.0929
Schubert,Impromptu_op.90_D.899_3,train,Hou06M,kong,disklavier,0.1539
Schubert,Impromptu_op.90_D.899_3,train,Hou06M,oaf,disklavier,0.0585
Schubert,Impromptu_op.90_D.899_3,train,JeonH06M,oaf,maestro,0.7231
Schubert,Impromptu_op.90_D.899_3,train,JeonH06M,T5,maestro,0.7802
Schubert,Impromptu_op.90_D.899_3,train,JeonH06M,kong,maestro,0.7452
Schubert,Impromptu_op.90_D.899_3,train,JeonH06M,kong,disklavier,0.2713
Schubert,Impromptu_op.90_D.899_3,train,JeonH06M,oaf,disklavier,0.1793
Schubert,Impromptu_op.90_D.899_3,train,JeonH06M,T5,disklavier,0.2232
Schubert,Impromptu_op.90_D.899_3,train,Ko08M,oaf,maestro,0.6185
Schubert,Impromptu_op.90_D.899_3,train,Ko08M,kong,maestro,0.6459
Schubert,Impromptu_op.90_D.899_3,train,Ko08M,T5,maestro,0.6468
Schubert,Impromptu_op.90_D.899_3,train,Ko08M,kong,disklavier,0.1599
Schubert,Impromptu_op.90_D.899_3,train,Ko08M,T5,disklavier,0.1252
Schubert,Impromptu_op.90_D.899_3,train,Ko08M,oaf,disklavier,0.0926
Schubert,Impromptu_op.90_D.899_3,train,Kociuban10M,oaf,maestro,0.6731
Schubert,Impromptu_op.90_D.899_3,train,Kociuban10M,kong,maestro,0.7814
Schubert,Impromptu_op.90_D.899_3,train,Kociuban10M,T5,maestro,0.7629
Schubert,Impromptu_op.90_D.899_3,train,Kociuban10M,oaf,disklavier,0.1585
Schubert,Impromptu_op.90_D.899_3,train,Kociuban10M,T5,disklavier,0.1148
Schubert,Impromptu_op.90_D.899_3,train,Kociuban10M,kong,disklavier,0.1374
Schubert,Impromptu_op.90_D.899_3,train,LEE_K04M,oaf,maestro,0.6187
Schubert,Impromptu_op.90_D.899_3,train,LEE_K04M,kong,maestro,0.6372
Schubert,Impromptu_op.90_D.899_3,train,LEE_K04M,T5,maestro,0.6503
Schubert,Impromptu_op.90_D.899_3,train,LEE_K04M,T5,disklavier,0.1852
Schubert,Impromptu_op.90_D.899_3,train,LEE_K04M,oaf,disklavier,0.0866
Schubert,Impromptu_op.90_D.899_3,train,LEE_K04M,kong,disklavier,0.1673
Schubert,Impromptu_op.90_D.899_3,train,LeeSH08M,oaf,maestro,0.6895
Schubert,Impromptu_op.90_D.899_3,train,LeeSH08M,T5,maestro,0.6956
Schubert,Impromptu_op.90_D.899_3,train,LeeSH08M,kong,maestro,0.7198
Schubert,Impromptu_op.90_D.899_3,train,LeeSH08M,kong,disklavier,0.161
Schubert,Impromptu_op.90_D.899_3,train,LeeSH08M,oaf,disklavier,0.0879
Schubert,Impromptu_op.90_D.899_3,train,LeeSH08M,T5,disklavier,0.1721
Schubert,Impromptu_op.90_D.899_3,train,Mizumoto07M,kong,maestro,0.6435
Schubert,Impromptu_op.90_D.899_3,train,Mizumoto07M,oaf,maestro,0.5661
Schubert,Impromptu_op.90_D.899_3,train,Mizumoto07M,T5,maestro,0.6521
Schubert,Impromptu_op.90_D.899_3,train,Mizumoto07M,T5,disklavier,0.1532
Schubert,Impromptu_op.90_D.899_3,train,Mizumoto07M,kong,disklavier,0.1955
Schubert,Impromptu_op.90_D.899_3,train,Mizumoto07M,oaf,disklavier,0.0865
Schubert,Impromptu_op.90_D.899_3,train,Woo10M,oaf,maestro,0.4603
Schubert,Impromptu_op.90_D.899_3,train,Woo10M,kong,maestro,0.7196
Schubert,Impromptu_op.90_D.899_3,train,Woo10M,T5,maestro,0.6649
Schubert,Impromptu_op.90_D.899_3,train,Woo10M,kong,disklavier,0.1719
Schubert,Impromptu_op.90_D.899_3,train,Woo10M,oaf,disklavier,0.0183
Schubert,Impromptu_op.90_D.899_3,train,Woo10M,T5,disklavier,0.135
Schubert,Impromptu_op.90_D.899_3,train,WuuE10M,oaf,maestro,0.5812
Schubert,Impromptu_op.90_D.899_3,train,WuuE10M,kong,maestro,0.7701
Schubert,Impromptu_op.90_D.899_3,train,WuuE10M,T5,maestro,0.7578
Schubert,Impromptu_op.90_D.899_3,train,WuuE10M,oaf,disklavier,0.1279
Schubert,Impromptu_op.90_D.899_3,train,WuuE10M,T5,disklavier,0.1177
Schubert,Impromptu_op.90_D.899_3,train,WuuE10M,kong,disklavier,0.3324
Schubert,Impromptu_op.90_D.899_3,train,ZhangW07M,kong,maestro,0.7299
Schubert,Impromptu_op.90_D.899_3,train,ZhangW07M,oaf,maestro,0.7091
Schubert,Impromptu_op.90_D.899_3,train,ZhangW07M,T5,maestro,0.7634
Schubert,Impromptu_op.90_D.899_3,train,ZhangW07M,T5,disklavier,0.2012
Schubert,Impromptu_op.90_D.899_3,train,ZhangW07M,oaf,disklavier,0.3533
Schubert,Impromptu_op.90_D.899_3,train,ZhangW07M,kong,disklavier,0.3532
Schubert,Impromptu_op.90_D.899_3,train,ZhaoK10M,kong,maestro,0.7457
Schubert,Impromptu_op.90_D.899_3,train,ZhaoK10M,T5,maestro,0.7206
Schubert,Impromptu_op.90_D.899_3,train,ZhaoK10M,oaf,maestro,0.6887
Schubert,Impromptu_op.90_D.899_3,train,ZhaoK10M,oaf,disklavier,-0.0166
Schubert,Impromptu_op.90_D.899_3,train,ZhaoK10M,kong,disklavier,0.0482
Schubert,Impromptu_op.90_D.899_3,train,ZhaoK10M,T5,disklavier,0.0598
Scriabin,Sonatas_5,train,FaB05M,T5,maestro,0.6341
Scriabin,Sonatas_5,train,FaB05M,oaf,maestro,0.5535
Scriabin,Sonatas_5,train,FaB05M,kong,maestro,0.6349
Scriabin,Sonatas_5,train,FaB05M,kong,disklavier,0.4789
Scriabin,Sonatas_5,train,FaB05M,T5,disklavier,0.2843
Scriabin,Sonatas_5,train,FaB05M,oaf,disklavier,0.0992
Scriabin,Sonatas_5,train,GarritsonL06M,T5,maestro,0.5398
Scriabin,Sonatas_5,train,GarritsonL06M,oaf,maestro,0.4776
Scriabin,Sonatas_5,train,GarritsonL06M,kong,maestro,0.5685
Scriabin,Sonatas_5,train,GarritsonL06M,T5,disklavier,0.3832
Scriabin,Sonatas_5,train,GarritsonL06M,oaf,disklavier,0.2366
Scriabin,Sonatas_5,train,GarritsonL06M,kong,disklavier,0.2432
Scriabin,Sonatas_5,train,Ko07M,T5,maestro,0.5496
Scriabin,Sonatas_5,train,Ko07M,oaf,maestro,0.4467
Scriabin,Sonatas_5,train,Ko07M,kong,maestro,0.5707
Scriabin,Sonatas_5,train,Ko07M,oaf,disklavier,0.4499
Scriabin,Sonatas_5,train,Ko07M,T5,disklavier,0.3883
Scriabin,Sonatas_5,train,Ko07M,kong,disklavier,0.4123
Scriabin,Sonatas_5,train,Na07M,kong,maestro,0.6438
Scriabin,Sonatas_5,train,Na07M,oaf,maestro,0.6114
Scriabin,Sonatas_5,train,Na07M,T5,maestro,0.6026
Scriabin,Sonatas_5,train,Na07M,oaf,disklavier,0.5191
Scriabin,Sonatas_5,train,Na07M,T5,disklavier,0.4506
Scriabin,Sonatas_5,train,Na07M,kong,disklavier,0.5024
Scriabin,Sonatas_5,train,Yeletskiy07M,T5,maestro,0.6784
Scriabin,Sonatas_5,train,Yeletskiy07M,kong,maestro,0.687
Scriabin,Sonatas_5,train,Yeletskiy07M,oaf,maestro,0.6132
Scriabin,Sonatas_5,train,Yeletskiy07M,kong,disklavier,0.4863
Scriabin,Sonatas_5,train,Yeletskiy07M,T5,disklavier,0.2439
Scriabin,Sonatas_5,train,Yeletskiy07M,oaf,disklavier,0.4988
Beethoven,Piano_Sonatas_11-1,validation,LiC03M,oaf,maestro,0.3981
Beethoven,Piano_Sonatas_11-1,validation,LiC03M,kong,maestro,0.576
Beethoven,Piano_Sonatas_11-1,validation,LiC03M,T5,maestro,0.5332
Beethoven,Piano_Sonatas_11-1,validation,LiC03M,kong,disklavier,0.2292
Beethoven,Piano_Sonatas_11-1,validation,LiC03M,T5,disklavier,0.2208
Beethoven,Piano_Sonatas_11-1,validation,LiC03M,oaf,disklavier,0.1639
Beethoven,Piano_Sonatas_11-1,validation,LiYZ03M,kong,maestro,0.6717
Beethoven,Piano_Sonatas_11-1,validation,LiYZ03M,T5,maestro,0.5534
Beethoven,Piano_Sonatas_11-1,validation,LiYZ03M,oaf,maestro,0.4651
Beethoven,Piano_Sonatas_11-1,validation,LiYZ03M,T5,disklavier,0.252
Beethoven,Piano_Sonatas_11-1,validation,LiYZ03M,kong,disklavier,0.2214
Beethoven,Piano_Sonatas_11-1,validation,LiYZ03M,oaf,disklavier,0.1882
Beethoven,Piano_Sonatas_11-1,validation,MaximovI02M,oaf,maestro,0.5057
Beethoven,Piano_Sonatas_11-1,validation,MaximovI02M,kong,maestro,0.5532
Beethoven,Piano_Sonatas_11-1,validation,MaximovI02M,T5,maestro,0.5424
Beethoven,Piano_Sonatas_11-1,validation,MaximovI02M,kong,disklavier,0.1095
Beethoven,Piano_Sonatas_11-1,validation,MaximovI02M,oaf,disklavier,0.0879
Beethoven,Piano_Sonatas_11-1,validation,MaximovI02M,T5,disklavier,0.0916
Beethoven,Piano_Sonatas_11-1,validation,ZhaoK02M,kong,maestro,0.6077
Beethoven,Piano_Sonatas_11-1,validation,ZhaoK02M,T5,maestro,0.617
Beethoven,Piano_Sonatas_11-1,validation,ZhaoK02M,oaf,maestro,0.5956
Beethoven,Piano_Sonatas_11-1,validation,ZhaoK02M,oaf,disklavier,0.3632
Beethoven,Piano_Sonatas_11-1,validation,ZhaoK02M,kong,disklavier,0.2345
Beethoven,Piano_Sonatas_11-1,validation,ZhaoK02M,T5,disklavier,0.2321
Beethoven,Piano_Sonatas_27-1,validation,GiacomelliN04M,kong,maestro,0.5978
Beethoven,Piano_Sonatas_27-1,validation,GiacomelliN04M,oaf,maestro,0.4385
Beethoven,Piano_Sonatas_27-1,validation,GiacomelliN04M,T5,maestro,0.5525
Beethoven,Piano_Sonatas_27-1,validation,GiacomelliN04M,oaf,disklavier,0.0183
Beethoven,Piano_Sonatas_27-1,validation,GiacomelliN04M,T5,disklavier,0.0814
Beethoven,Piano_Sonatas_27-1,validation,GiacomelliN04M,kong,disklavier,0.1256
Beethoven,Piano_Sonatas_27-1,validation,Ko05M,kong,maestro,0.3193
Beethoven,Piano_Sonatas_27-1,validation,Ko05M,T5,maestro,0.2183
Beethoven,Piano_Sonatas_27-1,validation,Ko05M,oaf,maestro,0.3651
Beethoven,Piano_Sonatas_27-1,validation,Ko05M,kong,disklavier,0.0444
Beethoven,Piano_Sonatas_27-1,validation,Ko05M,T5,disklavier,0.0736
Beethoven,Piano_Sonatas_27-1,validation,Ko05M,oaf,disklavier,-0.024
Beethoven,Piano_Sonatas_27-1,validation,MiyashitaM02M,oaf,maestro,0.4508
Beethoven,Piano_Sonatas_27-1,validation,MiyashitaM02M,T5,maestro,0.5647
Beethoven,Piano_Sonatas_27-1,validation,MiyashitaM02M,kong,maestro,0.6052
Beethoven,Piano_Sonatas_27-1,validation,MiyashitaM02M,kong,disklavier,0.1693
Beethoven,Piano_Sonatas_27-1,validation,MiyashitaM02M,T5,disklavier,0.1746
Beethoven,Piano_Sonatas_27-1,validation,MiyashitaM02M,oaf,disklavier,0.1338
Chopin,Scherzos_20,validation,Kurz04M,T5,maestro,0.3101
Chopin,Scherzos_20,validation,Kurz04M,oaf,maestro,0.2992
Chopin,Scherzos_20,validation,Kurz04M,kong,maestro,0.383
Chopin,Scherzos_20,validation,Kurz04M,T5,disklavier,0.079
Chopin,Scherzos_20,validation,Kurz04M,oaf,disklavier,0.0626
Chopin,Scherzos_20,validation,Kurz04M,kong,disklavier,0.0381
Chopin,Scherzos_20,validation,ZhangYunling04M,kong,maestro,0.5357
Chopin,Scherzos_20,validation,ZhangYunling04M,oaf,maestro,0.4842
Chopin,Scherzos_20,validation,ZhangYunling04M,T5,maestro,0.5347
Chopin,Scherzos_20,validation,ZhangYunling04M,oaf,disklavier,0.0957
Chopin,Scherzos_20,validation,ZhangYunling04M,T5,disklavier,0.1273
Chopin,Scherzos_20,validation,ZhangYunling04M,kong,disklavier,0.1412
Haydn,Keyboard_Sonatas_39-1,validation,Yarden07M,oaf,maestro,0.3971
Haydn,Keyboard_Sonatas_39-1,validation,Yarden07M,T5,maestro,0.6802
Haydn,Keyboard_Sonatas_39-1,validation,Yarden07M,kong,maestro,0.6106
Haydn,Keyboard_Sonatas_39-1,validation,Yarden07M,T5,disklavier,0.2084
Haydn,Keyboard_Sonatas_39-1,validation,Yarden07M,kong,disklavier,0.1586
Haydn,Keyboard_Sonatas_39-1,validation,Yarden07M,oaf,disklavier,0.0883
Haydn,Keyboard_Sonatas_39-3,validation,Yarden07M,kong,maestro,0.6243
Haydn,Keyboard_Sonatas_39-3,validation,Yarden07M,T5,maestro,0.6515
Haydn,Keyboard_Sonatas_39-3,validation,Yarden07M,oaf,maestro,0.5149
Haydn,Keyboard_Sonatas_39-3,validation,Yarden07M,kong,disklavier,0.1718
Haydn,Keyboard_Sonatas_39-3,validation,Yarden07M,T5,disklavier,0.1767
Haydn,Keyboard_Sonatas_39-3,validation,Yarden07M,oaf,disklavier,0.1051
