composer,title,split,performer,model,recording,peamt
Beethoven,Piano_Sonatas_18-1,test,ChenGuang03M,kong,maestro,0.4224
Beethoven,Piano_Sonatas_18-1,test,ChenGuang03M,oaf,maestro,0.4031
Beethoven,Piano_Sonatas_18-1,test,ChenGuang03M,T5,maestro,0.3811
Beethoven,Piano_Sonatas_18-1,test,ChenGuang03M,kong,disklavier,0.0095
Beethoven,Piano_Sonatas_18-1,test,ChenGuang03M,T5,disklavier,0.009
Beethoven,Piano_Sonatas_18-1,test,ChenGuang03M,oaf,disklavier,0.0113
Beethoven,Piano_Sonatas_18-1,test,KOLESO06M,T5,maestro,0.4544
Beethoven,Piano_Sonatas_18-1,test,KOLESO06M,oaf,maestro,0.4843
Beethoven,Piano_Sonatas_18-1,test,KOLESO06M,kong,maestro,0.4641
Beethoven,Piano_Sonatas_18-1,test,KOLESO06M,oaf,disklavier,0.0133
Beethoven,Piano_Sonatas_18-1,test,KOLESO06M,T5,disklavier,0.0089
Beethoven,Piano_Sonatas_18-1,test,KOLESO06M,kong,disklavier,0.0088
Beethoven,Piano_Sonatas_18-1,test,LeungR02M,T5,maestro,0.4869
Beethoven,Piano_Sonatas_18-1,test,LeungR02M,oaf,maestro,0.5332
Beethoven,Piano_Sonatas_18-1,test,LeungR02M,kong,maestro,0.4326
Beethoven,Piano_Sonatas_18-1,test,LeungR02M,T5,disklavier,0.0126
Beethoven,Piano_Sonatas_18-1,test,LeungR02M,oaf,disklavier,0.0184
Beethoven,Piano_Sonatas_18-1,test,LeungR02M,kong,disklavier,0.0129
Beethoven,Piano_Sonatas_18-1,test,Levitsky05M,kong,maestro,0.3996
Beethoven,Piano_Sonatas_18-1,test,Levitsky05M,T5,maestro,0.3694
Beethoven,Piano_Sonatas_18-1,test,Levitsky05M,oaf,maestro,0.5119
Beethoven,Piano_Sonatas_18-1,test,Levitsky05M,T5,disklavier,0.0088
Beethoven,Piano_Sonatas_18-1,test,Levitsky05M,kong,disklavier,0.0083
Beethoven,Piano_Sonatas_18-1,test,Levitsky05M,oaf,disklavier,0.013
Beethoven,Piano_Sonatas_18-1,test,ZhangH05M,T5,maestro,0.4248
Beethoven,Piano_Sonatas_18-1,test,ZhangH05M,oaf,maestro,0.5594
Beethoven,Piano_Sonatas_18-1,test,ZhangH05M,kong,maestro,0.5545
Beethoven,Piano_Sonatas_18-1,test,ZhangH05M,T5,disklavier,0.0128
Beethoven,Piano_Sonatas_18-1,test,ZhangH05M,oaf,disklavier,0.0155
Beethoven,Piano_Sonatas_18-1,test,ZhangH05M,kong,disklavier,0.0118
Beethoven,Piano_Sonatas_18-4,test,ChenGuang06M,T5,maestro,0.5806
Beethoven,Piano_Sonatas_18-4,test,ChenGuang06M,kong,maestro,0.722
Beethoven,Piano_Sonatas_18-4,test,ChenGuang06M,oaf,maestro,0.7335
Beethoven,Piano_Sonatas_18-4,test,ChenGuang06M,oaf,disklavier,0.0248
Beethoven,Piano_Sonatas_18-4,test,ChenGuang06M,T5,disklavier,0.0153
Beethoven,Piano_Sonatas_18-4,test,ChenGuang06M,kong,disklavier,0.0164
Beethoven,Piano_Sonatas_18-4,test,KOLESO06M,T5,maestro,0.6287
Beethoven,Piano_Sonatas_18-4,test,KOLESO06M,oaf,maestro,0.7381
Beethoven,Piano_Sonatas_18-4,test,KOLESO06M,kong,maestro,0.6956
Beethoven,Piano_Sonatas_18-4,test,KOLESO06M,oaf,disklavier,0.0144
Beethoven,Piano_Sonatas_18-4,test,KOLESO06M,T5,disklavier,0.0104
Beethoven,Piano_Sonatas_18-4,test,KOLESO06M,kong,disklavier,0.0104
Chopin,Polonaises_53,test,Chon08M,kong,maestro,0.697
Chopin,Polonaises_53,test,Chon08M,oaf,maestro,0.6569
Chopin,Polonaises_53,test,Chon08M,T5,maestro,0.6858
Chopin,Polonaises_53,test,Chon08M,T5,disklavier,0.0112
Chopin,Polonaises_53,test,Chon08M,oaf,disklavier,0.0178
Chopin,Polonaises_53,test,Chon08M,kong,disklavier,0.0149
Chopin,Polonaises_53,test,YeF11M,oaf,maestro,0.7254
Chopin,Polonaises_53,test,YeF11M,T5,maestro,0.7293
Chopin,Polonaises_53,test,YeF11M,kong,maestro,0.758
Chopin,Polonaises_53,test,YeF11M,kong,disklavier,0.0199
Chopin,Polonaises_53,test,YeF11M,T5,disklavier,0.0191
Chopin,Polonaises_53,test,YeF11M,oaf,disklavier,0.0215
Chopin,Sonata_2_4th,test,KaszoS16M,T5,maestro,0.551
Chopin,Sonata_2_4th,test,KaszoS16M,oaf,maestro,0.8168
Chopin,Sonata_2_4th,test,KaszoS16M,kong,maestro,0.7797
Chopin,Sonata_2_4th,test,KaszoS16M,oaf,disklavier,0.023
Chopin,Sonata_2_4th,test,KaszoS16M,T5,disklavier,0.0177
Chopin,Sonata_2_4th,test,KaszoS16M,kong,disklavier,0.0188
Debussy,Pour_le_Piano_1,test,MunA12M,T5,maestro,0.6773
Debussy,Pour_le_Piano_1,test,MunA12M,kong,maestro,0.7124
Debussy,Pour_le_Piano_1,test,MunA12M,oaf,maestro,0.7808
Debussy,Pour_le_Piano_1,test,MunA12M,kong,disklavier,0.0209
Debussy,Pour_le_Piano_1,test,MunA12M,oaf,disklavier,0.0281
Debussy,Pour_le_Piano_1,test,MunA12M,T5,disklavier,0.017
Liszt,Transcendental_Etudes_10,test,LeungM06M,T5,maestro,0.8307
Liszt,Transcendental_Etudes_10,test,LeungM06M,oaf,maestro,0.8376
Liszt,Transcendental_Etudes_10,test,LeungM06M,kong,maestro,0.8185
Liszt,Transcendental_Etudes_10,test,LeungM06M,kong,disklavier,0.0358
Liszt,Transcendental_Etudes_10,test,LeungM06M,oaf,disklavier,0.0515
Liszt,Transcendental_Etudes_10,test,LeungM06M,T5,disklavier,0.0261
Liszt,Transcendental_Etudes_11,test,Huang18M,T5,maestro,0.2843
Liszt,Transcendental_Etudes_11,test,Huang18M,oaf,maestro,0.3307
Liszt,Transcendental_Etudes_11,test,Huang18M,kong,maestro,0.275
Liszt,Transcendental_Etudes_11,test,Huang18M,oaf,disklavier,0.0384
Liszt,Transcendental_Etudes_11,test,Huang18M,T5,disklavier,0.0317
Liszt,Transcendental_Etudes_11,test,Huang18M,kong,disklavier,0.0378
Rachmaninoff,Preludes_op_23_6,test,Nikiforov14M,oaf,maestro,0.6841
Rachmaninoff,Preludes_op_23_6,test,Nikiforov14M,kong,maestro,0.6736
Rachmaninoff,Preludes_op_23_6,test,Nikiforov14M,T5,maestro,0.6213
Rachmaninoff,Preludes_op_23_6,test,Nikiforov14M,kong,disklavier,0.0069
Rachmaninoff,Preludes_op_23_6,test,Nikiforov14M,T5,disklavier,0.0071
Rachmaninoff,Preludes_op_23_6,test,Nikiforov14M,oaf,disklavier,0.0088
Schubert,Impromptu_op.90_D.899_4,test,Huang10M,oaf,maestro,0.719
Schubert,Impromptu_op.90_D.899_4,test,Huang10M,kong,maestro,0.8011
Schubert,Impromptu_op.90_D.899_4,test,Huang10M,T5,maestro,0.573
Schubert,Impromptu_op.90_D.899_4,test,Huang10M,oaf,disklavier,0.0281
Schubert,Impromptu_op.90_D.899_4,test,Huang10M,T5,disklavier,0.0182
Schubert,Impromptu_op.90_D.899_4,test,Huang10M,kong,disklavier,0.0242
Schubert,Impromptu_op.90_D.899_4,test,Lin11M,kong,maestro,0.7389
Schubert,Impromptu_op.90_D.899_4,test,Lin11M,T5,maestro,0.7238
Schubert,Impromptu_op.90_D.899_4,test,Lin11M,oaf,maestro,0.7919
Schubert,Impromptu_op.90_D.899_4,test,Lin11M,kong,disklavier,0.085
Schubert,Impromptu_op.90_D.899_4,test,Lin11M,T5,disklavier,0.0769
Schubert,Impromptu_op.90_D.899_4,test,Lin11M,oaf,disklavier,0.1085
Schubert,Impromptu_op.90_D.899_4,test,LuoJ09M,kong,maestro,0.6815
Schubert,Impromptu_op.90_D.899_4,test,LuoJ09M,oaf,maestro,0.6884
Schubert,Impromptu_op.90_D.899_4,test,LuoJ09M,T5,maestro,0.7322
Schubert,Impromptu_op.90_D.899_4,test,LuoJ09M,oaf,disklavier,0.0257
Schubert,Impromptu_op.90_D.899_4,test,LuoJ09M,kong,disklavier,0.0291
Schubert,Impromptu_op.90_D.899_4,test,LuoJ09M,T5,disklavier,0.0133
Schubert,Impromptu_op.90_D.899_4,test,WongWY08M,oaf,maestro,0.6953
Schubert,Impromptu_op.90_D.899_4,test,WongWY08M,kong,maestro,0.6603
Schubert,Impromptu_op.90_D.899_4,test,WongWY08M,T5,maestro,0.5744
Schubert,Impromptu_op.90_D.899_4,test,WongWY08M,oaf,disklavier,0.0395
Schubert,Impromptu_op.90_D.899_4,test,WongWY08M,T5,disklavier,0.024
Schubert,Impromptu_op.90_D.899_4,test,WongWY08M,kong,disklavier,0.0292
Schubert,Piano_Sonatas_664-1,test,BuiJL06M,T5,maestro,0.545
Schubert,Piano_Sonatas_664-1,test,BuiJL06M,kong,maestro,0.5679
Schubert,Piano_Sonatas_664-1,test,BuiJL06M,oaf,maestro,0.5539
Schubert,Piano_Sonatas_664-1,test,BuiJL06M,oaf,disklavier,0.0115
Schubert,Piano_Sonatas_664-1,test,BuiJL06M,kong,disklavier,0.0093
Schubert,Piano_Sonatas_664-1,test,BuiJL06M,T5,disklavier,0.008
Schubert,Piano_Sonatas_664-1,test,KabuliL10M,T5,maestro,0.5601
Schubert,Piano_Sonatas_664-1,test,KabuliL10M,oaf,maestro,0.6641
Schubert,Piano_Sonatas_664-1,test,KabuliL10M,kong,maestro,0.649
Schubert,Piano_Sonatas_664-1,test,KabuliL10M,T5,disklavier,0.0215
Schubert,Piano_Sonatas_664-1,test,KabuliL10M,oaf,disklavier,0.0221
Schubert,Piano_Sonatas_664-1,test,KabuliL10M,kong,disklavier,0.021
Bach,Fugue_bwv_848,train,Denisova06M,kong,maestro,0.8148
Bach,Fugue_bwv_848,train,Denisova06M,oaf,maestro,0.8402
Bach,Fugue_bwv_848,train,Denisova06M,T5,maestro,0.7676
Bach,Fugue_bwv_848,train,Denisova06M,T5,disklavier,0.0173
Bach,Fugue_bwv_848,train,Denisova06M,kong,disklavier,0.0179
Bach,Fugue_bwv_848,train,Denisova06M,oaf,disklavier,0.0215
Bach,Fugue_bwv_848,train,Lin04M,oaf,maestro,0.8299
Bach,Fugue_bwv_848,train,Lin04M,T5,maestro,0.7478
Bach,Fugue_bwv_848,train,Lin04M,kong,maestro,0.7858
Bach,Fugue_bwv_848,train,Lin04M,T5,disklavier,0.0301
Bach,Fugue_bwv_848,train,Lin04M,oaf,disklavier,0.0397
Bach,Fugue_bwv_848,train,Lin04M,kong,disklavier,0.0296
Bach,Fugue_bwv_848,train,Lou01M,kong,maestro,0.8044
Bach,Fugue_bwv_848,train,Lou01M,T5,maestro,0.7741
Bach,Fugue_bwv_848,train,Lou01M,oaf,maestro,0.8175
Bach,Fugue_bwv_848,train,Lou01M,kong,disklavier,0.0233
Bach,Fugue_bwv_848,train,Lou01M,T5,disklavier,0.023
Bach,Fugue_bwv_848,train,Lou01M,oaf,disklavier,0.0288
Bach,Fugue_bwv_848,train,MiyashitaM01M,oaf,maestro,0.8082
Bach,Fugue_bwv_848,train,MiyashitaM01M,T5,maestro,0.7698
Bach,Fugue_bwv_848,train,MiyashitaM01M,kong,maestro,0.7891
Bach,Fugue_bwv_848,train,MiyashitaM01M,kong,disklavier,0.0149
Bach,Fugue_bwv_848,train,MiyashitaM01M,T5,disklavier,0.0144
Bach,Fugue_bwv_848,train,MiyashitaM01M,oaf,disklavier,0.0243
Bach,Fugue_bwv_848,train,Mizumoto03M,kong,maestro,0.8089
Bach,Fugue_bwv_848,train,Mizumoto03M,T5,maestro,0.7375
Bach,Fugue_bwv_848,train,Mizumoto03M,oaf,maestro,0.8114
Bach,Fugue_bwv_848,train,Mizumoto03M,oaf,disklavier,0.045
Bach,Fugue_bwv_848,train,Mizumoto03M,T5,disklavier,0.0294
Bach,Fugue_bwv_848,train,Mizumoto03M,kong,disklavier,0.0296
Bach,Fugue_bwv_848,train,SunY01M,kong,maestro,0.8046
Bach,Fugue_bwv_848,train,SunY01M,oaf,maestro,0.7902
Bach,Fugue_bwv_848,train,SunY01M,T5,maestro,0.7267
Bach,Fugue_bwv_848,train,SunY01M,kong,disklavier,0.0219
Bach,Fugue_bwv_848,train,SunY01M,oaf,disklavier,0.0296
Bach,Fugue_bwv_848,train,SunY01M,T5,disklavier,0.0266
Bach,Fugue_bwv_848,train,Zhou01M,kong,maestro,0.8659
Bach,Fugue_bwv_848,train,Zhou01M,oaf,maestro,0.8483
Bach,Fugue_bwv_848,train,Zhou01M,T5,maestro,0.7996
Bach,Fugue_bwv_848,train,Zhou01M,T5,disklavier,0.0356
Bach,Fugue_bwv_848,train,Zhou01M,oaf,disklavier,0.0527
Bach,Fugue_bwv_848,train,Zhou01M,kong,disklavier,0.0378
Beethoven,Piano_Sonatas_21-1,train,GonzalezJ06M,T5,maestro,0.4014
Beethoven,Piano_Sonatas_21-1,train,GonzalezJ06M,kong,maestro,0.4687
Beethoven,Piano_Sonatas_21-1,train,GonzalezJ06M,oaf,maestro,0.5792
Beethoven,Piano_Sonatas_21-1,train,GonzalezJ06M,T5,disklavier,0.0204
Beethoven,Piano_Sonatas_21-1,train,GonzalezJ06M,kong,disklavier,0.0258
Beethoven,Piano_Sonatas_21-1,train,GonzalezJ06M,oaf,disklavier,0.0364
Beethoven,Piano_Sonatas_21-1,train,KimSY02M,T5,maestro,0.3405
Beethoven,Piano_Sonatas_21-1,train,KimSY02M,kong,maestro,0.5007
Beethoven,Piano_Sonatas_21-1,train,KimSY02M,oaf,maestro,0.6054
Beethoven,Piano_Sonatas_21-1,train,KimSY02M,oaf,disklavier,0.0355
Beethoven,Piano_Sonatas_21-1,train,KimSY02M,kong,disklavier,0.0231
Beethoven,Piano_Sonatas_21-1,train,KimSY02M,T5,disklavier,0.0264
Beethoven,Piano_Sonatas_21-1,train,LeeN02M,T5,maestro,0.3542
Beethoven,Piano_Sonatas_21-1,train,LeeN02M,oaf,maestro,0.6043
Beethoven,Piano_Sonatas_21-1,train,LeeN02M,kong,maestro,0.4715
Beethoven,Piano_Sonatas_21-1,train,LeeN02M,oaf,disklavier,0.0338
Beethoven,Piano_Sonatas_21-1,train,LeeN02M,kong,disklavier,0.0187
Beethoven,Piano_Sonatas_21-1,train,LeeN02M,T5,disklavier,0.0141
Beethoven,Piano_Sonatas_21-1,train,RichardsonC02M,T5,maestro,0.4245
Beethoven,Piano_Sonatas_21-1,train,RichardsonC02M,oaf,maestro,0.6403
Beethoven,Piano_Sonatas_21-1,train,RichardsonC02M,kong,maestro,0.5772
Beethoven,Piano_Sonatas_21-1,train,RichardsonC02M,oaf,disklavier,0.0423
Beethoven,Piano_Sonatas_21-1,train,RichardsonC02M,kong,disklavier,0.0221
Beethoven,Piano_Sonatas_21-1,train,RichardsonC02M,T5,disklavier,0.0188
Beethoven,Piano_Sonatas_21-1,train,Shychko02M,kong,maestro,0.4846
Beethoven,Piano_Sonatas_21-1,train,Shychko02M,oaf,maestro,0.5896
Beethoven,Piano_Sonatas_21-1,train,Shychko02M,T5,maestro,0.3216
Beethoven,Piano_Sonatas_21-1,train,Shychko02M,oaf,disklavier,0.0206
Beethoven,Piano_Sonatas_21-1,train,Shychko02M,T5,disklavier,0.0047
Beethoven,Piano_Sonatas_21-1,train,Shychko02M,kong,disklavier,0.0109
Beethoven,Piano_Sonatas_21-1,train,Sladek02M,oaf,maestro,0.5881
Beethoven,Piano_Sonatas_21-1,train,Sladek02M,kong,maestro,0.4569
Beethoven,Piano_Sonatas_21-1,train,Sladek02M,T5,maestro,0.4309
Beethoven,Piano_Sonatas_21-1,train,Sladek02M,kong,disklavier,0.0179
Beethoven,Piano_Sonatas_21-1,train,Sladek02M,oaf,disklavier,0.0254
Beethoven,Piano_Sonatas_21-1,train,Sladek02M,T5,disklavier,0.0128
Beethoven,Piano_Sonatas_21-1,train,Song03M,oaf,maestro,0.6427
Beethoven,Piano_Sonatas_21-1,train,Song03M,kong,maestro,0.5641
Beethoven,Piano_Sonatas_21-1,train,Song03M,T5,maestro,0.4476
Beethoven,Piano_Sonatas_21-1,train,Song03M,oaf,disklavier,0.0102
Beethoven,Piano_Sonatas_21-1,train,Song03M,kong,disklavier,0.0076
Beethoven,Piano_Sonatas_21-1,train,Song03M,T5,disklavier,0.007
Beethoven,Piano_Sonatas_21-1,train,SunY02M,T5,maestro,0.472
Beethoven,Piano_Sonatas_21-1,train,SunY02M,oaf,maestro,0.7244
Beethoven,Piano_Sonatas_21-1,train,SunY02M,kong,maestro,0.6194
Beethoven,Piano_Sonatas_21-1,train,SunY02M,oaf,disklavier,0.0507
Beethoven,Piano_Sonatas_21-1,train,SunY02M,kong,disklavier,0.0263
Beethoven,Piano_Sonatas_21-1,train,SunY02M,T5,disklavier,0.0175
Beethoven,Piano_Sonatas_21-1,train,Tetzloff05M,kong,maestro,0.3159
Beethoven,Piano_Sonatas_21-1,train,Tetzloff05M,T5,maestro,0.2939
Beethoven,Piano_Sonatas_21-1,train,Tetzloff05M,oaf,maestro,0.5225
Beethoven,Piano_Sonatas_21-1,train,Tetzloff05M,oaf,disklavier,0.023
Beethoven,Piano_Sonatas_21-1,train,Tetzloff05M,T5,disklavier,0.0122
Beethoven,Piano_Sonatas_21-1,train,Tetzloff05M,kong,disklavier,0.0109
Beethoven,Piano_Sonatas_21-1,train,ToA02M,oaf,maestro,0.7096
Beethoven,Piano_Sonatas_21-1,train,ToA02M,T5,maestro,0.4992
Beethoven,Piano_Sonatas_21-1,train,ToA02M,kong,maestro,0.6098
Beethoven,Piano_Sonatas_21-1,train,ToA02M,kong,disklavier,0.0251
Beethoven,Piano_Sonatas_21-1,train,ToA02M,oaf,disklavier,0.0337
Beethoven,Piano_Sonatas_21-1,train,ToA02M,T5,disklavier,0.0202
Beethoven,Piano_Sonatas_21-1,train,TongB03M,kong,maestro,0.4981
Beethoven,Piano_Sonatas_21-1,train,TongB03M,oaf,maestro,0.6002
Beethoven,Piano_Sonatas_21-1,train,TongB03M,T5,maestro,0.458
Beethoven,Piano_Sonatas_21-1,train,TongB03M,T5,disklavier,0.0162
Beethoven,Piano_Sonatas_21-1,train,TongB03M,kong,disklavier,0.0219
Beethoven,Piano_Sonatas_21-1,train,TongB03M,oaf,disklavier,0.0376
Beethoven,Piano_Sonatas_21-1,train,WangA02M,T5,maestro,0.4402
Beethoven,Piano_Sonatas_21-1,train,WangA02M,kong,maestro,0.5887
Beethoven,Piano_Sonatas_21-1,train,WangA02M,oaf,maestro,0.6399
Beethoven,Piano_Sonatas_21-1,train,WangA02M,oaf,disklavier,0.0382
Beethoven,Piano_Sonatas_21-1,train,WangA02M,kong,disklavier,0.0093
Beethoven,Piano_Sonatas_21-1,train,WangA02M,T5,disklavier,0.0133
Beethoven,Piano_Sonatas_21-1,train,YeZ02M,kong,maestro,0.5489
Beethoven,Piano_Sonatas_21-1,train,YeZ02M,oaf,maestro,0.6242
Beethoven,Piano_Sonatas_21-1,train,YeZ02M,T5,maestro,0.5191
Beethoven,Piano_Sonatas_21-1,train,YeZ02M,T5,disklavier,0.0117
Beethoven,Piano_Sonatas_21-1,train,YeZ02M,oaf,disklavier,0.0276
Beethoven,Piano_Sonatas_21-1,train,YeZ02M,kong,disklavier,0.0147
Beethoven,Piano_Sonatas_21-1,train,ZhangW01M,T5,maestro,0.5347
Beethoven,Piano_Sonatas_21-1,train,ZhangW01M,oaf,maestro,0.6464
Beethoven,Piano_Sonatas_21-1,train,ZhangW01M,kong,maestro,0.5887
Beethoven,Piano_Sonatas_21-1,train,ZhangW01M,kong,disklavier,0.0345
Beethoven,Piano_Sonatas_21-1,train,ZhangW01M,oaf,disklavier,0.05
Beethoven,Piano_Sonatas_21-1,train,ZhangW01M,T5,disklavier,0.0233
Chopin,Scherzos_31,train,ChenW04M,kong,maestro,0.5763
Chopin,Scherzos_31,train,ChenW04M,oaf,maestro,0.6202
Chopin,Scherzos_31,train,ChenW04M,T5,maestro,0.5627
Chopin,Scherzos_31,train,ChenW04M,oaf,disklavier,0.028
Chopin,Scherzos_31,train,ChenW04M,T5,disklavier,0.0179
Chopin,Scherzos_31,train,ChenW04M,kong,disklavier,0.0187
Chopin,Scherzos_31,train,HuNY08M,oaf,maestro,0.6022
Chopin,Scherzos_31,train,HuNY08M,kong,maestro,0.5618
Chopin,Scherzos_31,train,HuNY08M,T5,maestro,0.4869
Chopin,Scherzos_31,train,HuNY08M,T5,disklavier,0.0039
Chopin,Scherzos_31,train,HuNY08M,kong,disklavier,0.0058
Chopin,Scherzos_31,train,HuNY08M,oaf,disklavier,0.0065
Chopin,Scherzos_31,train,Jussow11M,kong,maestro,0.6252
Chopin,Scherzos_31,train,Jussow11M,oaf,maestro,0.6269
Chopin,Scherzos_31,train,Jussow11M,T5,maestro,0.6236
Chopin,Scherzos_31,train,Jussow11M,kong,disklavier,0.0193
Chopin,Scherzos_31,train,Jussow11M,T5,disklavier,0.0145
Chopin,Scherzos_31,train,Jussow11M,oaf,disklavier,0.0199
Chopin,Scherzos_31,train,LeeN04M,T5,maestro,0.6693
Chopin,Scherzos_31,train,LeeN04M,oaf,maestro,0.7268
Chopin,Scherzos_31,train,LeeN04M,kong,maestro,0.689
Chopin,Scherzos_31,train,LeeN04M,T5,disklavier,0.0229
Chopin,Scherzos_31,train,LeeN04M,kong,disklavier,0.024
Chopin,Scherzos_31,train,LeeN04M,oaf,disklavier,0.0363
Chopin,Scherzos_31,train,LinTami06M,T5,maestro,0.6423
Chopin,Scherzos_31,train,LinTami06M,oaf,maestro,0.7292
Chopin,Scherzos_31,train,LinTami06M,kong,maestro,0.6913
Chopin,Scherzos_31,train,LinTami06M,kong,disklavier,0.0461
Chopin,Scherzos_31,train,LinTami06M,oaf,disklavier,0.052
Chopin,Scherzos_31,train,LinTami06M,T5,disklavier,0.0335
Chopin,Scherzos_31,train,LuoJ12M,oaf,maestro,0.6177
Chopin,Scherzos_31,train,LuoJ12M,kong,maestro,0.588
Chopin,Scherzos_31,train,LuoJ12M,T5,maestro,0.5938
Chopin,Scherzos_31,train,LuoJ12M,oaf,disklavier,0.0283
Chopin,Scherzos_31,train,LuoJ12M,kong,disklavier,0.0206
Chopin,Scherzos_31,train,LuoJ12M,T5,disklavier,0.0204
Chopin,Scherzos_31,train,SunD04M,kong,maestro,0.6577
Chopin,Scherzos_31,train,SunD04M,oaf,maestro,0.692
Chopin,Scherzos_31,train,SunD04M,T5,maestro,0.6176
Chopin,Scherzos_31,train,SunD04M,T5,disklavier,0.026
Chopin,Scherzos_31,train,SunD04M,oaf,disklavier,0.0404
Chopin,Scherzos_31,train,SunD04M,kong,disklavier,0.0275
Chopin,Scherzos_31,train,TongB04M,oaf,maestro,0.7059
Chopin,Scherzos_31,train,TongB04M,kong,maestro,0.6354
Chopin,Scherzos_31,train,TongB04M,T5,maestro,0.5128
Chopin,Scherzos_31,train,TongB04M,T5,disklavier,0.0234
Chopin,Scherzos_31,train,TongB04M,kong,disklavier,0.0235
Chopin,Scherzos_31,train,TongB04M,oaf,disklavier,0.0356
Chopin,Scherzos_31,train,TuanS05M,T5,maestro,0.6065
Chopin,Scherzos_31,train,TuanS05M,oaf,maestro,0.7161
Chopin,Scherzos_31,train,TuanS05M,kong,maestro,0.6832
Chopin,Scherzos_31,train,TuanS05M,kong,disklavier,0.0349
Chopin,Scherzos_31,train,TuanS05M,T5,disklavier,0.0262
Chopin,Scherzos_31,train,TuanS05M,oaf,disklavier,0.0341
Chopin,Scherzos_31,train,ZhangW04M,oaf,maestro,0.6183
Chopin,Scherzos_31,train,ZhangW04M,kong,maestro,0.5953
Chopin,Scherzos_31,train,ZhangW04M,T5,maestro,0.6026
Chopin,Scherzos_31,train,ZhangW04M,T5,disklavier,0.0222
Chopin,Scherzos_31,train,ZhangW04M,oaf,disklavier,0.0331
Chopin,Scherzos_31,train,ZhangW04M,kong,disklavier,0.0233
Debussy,Images_Book_1_1_Reflets_dans_lEau,train,Kleisen11M,T5,maestro,0.5224
Debussy,Images_Book_1_1_Reflets_dans_lEau,train,Kleisen11M,oaf,maestro,0.5732
Debussy,Images_Book_1_1_Reflets_dans_lEau,train,Kleisen11M,kong,maestro,0.534
Debussy,Images_Book_1_1_Reflets_dans_lEau,train,Kleisen11M,kong,disklavier,0.0109
Debussy,Images_Book_1_1_Reflets_dans_lEau,train,Kleisen11M,oaf,disklavier,0.0126
Debussy,Images_Book_1_1_Reflets_dans_lEau,train,Kleisen11M,T5,disklavier,0.006
Debussy,Images_Book_1_1_Reflets_dans_lEau,train,ParkJH13M,T5,maestro,0.6395
Debussy,Images_Book_1_1_Reflets_dans_lEau,train,ParkJH13M,oaf,maestro,0.6842
Debussy,Images_Book_1_1_Reflets_dans_lEau,train,ParkJH13M,kong,maestro,0.6406
Debussy,Images_Book_1_1_Reflets_dans_lEau,train,ParkJH13M,oaf,disklavier,0.0199
Debussy,Images_Book_1_1_Reflets_dans_lEau,train,ParkJH13M,T5,disklavier,0.0282
Debussy,Images_Book_1_1_Reflets_dans_lEau,train,ParkJH13M,kong,disklavier,0.0294
Glinka,The_Lark,train,Denisova10M,kong,maestro,0.3685
Glinka,The_Lark,train,Denisova10M,oaf,maestro,0.4389
Glinka,The_Lark,train,Denisova10M,T5,maestro,0.3347
Glinka,The_Lark,train,Denisova10M,T5,disklavier,0.013
Glinka,The_Lark,train,Denisova10M,kong,disklavier,0.0139
Glinka,The_Lark,train,Denisova10M,oaf,disklavier,0.0183
Glinka,The_Lark,train,Kleisen07M,T5,maestro,0.439
Glinka,The_Lark,train,Kleisen07M,oaf,maestro,0.4814
Glinka,The_Lark,train,Kleisen07M,kong,maestro,0.4886
Glinka,The_Lark,train,Kleisen07M,kong,disklavier,0.0124
Glinka,The_Lark,train,Kleisen07M,oaf,disklavier,0.0146
Glinka,The_Lark,train,Kleisen07M,T5,disklavier,0.0114
Haydn,Keyboard_Sonatas_50-1,train,GalantM02M,kong,maestro,0.5734
Haydn,Keyboard_Sonatas_50-1,train,GalantM02M,oaf,maestro,0.6517
Haydn,Keyboard_Sonatas_50-1,train,GalantM02M,T5,maestro,0.5307
Haydn,Keyboard_Sonatas_50-1,train,GalantM02M,T5,disklavier,0.01
Haydn,Keyboard_Sonatas_50-1,train,GalantM02M,oaf,disklavier,0.011
Haydn,Keyboard_Sonatas_50-1,train,GalantM02M,kong,disklavier,0.0094
Haydn,Keyboard_Sonatas_50-1,train,HamSY02M,T5,maestro,0.5612
Haydn,Keyboard_Sonatas_50-1,train,HamSY02M,kong,maestro,0.6087
Haydn,Keyboard_Sonatas_50-1,train,HamSY02M,oaf,maestro,0.6501
Haydn,Keyboard_Sonatas_50-1,train,HamSY02M,oaf,disklavier,0.0155
Haydn,Keyboard_Sonatas_50-1,train,HamSY02M,kong,disklavier,0.011
Haydn,Keyboard_Sonatas_50-1,train,HamSY02M,T5,disklavier,0.0108
Haydn,Keyboard_Sonatas_50-1,train,Huang05M,T5,maestro,0.502
Haydn,Keyboard_Sonatas_50-1,train,Huang05M,kong,maestro,0.5827
Haydn,Keyboard_Sonatas_50-1,train,Huang05M,oaf,maestro,0.6277
Haydn,Keyboard_Sonatas_50-1,train,Huang05M,T5,disklavier,0.0092
Haydn,Keyboard_Sonatas_50-1,train,Huang05M,kong,disklavier,0.0097
Haydn,Keyboard_Sonatas_50-1,train,Huang05M,oaf,disklavier,0.0118
Haydn,Keyboard_Sonatas_50-1,train,JeonH03M,kong,maestro,0.6616
Haydn,Keyboard_Sonatas_50-1,train,JeonH03M,oaf,maestro,0.6634
Haydn,Keyboard_Sonatas_50-1,train,JeonH03M,T5,maestro,0.2475
Haydn,Keyboard_Sonatas_50-1,train,JeonH03M,oaf,disklavier,0.0115
Haydn,Keyboard_Sonatas_50-1,train,JeonH03M,kong,disklavier,0.0086
Haydn,Keyboard_Sonatas_50-1,train,JeonH03M,T5,disklavier,0.0089
Haydn,Keyboard_Sonatas_50-1,train,KARYAG06M,oaf,maestro,0.6969
Haydn,Keyboard_Sonatas_50-1,train,KARYAG06M,kong,maestro,0.571
Haydn,Keyboard_Sonatas_50-1,train,KARYAG06M,T5,maestro,0.5205
Haydn,Keyboard_Sonatas_50-1,train,KARYAG06M,kong,disklavier,0.0105
Haydn,Keyboard_Sonatas_50-1,train,KARYAG06M,T5,disklavier,0.0101
Haydn,Keyboard_Sonatas_50-1,train,KARYAG06M,oaf,disklavier,0.0146
Haydn,Keyboard_Sonatas_50-1,train,Shi07M,T5,maestro,0.5112
Haydn,Keyboard_Sonatas_50-1,train,Shi07M,oaf,maestro,0.6523
Haydn,Keyboard_Sonatas_50-1,train,Shi07M,kong,maestro,0.6032
Haydn,Keyboard_Sonatas_50-1,train,Shi07M,oaf,disklavier,0.0127
Haydn,Keyboard_Sonatas_50-1,train,Shi07M,T5,disklavier,0.0102
Haydn,Keyboard_Sonatas_50-1,train,Shi07M,kong,disklavier,0.0102
Haydn,Keyboard_Sonatas_50-1,train,YoungS02M,T5,maestro,0.4038
Haydn,Keyboard_Sonatas_50-1,train,YoungS02M,oaf,maestro,0.5816
Haydn,Keyboard_Sonatas_50-1,train,YoungS02M,kong,maestro,0.5257
Haydn,Keyboard_Sonatas_50-1,train,YoungS02M,kong,disklavier,0.0069
Haydn,Keyboard_Sonatas_50-1,train,YoungS02M,T5,disklavier,0.0069
Haydn,Keyboard_Sonatas_50-1,train,YoungS02M,oaf,disklavier,0.0095
Liszt,Gran_Etudes_de_Paganini_2_La_campanella,train,BuiJL03M,kong,maestro,0.737
Liszt,Gran_Etudes_de_Paganini_2_La_campanella,train,BuiJL03M,oaf,maestro,0.7591
Liszt,Gran_Etudes_de_Paganini_2_La_campanella,train,BuiJL03M,T5,maestro,0.7326
Liszt,Gran_Etudes_de_Paganini_2_La_campanella,train,BuiJL03M,T5,disklavier,0.0156
Liszt,Gran_Etudes_de_Paganini_2_La_campanella,train,BuiJL03M,kong,disklavier,0.0163
Liszt,Gran_Etudes_de_Paganini_2_La_campanella,train,BuiJL03M,oaf,disklavier,0.0212
Liszt,Gran_Etudes_de_Paganini_2_La_campanella,train,LeungR04M,T5,maestro,0.7814
Liszt,Gran_Etudes_de_Paganini_2_La_campanella,train,LeungR04M,oaf,maestro,0.7458
Liszt,Gran_Etudes_de_Paganini_2_La_campanella,train,LeungR04M,kong,maestro,0.7916
Liszt,Gran_Etudes_de_Paganini_2_La_campanella,train,LeungR04M,T5,disklavier,0.03
Liszt,Gran_Etudes_de_Paganini_2_La_campanella,train,LeungR04M,oaf,disklavier,0.0404
Liszt,Gran_Etudes_de_Paganini_2_La_campanella,train,LeungR04M,kong,disklavier,0.0314
Liszt,Gran_Etudes_de_Paganini_2_La_campanella,train,Levitsky06M,oaf,maestro,0.6635
Liszt,Gran_Etudes_de_Paganini_2_La_campanella,train,Levitsky06M,T5,maestro,0.617
Liszt,Gran_Etudes_de_Paganini_2_La_campanella,train,Levitsky06M,kong,maestro,0.6274
Liszt,Gran_Etudes_de_Paganini_2_La_campanella,train,Levitsky06M,oaf,disklavier,0.0315
Liszt,Gran_Etudes_de_Paganini_2_La_campanella,train,Levitsky06M,kong,disklavier,0.0386
Liszt,Gran_Etudes_de_Paganini_2_La_campanella,train,Levitsky06M,T5,disklavier,0.0396
Liszt,Gran_Etudes_de_Paganini_2_La_campanella,train,Lin07M,kong,maestro,0.7818
Liszt,Gran_Etudes_de_Paganini_2_La_campanella,train,Lin07M,T5,maestro,0.8483
Liszt,Gran_Etudes_de_Paganini_2_La_campanella,train,Lin07M,oaf,maestro,0.8358
Liszt,Gran_Etudes_de_Paganini_2_La_campanella,train,Lin07M,kong,disklavier,0.0637
Liszt,Gran_Etudes_de_Paganini_2_La_campanella,train,Lin07M,T5,disklavier,0.0649
Liszt,Gran_Etudes_de_Paganini_2_La_campanella,train,Lin07M,oaf,disklavier,0.0691
Liszt,Gran_Etudes_de_Paganini_2_La_campanella,train,LiuC05M,T5,maestro,0.8455
Liszt,Gran_Etudes_de_Paganini_2_La_campanella,train,LiuC05M,kong,maestro,0.8832
Liszt,Gran_Etudes_de_Paganini_2_La_campanella,train,LiuC05M,oaf,maestro,0.8796
Liszt,Gran_Etudes_de_Paganini_2_La_campanella,train,LiuC05M,T5,disklavier,0.0406
Liszt,Gran_Etudes_de_Paganini_2_La_campanella,train,LiuC05M,oaf,disklavier,0.0475
Liszt,Gran_Etudes_de_Paganini_2_La_campanella,train,LiuC05M,kong,disklavier,0.0441
Liszt,Gran_Etudes_de_Paganini_2_La_campanella,train,LiuY03M,T5,maestro,0.7663
Liszt,Gran_Etudes_de_Paganini_2_La_campanella,train,LiuY03M,oaf,maestro,0.7452
Liszt,Gran_Etudes_de_Paganini_2_La_campanella,train,LiuY03M,kong,maestro,0.7739
Liszt,Gran_Etudes_de_Paganini_2_La_campanella,train,LiuY03M,T5,disklavier,0.0226
Liszt,Gran_Etudes_de_Paganini_2_La_campanella,train,LiuY03M,oaf,disklavier,0.0216
Liszt,Gran_Etudes_de_Paganini_2_La_campanella,train,LiuY03M,kong,disklavier,0.0215
Liszt,Gran_Etudes_de_Paganini_2_La_campanella,train,MunA08M,T5,maestro,0.7499
Liszt,Gran_Etudes_de_Paganini_2_La_campanella,train,MunA08M,kong,maestro,0.7601
Liszt,Gran_Etudes_de_Paganini_2_La_campanella,train,MunA08M,oaf,maestro,0.756
Liszt,Gran_Etudes_de_Paganini_2_La_campanella,train,MunA08M,kong,disklavier,0.0171
Liszt,Gran_Etudes_de_Paganini_2_La_campanella,train,MunA08M,oaf,disklavier,0.0168
Liszt,Gran_Etudes_de_Paganini_2_La_campanella,train,MunA08M,T5,disklavier,0.0207
Liszt,Gran_Etudes_de_Paganini_2_La_campanella,train,VuV06M,T5,maestro,0.7588
Liszt,Gran_Etudes_de_Paganini_2_La_campanella,train,VuV06M,oaf,maestro,0.6057
Liszt,Gran_Etudes_de_Paganini_2_La_campanella,train,VuV06M,kong,maestro,0.7541
Liszt,Gran_Etudes_de_Paganini_2_La_campanella,train,VuV06M,kong,disklavier,0.0278
Liszt,Gran_Etudes_de_Paganini_2_La_campanella,train,VuV06M,T5,disklavier,0.0153
Liszt,Gran_Etudes_de_Paganini_2_La_campanella,train,VuV06M,oaf,disklavier,0.0268
Liszt,Gran_Etudes_de_Paganini_2_La_campanella,train,Yang05M,T5,maestro,0.1212
Liszt,Gran_Etudes_de_Paganini_2_La_campanella,train,Yang05M,kong,maestro,0.1209
Liszt,Gran_Etudes_de_Paganini_2_La_campanella,train,Yang05M,oaf,maestro,0.1365
Liszt,Gran_Etudes_de_Paganini_2_La_campanella,train,Yang05M,kong,disklavier,0.0671
Liszt,Gran_Etudes_de_Paganini_2_La_campanella,train,Yang05M,oaf,disklavier,0.0218
Liszt,Gran_Etudes_de_Paganini_2_La_campanella,train,Yang05M,T5,disklavier,0.0122
Liszt,Gran_Etudes_de_Paganini_2_La_campanella,train,ZhangH07M,T5,maestro,0.8165
Liszt,Gran_Etudes_de_Paganini_2_La_campanella,train,ZhangH07M,kong,maestro,0.8224
Liszt,Gran_Etudes_de_Paganini_2_La_campanella,train,ZhangH07M,oaf,maestro,0.687
Liszt,Gran_Etudes_de_Paganini_2_La_campanella,train,ZhangH07M,kong,disklavier,0.0354
Liszt,Gran_Etudes_de_Paganini_2_La_campanella,train,ZhangH07M,T5,disklavier,0.0318
Liszt,Gran_Etudes_de_Paganini_2_La_campanella,train,ZhangH07M,oaf,disklavier,0.0348
Mozart,Piano_Sonatas_12-1,train,MunA03M,T5,maestro,0.6854
Mozart,Piano_Sonatas_12-1,train,MunA03M,oaf,maestro,0.7212
Mozart,Piano_Sonatas_12-1,train,MunA03M,kong,maestro,0.7194
Mozart,Piano_Sonatas_12-1,train,MunA03M,oaf,disklavier,0.0394
Mozart,Piano_Sonatas_12-1,train,MunA03M,kong,disklavier,0.0303
Mozart,Piano_Sonatas_12-1,train,MunA03M,T5,disklavier,0.0362
Mozart,Piano_Sonatas_12-1,train,WuuE02M,T5,maestro,0.5538
Mozart,Piano_Sonatas_12-1,train,WuuE02M,oaf,maestro,0.6384
Mozart,Piano_Sonatas_12-1,train,WuuE02M,kong,maestro,0.6241
Mozart,Piano_Sonatas_12-1,train,WuuE02M,T5,disklavier,0.0201
Mozart,Piano_Sonatas_12-1,train,WuuE02M,kong,disklavier,0.0201
Mozart,Piano_Sonatas_12-1,train,WuuE02M,oaf,disklavier,0.0283
Rachmaninoff,Preludes_op_23_4,train,ChenGuang12M,oaf,maestro,0.5253
Rachmaninoff,Preludes_op_23_4,train,ChenGuang12M,kong,maestro,0.5235
Rachmaninoff,Preludes_op_23_4,train,ChenGuang12M,T5,maestro,0.4943
Rachmaninoff,Preludes_op_23_4,train,ChenGuang12M,T5,disklavier,0.0251
Rachmaninoff,Preludes_op_23_4,train,ChenGuang12M,kong,disklavier,0.0489
Rachmaninoff,Preludes_op_23_4,train,ChenGuang12M,oaf,disklavier,0.0327
Rachmaninoff,Preludes_op_23_4,train,WuuE07M,kong,maestro,0.6843
Rachmaninoff,Preludes_op_23_4,train,WuuE07M,oaf,maestro,0.6829
Rachmaninoff,Preludes_op_23_4,train,WuuE07M,T5,maestro,0.658
Rachmaninoff,Preludes_op_23_4,train,WuuE07M,kong,disklavier,0.0071
Rachmaninoff,Preludes_op_23_4,train,WuuE07M,oaf,disklavier,0.0089
Rachmaninoff,Preludes_op_23_4,train,WuuE07M,T5,disklavier,0.0068
Schubert,Impromptu_op.90_D.899_3,train,Hou06M,oaf,maestro,0.768
Schubert,Impromptu_op.90_D.899_3,train,Hou06M,T5,maestro,0.7626
Schubert,Impromptu_op.90_D.899_3,train,Hou06M,kong,maestro,0.7901
Schubert,Impromptu_op.90_D.899_3,train,Hou06M,kong,disklavier,0.0876
Schubert,Impromptu_op.90_D.899_3,train,Hou06M,T5,disklavier,0.0502
Schubert,Impromptu_op.90_D.899_3,train,Hou06M,oaf,disklavier,0.0679
Schubert,Impromptu_op.90_D.899_3,train,JeonH06M,T5,maestro,0.7938
Schubert,Impromptu_op.90_D.899_3,train,JeonH06M,kong,maestro,0.8048
Schubert,Impromptu_op.90_D.899_3,train,JeonH06M,oaf,maestro,0.8246
Schubert,Impromptu_op.90_D.899_3,train,JeonH06M,T5,disklavier,0.0861
Schubert,Impromptu_op.90_D.899_3,train,JeonH06M,kong,disklavier,0.0892
Schubert,Impromptu_op.90_D.899_3,train,JeonH06M,oaf,disklavier,0.1097
Schubert,Impromptu_op.90_D.899_3,train,Ko08M,kong,maestro,0.7465
Schubert,Impromptu_op.90_D.899_3,train,Ko08M,T5,maestro,0.726
Schubert,Impromptu_op.90_D.899_3,train,Ko08M,oaf,maestro,0.7413
Schubert,Impromptu_op.90_D.899_3,train,Ko08M,kong,disklavier,0.0932
Schubert,Impromptu_op.90_D.899_3,train,Ko08M,T5,disklavier,0.0857
Schubert,Impromptu_op.90_D.899_3,train,Ko08M,oaf,disklavier,0.1017
Schubert,Impromptu_op.90_D.899_3,train,Kociuban10M,T5,maestro,0.7705
Schubert,Impromptu_op.90_D.899_3,train,Kociuban10M,oaf,maestro,0.7777
Schubert,Impromptu_op.90_D.899_3,train,Kociuban10M,kong,maestro,0.7558
Schubert,Impromptu_op.90_D.899_3,train,Kociuban10M,kong,disklavier,0.0841
Schubert,Impromptu_op.90_D.899_3,train,Kociuban10M,T5,disklavier,0.078
Schubert,Impromptu_op.90_D.899_3,train,Kociuban10M,oaf,disklavier,0.1086
Schubert,Impromptu_op.90_D.899_3,train,LEE_K04M,kong,maestro,0.7991
Schubert,Impromptu_op.90_D.899_3,train,LEE_K04M,oaf,maestro,0.8112
Schubert,Impromptu_op.90_D.899_3,train,LEE_K04M,T5,maestro,0.7677
Schubert,Impromptu_op.90_D.899_3,train,LEE_K04M,kong,disklavier,0.0976
Schubert,Impromptu_op.90_D.899_3,train,LEE_K04M,T5,disklavier,0.0936
Schubert,Impromptu_op.90_D.899_3,train,LEE_K04M,oaf,disklavier,0.1231
Schubert,Impromptu_op.90_D.899_3,train,LeeSH08M,T5,maestro,0.7522
Schubert,Impromptu_op.90_D.899_3,train,LeeSH08M,kong,maestro,0.7576
Schubert,Impromptu_op.90_D.899_3,train,LeeSH08M,oaf,maestro,0.7528
Schubert,Impromptu_op.90_D.899_3,train,LeeSH08M,oaf,disklavier,0.0958
Schubert,Impromptu_op.90_D.899_3,train,LeeSH08M,kong,disklavier,0.0847
Schubert,Impromptu_op.90_D.899_3,train,LeeSH08M,T5,disklavier,0.0172
Schubert,Impromptu_op.90_D.899_3,train,Mizumoto07M,T5,maestro,0.705
Schubert,Impromptu_op.90_D.899_3,train,Mizumoto07M,oaf,maestro,0.7309
Schubert,Impromptu_op.90_D.899_3,train,Mizumoto07M,kong,maestro,0.7374
Schubert,Impromptu_op.90_D.899_3,train,Mizumoto07M,T5,disklavier,0.0368
Schubert,Impromptu_op.90_D.899_3,train,Mizumoto07M,kong,disklavier,0.0354
Schubert,Impromptu_op.90_D.899_3,train,Mizumoto07M,oaf,disklavier,0.0462
Schubert,Impromptu_op.90_D.899_3,train,Woo10M,oaf,maestro,0.7088
Schubert,Impromptu_op.90_D.899_3,train,Woo10M,T5,maestro,0.7057
Schubert,Impromptu_op.90_D.899_3,train,Woo10M,kong,maestro,0.7485
Schubert,Impromptu_op.90_D.899_3,train,Woo10M,kong,disklavier,0.0602
Schubert,Impromptu_op.90_D.899_3,train,Woo10M,oaf,disklavier,0.0989
Schubert,Impromptu_op.90_D.899_3,train,Woo10M,T5,disklavier,0.0735
Schubert,Impromptu_op.90_D.899_3,train,WuuE10M,oaf,maestro,0.7684
Schubert,Impromptu_op.90_D.899_3,train,WuuE10M,kong,maestro,0.7677
Schubert,Impromptu_op.90_D.899_3,train,WuuE10M,T5,maestro,0.7295
Schubert,Impromptu_op.90_D.899_3,train,WuuE10M,T5,disklavier,0.0464
Schubert,Impromptu_op.90_D.899_3,train,WuuE10M,kong,disklavier,0.0437
Schubert,Impromptu_op.90_D.899_3,train,WuuE10M,oaf,disklavier,0.0467
Schubert,Impromptu_op.90_D.899_3,train,ZhangW07M,T5,maestro,0.7124
Schubert,Impromptu_op.90_D.899_3,train,ZhangW07M,oaf,maestro,0.7583
Schubert,Impromptu_op.90_D.899_3,train,ZhangW07M,kong,maestro,0.7504
Schubert,Impromptu_op.90_D.899_3,train,ZhangW07M,kong,disklavier,0.0485
Schubert,Impromptu_op.90_D.899_3,train,ZhangW07M,oaf,disklavier,0.0947
Schubert,Impromptu_op.90_D.899_3,train,ZhangW07M,T5,disklavier,0.0692
Schubert,Impromptu_op.90_D.899_3,train,ZhaoK10M,kong,maestro,0.7938
Schubert,Impromptu_op.90_D.899_3,train,ZhaoK10M,oaf,maestro,0.7717
Schubert,Impromptu_op.90_D.899_3,train,ZhaoK10M,T5,maestro,0.7646
Schubert,Impromptu_op.90_D.899_3,train,ZhaoK10M,oaf,disklavier,0.208
Schubert,Impromptu_op.90_D.899_3,train,ZhaoK10M,kong,disklavier,0.1509
Schubert,Impromptu_op.90_D.899_3,train,ZhaoK10M,T5,disklavier,0.1569
Scriabin,Sonatas_5,train,FaB05M,oaf,maestro,0.3709
Scriabin,Sonatas_5,train,FaB05M,T5,maestro,0.3899
Scriabin,Sonatas_5,train,FaB05M,kong,maestro,0.2158
Scriabin,Sonatas_5,train,FaB05M,kong,disklavier,0.016
Scriabin,Sonatas_5,train,FaB05M,T5,disklavier,0.0118
Scriabin,Sonatas_5,train,FaB05M,oaf,disklavier,0.0327
Scriabin,Sonatas_5,train,GarritsonL06M,oaf,maestro,0.4354
Scriabin,Sonatas_5,train,GarritsonL06M,kong,maestro,0.2668
Scriabin,Sonatas_5,train,GarritsonL06M,T5,maestro,0.4177
Scriabin,Sonatas_5,train,GarritsonL06M,oaf,disklavier,0.0379
Scriabin,Sonatas_5,train,GarritsonL06M,kong,disklavier,0.0256
Scriabin,Sonatas_5,train,GarritsonL06M,T5,disklavier,0.0216
Scriabin,Sonatas_5,train,Ko07M,oaf,maestro,0.2484
Scriabin,Sonatas_5,train,Ko07M,T5,maestro,0.5058
Scriabin,Sonatas_5,train,Ko07M,kong,maestro,0.3223
Scriabin,Sonatas_5,train,Ko07M,kong,disklavier,0.0162
Scriabin,Sonatas_5,train,Ko07M,T5,disklavier,0.0149
Scriabin,Sonatas_5,train,Ko07M,oaf,disklavier,0.0188
Scriabin,Sonatas_5,train,Na07M,kong,maestro,0.4817
Scriabin,Sonatas_5,train,Na07M,T5,maestro,0.5143
Scriabin,Sonatas_5,train,Na07M,oaf,maestro,0.5053
Scriabin,Sonatas_5,train,Na07M,oaf,disklavier,0.0418
Scriabin,Sonatas_5,train,Na07M,T5,disklavier,0.0248
Scriabin,Sonatas_5,train,Na07M,kong,disklavier,0.0321
Scriabin,Sonatas_5,train,Yeletskiy07M,T5,maestro,0.4975
Scriabin,Sonatas_5,train,Yeletskiy07M,kong,maestro,0.4771
Scriabin,Sonatas_5,train,Yeletskiy07M,oaf,maestro,0.4693
Scriabin,Sonatas_5,train,Yeletskiy07M,oaf,disklavier,0.0126
Scriabin,Sonatas_5,train,Yeletskiy07M,kong,disklavier,0.0179
Scriabin,Sonatas_5,train,Yeletskiy07M,T5,disklavier,0.0118
Beethoven,Piano_Sonatas_11-1,validation,LiC03M,kong,maestro,0.6501
Beethoven,Piano_Sonatas_11-1,validation,LiC03M,T5,maestro,0.5053
Beethoven,Piano_Sonatas_11-1,validation,LiC03M,oaf,maestro,0.7336
Beethoven,Piano_Sonatas_11-1,validation,LiC03M,kong,disklavier,0.0088
Beethoven,Piano_Sonatas_11-1,validation,LiC03M,oaf,disklavier,0.0115
Beethoven,Piano_Sonatas_11-1,validation,LiC03M,T5,disklavier,0.0091
Beethoven,Piano_Sonatas_11-1,validation,LiYZ03M,T5,maestro,0.4914
Beethoven,Piano_Sonatas_11-1,validation,LiYZ03M,oaf,maestro,0.6791
Beethoven,Piano_Sonatas_11-1,validation,LiYZ03M,kong,maestro,0.5987
Beethoven,Piano_Sonatas_11-1,validation,LiYZ03M,T5,disklavier,0.0113
Beethoven,Piano_Sonatas_11-1,validation,LiYZ03M,kong,disklavier,0.0118
Beethoven,Piano_Sonatas_11-1,validation,LiYZ03M,oaf,disklavier,0.0172
Beethoven,Piano_Sonatas_11-1,validation,MaximovI02M,kong,maestro,0.5699
Beethoven,Piano_Sonatas_11-1,validation,MaximovI02M,T5,maestro,0.6018
Beethoven,Piano_Sonatas_11-1,validation,MaximovI02M,oaf,maestro,0.6947
Beethoven,Piano_Sonatas_11-1,validation,MaximovI02M,oaf,disklavier,0.0108
Beethoven,Piano_Sonatas_11-1,validation,MaximovI02M,T5,disklavier,0.0087
Beethoven,Piano_Sonatas_11-1,validation,MaximovI02M,kong,disklavier,0.0085
Beethoven,Piano_Sonatas_11-1,validation,ZhaoK02M,T5,maestro,0.5892
Beethoven,Piano_Sonatas_11-1,validation,ZhaoK02M,kong,maestro,0.6149
Beethoven,Piano_Sonatas_11-1,validation,ZhaoK02M,oaf,maestro,0.6917
Beethoven,Piano_Sonatas_11-1,validation,ZhaoK02M,kong,disklavier,0.003
Beethoven,Piano_Sonatas_11-1,validation,ZhaoK02M,T5,disklavier,0.0028
Beethoven,Piano_Sonatas_11-1,validation,ZhaoK02M,oaf,disklavier,0.0086
Beethoven,Piano_Sonatas_27-1,validation,GiacomelliN04M,T5,maestro,0.4333
Beethoven,Piano_Sonatas_27-1,validation,GiacomelliN04M,oaf,maestro,0.4989
Beethoven,Piano_Sonatas_27-1,validation,GiacomelliN04M,kong,maestro,0.4677
Beethoven,Piano_Sonatas_27-1,validation,GiacomelliN04M,T5,disklavier,0.0074
Beethoven,Piano_Sonatas_27-1,validation,GiacomelliN04M,kong,disklavier,0.0115
Beethoven,Piano_Sonatas_27-1,validation,GiacomelliN04M,oaf,disklavier,0.0142
Beethoven,Piano_Sonatas_27-1,validation,Ko05M,kong,maestro,0.568
Beethoven,Piano_Sonatas_27-1,validation,Ko05M,T5,maestro,0.3765
Beethoven,Piano_Sonatas_27-1,validation,Ko05M,oaf,maestro,0.5874
Beethoven,Piano_Sonatas_27-1,validation,Ko05M,oaf,disklavier,0.0152
Beethoven,Piano_Sonatas_27-1,validation,Ko05M,kong,disklavier,0.01
Beethoven,Piano_Sonatas_27-1,validation,Ko05M,T5,disklavier,0.0074
Beethoven,Piano_Sonatas_27-1,validation,MiyashitaM02M,kong,maestro,0.6868
Beethoven,Piano_Sonatas_27-1,validation,MiyashitaM02M,T5,maestro,0.6711
Beethoven,Piano_Sonatas_27-1,validation,MiyashitaM02M,oaf,maestro,0.7196
Beethoven,Piano_Sonatas_27-1,validation,MiyashitaM02M,oaf,disklavier,0.0216
Beethoven,Piano_Sonatas_27-1,validation,MiyashitaM02M,T5,disklavier,0.009
Beethoven,Piano_Sonatas_27-1,validation,MiyashitaM02M,kong,disklavier,0.0113
Chopin,Scherzos_20,validation,Kurz04M,kong,maestro,0.6494
Chopin,Scherzos_20,validation,Kurz04M,oaf,maestro,0.6261
Chopin,Scherzos_20,validation,Kurz04M,T5,maestro,0.5513
Chopin,Scherzos_20,validation,Kurz04M,oaf,disklavier,0.0513
Chopin,Scherzos_20,validation,Kurz04M,kong,disklavier,0.0539
Chopin,Scherzos_20,validation,Kurz04M,T5,disklavier,0.0513
Chopin,Scherzos_20,validation,ZhangYunling04M,oaf,maestro,0.5499
Chopin,Scherzos_20,validation,ZhangYunling04M,T5,maestro,0.5306
Chopin,Scherzos_20,validation,ZhangYunling04M,kong,maestro,0.4754
Chopin,Scherzos_20,validation,ZhangYunling04M,oaf,disklavier,0.0334
Chopin,Scherzos_20,validation,ZhangYunling04M,T5,disklavier,0.0254
Chopin,Scherzos_20,validation,ZhangYunling04M,kong,disklavier,0.034
Haydn,Keyboard_Sonatas_39-1,validation,Yarden07M,kong,maestro,0.5801
Haydn,Keyboard_Sonatas_39-1,validation,Yarden07M,oaf,maestro,0.6565
Haydn,Keyboard_Sonatas_39-1,validation,Yarden07M,T5,maestro,0.5398
Haydn,Keyboard_Sonatas_39-1,validation,Yarden07M,T5,disklavier,0.0068
Haydn,Keyboard_Sonatas_39-1,validation,Yarden07M,oaf,disklavier,0.0087
Haydn,Keyboard_Sonatas_39-1,validation,Yarden07M,kong,disklavier,0.0068
Haydn,Keyboard_Sonatas_39-3,validation,Yarden07M,kong,maestro,0.6661
Haydn,Keyboard_Sonatas_39-3,validation,Yarden07M,oaf,maestro,0.6853
Haydn,Keyboard_Sonatas_39-3,validation,Yarden07M,T5,maestro,0.5829
Haydn,Keyboard_Sonatas_39-3,validation,Yarden07M,T5,disklavier,0.0131
Haydn,Keyboard_Sonatas_39-3,validation,Yarden07M,oaf,disklavier,0.0202
Haydn,Keyboard_Sonatas_39-3,validation,Yarden07M,kong,disklavier,0.0144
